1	-155.09618500600	19.87711462840	0
1	-155.07210596500	19.72458552580	1
1	-154.97576307800	19.74064344190	2
1	-154.97576247500	19.65233536320	3
1	-154.79109601900	19.53996041070	4
1	-154.81518746100	19.45967642080	5
1	-154.92758182500	19.41951864850	6
1	-155.01588170700	19.33121153550	7
1	-155.15237213700	19.26699196380	8
1	-155.30489903900	19.23487839870	9
1	-155.52167871300	19.12248454670	10
1	-155.53772978100	19.04221063240	11
1	-155.66619232100	18.92178634510	12
1	-155.77858583400	19.01009268800	13
1	-155.85886150000	19.01010091030	14
1	-155.90703102000	19.13051329750	15
1	-155.87492704300	19.37135860840	16
1	-155.94717832700	19.48375020630	17
1	-155.97125861100	19.62825271140	18
1	-156.04352465600	19.78078325180	19
1	-155.97930094300	19.82092252790	20
1	-155.88295869900	19.93331197810	21
1	-155.82676172000	20.00556289650	22
1	-155.83478665900	20.06175742530	23
1	-155.89097883100	20.17414905060	24
1	-155.85885794600	20.27047952420	25
1	-155.73844208500	20.20625677000	26
1	-155.56182595300	20.13400696800	27
1	-155.20055021200	19.99752881840	28
1	-155.09618500600	19.87711462840	29
1	-156.88648717800	20.73604940920	30
1	-156.96676559900	20.72802073160	31
1	-156.99086346600	20.79223715150	32
1	-156.98282632300	20.83237762680	33
1	-157.05509821200	20.88053842590	34
1	-157.03905067100	20.92870697240	35
1	-156.91058584500	20.92871861770	36
1	-156.80620534200	20.84041861220	37
1	-156.81422569800	20.79225271730	38
1	-156.88648717800	20.73604940920	39
1	-156.52519164600	20.98487016380	40
1	-156.47702205300	20.89656513910	41
1	-156.35660350300	20.94472636100	42
1	-156.26026336300	20.92867126870	43
1	-156.01139245300	20.80022532160	44
1	-155.98731705300	20.75206163170	45
1	-156.04351154300	20.65573260000	46
1	-156.13180890400	20.62362291870	47
1	-156.19604541200	20.63164940740	48
1	-156.27631740700	20.58348386090	49
1	-156.39673494300	20.56742698150	50
1	-156.43687923100	20.62362121730	51
1	-156.46097189300	20.72798108730	52
1	-156.49307474000	20.79220428150	53
1	-156.52519357200	20.77614965750	54
1	-156.63758660400	20.80826091200	55
1	-156.69378263400	20.91262401010	56
1	-156.65363600700	21.01698504960	57
1	-156.59743962000	21.04106470540	58
1	-156.52519164600	20.98487016380	59
1	-157.16747148800	21.19364045630	60
1	-157.00690374200	21.18561063800	61
1	-156.95873348800	21.20969351340	62
1	-156.94268251300	21.16152686710	63
1	-156.71787267700	21.13741976080	64
1	-156.76604819800	21.06517681770	65
1	-156.88648410000	21.04913411710	66
1	-157.07113192800	21.10533095690	67
1	-157.28789752300	21.08125057180	68
1	-157.30394879700	21.13744843270	69
1	-157.24774750600	21.16153045150	70
1	-157.23169415800	21.23377632310	71
1	-157.16747148800	21.19364045630	72
1	-157.91417974100	21.63520848060	73
1	-157.84995902600	21.50675880300	74
1	-157.80981512000	21.43450515890	75
1	-157.76164294900	21.45858756750	76
1	-157.71347276800	21.38633516820	77
1	-157.67332987600	21.29802718040	78
1	-157.68137111800	21.27394281020	79
1	-157.72150164700	21.28197117060	80
1	-157.82587169300	21.24986366880	81
1	-157.89813453500	21.33014429230	82
1	-157.94630640300	21.30606101070	83
1	-158.09883301200	21.29000797730	84
1	-158.13095111500	21.35423228630	85
1	-158.23531872600	21.47465258120	86
1	-158.24334277500	21.53887897580	87
1	-158.26743180900	21.58704252010	88
1	-158.11489407200	21.57901662170	89
1	-158.04262624800	21.67535056810	90
1	-157.98642811200	21.69943285940	91
1	-157.91417974100	21.63520848060	92
1	-160.17013768700	21.86759636860	93
1	-160.20225967300	21.79530864980	94
1	-160.24240615900	21.80328044090	95
1	-160.22633646800	21.89159196210	96
1	-160.12196243400	21.96397872350	97
1	-160.07380355600	22.00417730780	98
1	-160.04970969600	21.98816410690	99
1	-160.08985838800	21.91586985940	100
1	-160.17013768700	21.86759636860	101
1	-159.33517473400	21.94834334040	102
1	-159.43954518900	21.86807168360	103
1	-159.57602128600	21.88413613130	104
1	-159.64024697400	21.94836576960	105
1	-159.73659265300	21.96442031110	106
1	-159.80081422400	22.03666659680	107
1	-159.71250593300	22.14905925160	108
1	-159.57601258900	22.21317963830	109
1	-159.39136688600	22.22911986680	110
1	-159.34319582800	22.19701662850	111
1	-159.29502559000	22.12481249500	112
1	-159.32713034900	22.04463955070	113
1	-159.33517473400	21.94834334040	114
49	-80.35566527310	25.15823359960	115
49	-80.58781972200	24.95637639980	116
49	-80.35306368160	25.21153215990	117
49	-80.33029699150	25.26798153510	118
49	-80.36160113800	25.29649925190	119
49	-80.24945367790	25.35493764300	120
49	-80.35566527310	25.15823359960	121
49	-82.06695301800	26.49756437140	122
49	-82.09745608610	26.49394254770	123
49	-82.13570958490	26.64262985560	124
49	-82.18331014520	26.68343236480	125
49	-82.12865183080	26.69369133170	126
49	-82.10194154800	26.58607717900	127
49	-82.06695301800	26.49756437140	128
41	-97.17204837190	26.07807666170	129
41	-97.17958649750	26.07227657360	130
41	-97.20916679720	26.25089393540	131
41	-97.22656261570	26.34890053540	132
41	-97.25150399980	26.41965185310	133
41	-97.26750343480	26.47925109730	134
41	-97.27880322140	26.54030732590	135
41	-97.30138736030	26.60136531340	136
41	-97.35828230320	26.70698505740	137
41	-97.38159189970	26.82071106450	138
41	-97.39557039980	26.92232022680	139
41	-97.40117263720	27.11155407640	140
41	-97.38905033290	27.20197496410	141
41	-97.37879623370	27.20477303300	142
41	-97.38718744570	27.09757179720	143
41	-97.38159323350	26.94935425030	144
41	-97.35828321010	26.80299999860	145
41	-97.29609239790	26.60101247560	146
41	-97.23236128900	26.41849025320	147
41	-97.19524272630	26.25959307800	148
41	-97.17204837190	26.07807666170	149
41	-97.05383193120	27.83077775320	150
41	-97.22398277660	27.57432348200	151
41	-97.35938018580	27.28404052200	152
41	-97.37964318960	27.21077717890	153
41	-97.37635596740	27.28496540480	154
41	-97.33576949170	27.44113826480	155
41	-97.24893903090	27.58144912660	156
41	-97.25894951700	27.65206173890	157
41	-97.20384878990	27.61237911790	158
41	-97.17044769300	27.70777105900	159
41	-97.07556056160	27.81157934100	160
41	-97.11330369710	27.81952117930	161
41	-97.05383193120	27.83077775320	162
41	-96.85406998560	28.04969632260	163
41	-97.04987231160	27.84125811710	164
41	-97.02469562300	27.91468170660	165
41	-96.94965238090	27.98482281750	166
41	-96.97326590370	28.00114898570	167
41	-96.94023027990	28.04622703020	168
41	-96.87268627930	28.13169534850	169
41	-96.83768948070	28.10213280070	170
41	-96.85406998560	28.04969632260	171
41	-96.39813298470	28.34612870870	172
41	-96.83488937230	28.06661568290	173
41	-96.80410430550	28.17245003030	174
41	-96.73916908680	28.18382325740	175
41	-96.53239115520	28.31852853070	176
41	-96.46330511940	28.32611563480	177
41	-96.42280659730	28.39172075650	178
41	-96.39813298470	28.34612870870	179
49	-80.66711056960	28.30184127140	180
49	-80.60557166540	28.14494461730	181
49	-80.72104347930	28.38540101600	182
49	-80.68862382470	28.58176436310	183
49	-80.65379475630	28.60089045990	184
49	-80.60919283670	28.57356652710	185
49	-80.66273054890	28.42741020770	186
49	-80.66711056960	28.30184127140	187
49	-80.72589974840	28.78436599650	188
49	-80.57968919650	28.59015406020	189
49	-80.52594806490	28.46346262890	190
49	-80.58765585610	28.40926019160	191
49	-80.62163023650	28.41265914370	192
49	-80.57744669000	28.54865343770	193
49	-80.59912907120	28.60392282630	194
49	-80.66004313010	28.61865110900	195
49	-80.69188155960	28.58835022480	196
49	-80.78044526850	28.61896061230	197
49	-80.78593025650	28.68771626170	198
49	-80.73499479100	28.70661715880	199
49	-80.75406840170	28.73688388860	200
49	-80.64119767310	28.65734601260	201
49	-80.72589974840	28.78436599650	202
49	-80.86243802970	28.99162567400	203
49	-80.73583342140	28.78884437280	204
49	-80.76333034160	28.82206782540	205
49	-80.81717981010	28.89539059530	206
49	-80.89107938480	29.01339383890	207
49	-80.91628722600	29.07182226980	208
49	-80.89909783080	29.06151133810	209
49	-80.86243802970	28.99162567400	210
48	-90.99895334440	29.32380008780	211
48	-90.93457446120	29.25909423090	212
48	-90.97084581220	29.24209574730	213
48	-90.95362571610	29.27305716320	214
48	-90.98138240920	29.27634858300	215
48	-90.98038260020	29.21995229340	216
48	-90.94498113310	29.22639196770	217
48	-90.96202532970	29.18579944910	218
48	-91.00324045920	29.18431670330	219
48	-90.99456616930	29.22480213370	220
48	-91.04444877300	29.21125860590	221
48	-91.03310393920	29.27562925280	222
48	-91.06768935480	29.25311935160	223
48	-91.05555727470	29.19091572860	224
48	-91.12256166140	29.22708519720	225
48	-91.12751345160	29.29351438840	226
48	-91.00736896390	29.29754411190	227
48	-90.99895334440	29.32380008780	228
41	-94.74860002150	29.31972686150	229
41	-95.10562163020	29.09720068990	230
41	-94.91362826220	29.25781003990	231
41	-94.76757511950	29.34268674600	232
41	-94.74860002150	29.31972686150	233
48	-91.22655371360	29.38139950470	234
48	-91.18927563760	29.29761149230	235
48	-91.16156452370	29.32372049550	236
48	-91.17122390640	29.28367666050	237
48	-91.18802444380	29.28475816110	238
48	-91.20046067890	29.30798536090	239
48	-91.19505906710	29.27367293060	240
48	-91.15259233130	29.26653373720	241
48	-91.16366300600	29.24526738540	242
48	-91.13469314490	29.25992486050	243
48	-91.12830680780	29.22699937910	244
48	-91.27616254230	29.25402793050	245
48	-91.34131892630	29.34191089380	246
48	-91.30049299550	29.31645785260	247
48	-91.22655371360	29.38139950470	248
48	-91.75811292550	29.49451348010	249
48	-91.84908883280	29.48708295600	250
48	-92.01636774780	29.59647836380	251
48	-91.90254893960	29.65093089470	252
48	-91.76984724370	29.57861548280	253
48	-91.70161595100	29.57726680670	254
48	-91.76496427080	29.53425382570	255
48	-91.75811292550	29.49451348010	256
48	-89.57388398510	30.19493531190	257
48	-89.72856048210	30.18101290010	258
48	-89.75921705650	30.23109294130	259
48	-89.94353654310	30.26985349120	260
48	-90.07556112940	30.36897875650	261
48	-90.23975101600	30.38095090830	262
48	-90.30902717710	30.30384607330	263
48	-90.42453056070	30.18587721690	264
48	-90.39556746390	30.09208005410	265
48	-90.27598037050	30.06205340350	266
48	-90.11154650530	30.04161033200	267
48	-89.99054839440	30.05366400620	268
48	-89.89122587950	30.15609141760	269
48	-89.79826483530	30.10537142590	270
48	-89.74008874270	30.15892815370	271
48	-89.72492822610	30.12109497960	272
48	-89.66920137540	30.16338217950	273
48	-89.64939435840	30.12242679650	274
48	-89.71684018320	30.05522630650	275
48	-89.84896335710	30.01068551310	276
48	-89.82084822210	29.95129054240	277
48	-89.71501660940	29.96940372010	278
48	-89.71220220880	29.89752777120	279
48	-89.62741431070	29.87567954940	280
48	-89.58586286630	29.89815698700	281
48	-89.57437833180	30.00896000240	282
48	-89.43585410140	30.04440559700	283
48	-89.45362360440	29.98573299610	284
48	-89.37779291040	29.95128628600	285
48	-89.43104835840	29.94027760710	286
48	-89.40220249250	29.84594518990	287
48	-89.42115505310	29.82809854160	288
48	-89.36403972370	29.79677419780	289
48	-89.41742509070	29.78293700180	290
48	-89.48223840040	29.83094853340	291
48	-89.54050000030	29.75473087190	292
48	-89.65058726850	29.76690096250	293
48	-89.59287764650	29.71086388980	294
48	-89.61183735590	29.69774771550	295
48	-89.51194306440	29.66461478420	296
48	-89.47918910470	29.63617100610	297
48	-89.59795177970	29.66515763610	298
48	-89.67670424610	29.70296125770	299
48	-89.69532824380	29.69407925700	300
48	-89.63526105820	29.62653167400	301
48	-89.72831939610	29.64617613440	302
48	-89.74854567340	29.63737806170	303
48	-89.72320813130	29.60602753760	304
48	-89.77177826660	29.61024684530	305
48	-89.54462966680	29.47168530080	306
48	-89.53707638100	29.40145331660	307
48	-89.38452191920	29.39793851440	308
48	-89.33705849740	29.34089333000	309
48	-89.26477565690	29.35066364490	310
48	-89.26255595190	29.29780929840	311
48	-89.19340037830	29.34904778600	312
48	-89.12993769650	29.29088734000	313
48	-89.12022550260	29.21188431390	314
48	-89.03326302690	29.22341357330	315
48	-89.09827479280	29.16344315820	316
48	-89.02180295400	29.14711837320	317
48	-89.05775344150	29.08527875110	318
48	-89.12654240580	29.13530902590	319
48	-89.11140493930	29.08301707990	320
48	-89.15402386270	29.05721764000	321
48	-89.14439504640	29.01667839270	322
48	-89.24116218790	29.12116911990	323
48	-89.25749660040	29.05946339240	324
48	-89.39489239710	28.93965567190	325
48	-89.26328803260	29.14821257210	326
48	-89.31909050910	29.18018864360	327
48	-89.33973475490	29.10449559590	328
48	-89.38866232000	29.10037877110	329
48	-89.39313415750	29.14626534900	330
48	-89.46707349610	29.21632120370	331
48	-89.45911683800	29.25573623160	332
48	-89.49319762240	29.23499516890	333
48	-89.61959210380	29.27957490790	334
48	-89.61071851100	29.33175813330	335
48	-89.79494466580	29.32254017260	336
48	-89.75370657430	29.37428830570	337
48	-89.82174657050	29.42091229700	338
48	-89.81752704530	29.47762530950	339
48	-89.96673869710	29.47267826430	340
48	-89.97192676200	29.50354175290	341
48	-90.00669479610	29.49393678390	342
48	-90.11308130870	29.55384881500	343
48	-90.13729008010	29.53381090310	344
48	-90.15179361190	29.59530767580	345
48	-90.20814595330	29.54473034290	346
48	-90.17413347980	29.49594180830	347
48	-90.03608391700	29.44715726390	348
48	-90.05532571470	29.42828293420	349
48	-90.02994209080	29.37420802130	350
48	-90.05594370870	29.35143135780	351
48	-90.03300154140	29.30887259430	352
48	-90.11163968340	29.32172544000	353
48	-90.07787873040	29.21457452510	354
48	-90.04311067090	29.22367636770	355
48	-90.07780238550	29.17644194170	356
48	-90.22776265020	29.09867417520	357
48	-90.26395722130	29.18464967690	358
48	-90.24291442080	29.25474124590	359
48	-90.27881935960	29.27515872790	360
48	-90.28409912810	29.24553476150	361
48	-90.34764606580	29.31295162720	362
48	-90.39642997500	29.27234759440	363
48	-90.40682895560	29.32599177520	364
48	-90.45051602080	29.35244197080	365
48	-90.47647218530	29.30394180240	366
48	-90.61109518670	29.30503592940	367
48	-90.58313305890	29.26092839020	368
48	-90.62126559750	29.22296563850	369
48	-90.65005129050	29.25429256090	370
48	-90.63811998540	29.16257154770	371
48	-90.68385856630	29.18192082810	372
48	-90.67679427560	29.14027739600	373
48	-90.78289823830	29.12694313470	374
48	-90.77268943030	29.16062563400	375
48	-90.83937946260	29.18234035230	376
48	-90.88263928860	29.13741202500	377
48	-90.92041344890	29.18190951840	378
48	-90.81429299900	29.22100682330	379
48	-90.81855013450	29.25680231870	380
48	-90.89734933840	29.26766452470	381
48	-90.93652761480	29.34351696990	382
48	-91.07838568590	29.36001815530	383
48	-91.10219046720	29.31413418110	384
48	-91.21373572850	29.40592358750	385
48	-91.26272515550	29.48958761710	386
48	-91.43302486060	29.55258188030	387
48	-91.54786531630	29.53168594820	388
48	-91.54849047300	29.64212942150	389
48	-91.64354727200	29.64396452530	390
48	-91.61576780430	29.76913806080	391
48	-91.86325627230	29.72583954440	392
48	-91.88117798810	29.76595579720	393
48	-91.84663100910	29.80839703230	394
48	-91.82393314290	29.78689203930	395
48	-91.82750348020	29.83904163460	396
48	-91.96708656400	29.84188805320	397
48	-91.97332778040	29.80605738450	398
48	-92.13715124530	29.73074160300	399
48	-92.13010119690	29.77352598550	400
48	-92.19969864010	29.76312052490	401
48	-92.05975722160	29.60701483200	402
48	-92.29737403030	29.54157150410	403
48	-92.60742549360	29.58862651650	404
48	-93.23365728950	29.78899343640	405
48	-93.72199168720	29.75879360450	406
48	-93.80182075720	29.72586517150	407
48	-93.89990186350	29.80998136960	408
48	-93.79145433070	29.85052011120	409
48	-93.76036751580	30.00617640310	410
49	-86.53475636740	30.40679139350	411
49	-86.52277029430	30.40114773640	412
49	-86.53264296830	30.39338878140	413
49	-86.73864164400	30.40255816960	414
49	-86.79296453360	30.39056494460	415
49	-86.83458416380	30.38703827760	416
49	-87.24234860320	30.32143184780	417
49	-87.26704582440	30.32143187980	418
49	-87.29032410510	30.33271937930	419
49	-87.28608968860	30.33977258450	420
49	-87.20214070010	30.33483458300	421
49	-87.13934916730	30.35176588490	422
49	-87.04764138240	30.36940104490	423
49	-86.92912289600	30.38139441180	424
49	-86.83388226690	30.39973519460	425
49	-86.79155307230	30.40396946480	426
49	-86.62082566940	30.41455181760	427
49	-86.53475636740	30.40679139350	428
44	-88.40141515370	30.39355178040	429
44	-88.39922495190	30.35288593130	430
44	-88.46423729490	30.32607646880	431
44	-88.57776076830	30.38074985140	432
44	-88.68326442820	30.34232283240	433
44	-88.87378628130	30.43027662650	434
44	-88.93022291070	30.41680113520	435
44	-88.88572646450	30.39828887820	436
44	-89.27612134780	30.31484072740	437
44	-89.27352821830	30.37238627040	438
44	-89.33504658240	30.38042325200	439
44	-89.35753104600	30.36528473420	440
44	-89.31854253390	30.31885337080	441
44	-89.41561418110	30.25648523300	442
44	-89.43812131990	30.20096705320	443
44	-89.57388398510	30.19493531190	444
49	-81.52859548780	30.72145265280	445
49	-81.49878425940	30.59860535690	446
49	-81.51811745980	30.55621285210	447
49	-81.45752874620	30.45476425530	448
49	-81.48079830410	30.38054041320	449
49	-81.44325998800	30.35718737170	450
49	-81.43276766350	30.24678175910	451
49	-81.30275787450	29.91305201570	452
49	-81.31648988370	29.82924028820	453
49	-81.24378447320	29.73794312670	454
49	-81.23376583330	29.66902389320	455
49	-81.10988029540	29.43023926040	456
49	-81.09705457070	29.35179931740	457
49	-80.78566240860	28.78519404040	458
49	-80.76241522500	28.73633464410	459
49	-80.83210393890	28.78618611650	460
49	-80.85070497070	28.78569986560	461
49	-80.74718986160	28.39899237020	462
49	-80.49224458770	27.87017858160	463
49	-80.50935794680	27.82570871010	464
49	-80.48185321360	27.84572163920	465
49	-80.40137709860	27.70358554230	466
49	-80.35737788120	27.55566224130	467
49	-80.23963820010	27.26464763100	468
49	-80.19009080190	27.18568455070	469
49	-80.22398953710	27.21506603610	470
49	-80.28963484690	27.24133864970	471
49	-80.32679089490	27.24826202900	472
49	-80.29042051260	27.21285338870	473
49	-80.22127330360	27.20284228320	474
49	-80.14796717470	27.10906933240	475
49	-80.09036320190	26.97404367600	476
49	-80.11461011610	26.97383753540	477
49	-80.05091077890	26.79719774160	478
49	-80.08469563780	26.32637757310	479
49	-80.12778085850	25.97753643290	480
49	-80.19309883340	25.76003238040	481
49	-80.30145585060	25.61375174200	482
49	-80.32999121820	25.49001511590	483
49	-80.30197564750	25.40120076320	484
49	-80.41681671340	25.24990278370	485
49	-80.42080711650	25.19221944890	486
49	-80.55187613100	25.21231866660	487
49	-80.69382490850	25.15229902230	488
49	-80.85680115000	25.18563104020	489
49	-80.97587698140	25.13050135950	490
49	-81.11901616920	25.13418878700	491
49	-81.14822996440	25.16469023500	492
49	-81.18378387530	25.26887959160	493
49	-81.14056922500	25.32076503880	494
49	-81.01156066480	25.21442970340	495
49	-80.95102715930	25.20253753640	496
49	-80.91527461020	25.24672534740	497
49	-80.97428163560	25.32245999880	498
49	-81.14332280630	25.39682734430	499
49	-81.25837480290	25.68110005380	500
49	-81.19994716840	25.71042229440	501
49	-81.25620714960	25.80310282260	502
49	-81.53074216620	25.91465834610	503
49	-81.71829277460	25.92358157880	504
49	-81.70569564340	26.00017197080	505
49	-81.79471711670	26.11116241560	506
49	-81.81385858100	26.28446711160	507
49	-81.84935095620	26.33219696020	508
49	-81.86421232190	26.43955398040	509
49	-81.94201876600	26.46756256800	510
49	-81.96811923150	26.51738255410	511
49	-81.92877323330	26.53498084110	512
49	-81.88427674560	26.64298742470	513
49	-81.77391439030	26.71026582840	514
49	-81.89710196720	26.66376716050	515
49	-81.94445196680	26.55071966590	516
49	-82.02147292220	26.52467991140	517
49	-82.08366009170	26.71579068030	518
49	-82.06827088490	26.76697032810	519
49	-82.05176752660	26.86670908330	520
49	-82.09787264730	26.92178552540	521
49	-81.99143998710	26.96305658040	522
49	-81.97919417430	27.03168017580	523
49	-81.99285108910	27.03167641880	524
49	-82.01268824160	26.97655060950	525
49	-82.15320977680	26.93706486850	526
49	-82.25745968190	27.00440895380	527
49	-82.28217932220	27.02455738640	528
49	-82.25758180190	26.99790707120	529
49	-82.17649535470	26.91369327650	530
49	-82.15382870550	26.79012882760	531
49	-82.28984060790	26.84988589640	532
49	-82.35543130790	26.94889604980	533
49	-82.39817177120	26.99851560640	534
49	-82.36866861110	26.94793860660	535
49	-82.34362868980	26.90363273030	536
49	-82.38003666850	26.94729586190	537
49	-82.50692995950	27.23699154350	538
49	-82.53113078370	27.26027726880	539
49	-82.51448335890	27.21045369460	540
49	-82.56995749980	27.27428018580	541
49	-82.53274028030	27.33180187510	542
49	-82.56556230220	27.38668146650	543
49	-82.68592535540	27.47384466020	544
49	-82.63888913330	27.50345925730	545
49	-82.66582904260	27.49358698880	546
49	-82.68170609680	27.52442934490	547
49	-82.48826701130	27.47806704690	548
49	-82.51419970410	27.51198962990	549
49	-82.42717704990	27.52285923700	550
49	-82.57557165720	27.51232478740	551
49	-82.63876709200	27.53663813370	552
49	-82.56960534050	27.55271312360	553
49	-82.55426231190	27.58223962630	554
49	-82.62637673820	27.55519405860	555
49	-82.54004081160	27.60810605660	556
49	-82.55249982930	27.64401408110	557
49	-82.40437956210	27.79162786890	558
49	-82.39881772540	27.90621939260	559
49	-82.46099844700	27.94015523010	560
49	-82.48313171960	27.82194751220	561
49	-82.51059811140	27.83123203980	562
49	-82.53899536360	27.93572809070	563
49	-82.64556524330	28.02884707430	564
49	-82.65068467200	28.00716324860	565
49	-82.69833899970	28.04616892710	566
49	-82.67271887890	28.01051431110	567
49	-82.70066599820	27.97535355900	568
49	-82.64474123280	27.96658394590	569
49	-82.72548499780	27.94056278460	570
49	-82.56426451350	27.87846193770	571
49	-82.62365310410	27.84852704870	572
49	-82.64461913700	27.71572508050	573
49	-82.67832653960	27.70558781830	574
49	-82.79383857260	27.82965394390	575
49	-82.72816288630	27.71777322140	576
49	-82.74100334480	27.68586827760	577
49	-82.84428558710	27.85064132400	578
49	-82.77914408680	28.17302743460	579
49	-82.67347594240	28.42851062830	580
49	-82.63607577320	28.69274891370	581
49	-82.68138067330	28.80838220830	582
49	-82.63651901500	28.81427796350	583
49	-82.63661917690	28.88470794130	584
49	-82.75532223860	29.00866034260	585
49	-82.80215694870	29.15513238380	586
49	-83.03674776740	29.17938775270	587
49	-83.07392872280	29.26565228930	588
49	-83.14220651220	29.29965143180	589
49	-83.10899507350	29.32818284390	590
49	-83.17463281390	29.34367921130	591
49	-83.23432778510	29.43393750530	592
49	-83.38003129990	29.51987476980	593
49	-83.40497386130	29.66960260100	594
49	-83.55044824170	29.73732315530	595
49	-83.65418272250	29.91096182750	596
49	-83.97173832960	30.07748311030	597
49	-84.07462505910	30.09994821420	598
49	-84.14785480140	30.08172495980	599
49	-84.23307130990	30.10811169750	600
49	-84.35392490820	30.06962441970	601
49	-84.36041665140	29.97739073290	602
49	-84.43769009150	29.99179151510	603
49	-84.43310414750	29.95954522930	604
49	-84.33893870220	29.94714151390	605
49	-84.34691113840	29.91016872750	606
49	-84.46453785520	29.92962727320	607
49	-84.85803073580	29.74686064400	608
49	-84.92851331650	29.77797189560	609
49	-84.98828311530	29.71992150090	610
49	-85.21475997320	29.70155765990	611
49	-85.36487906970	29.68301906940	612
49	-85.40960391870	29.77676635950	613
49	-85.41405199430	29.86306762620	614
49	-85.39299438160	29.87541345970	615
49	-85.40254658730	29.79436493800	616
49	-85.35804304760	29.69125472380	617
49	-85.30658944210	29.70171033250	618
49	-85.30052413150	29.80979648260	619
49	-85.38479257950	29.92380147770	620
49	-85.62849748010	30.09259124760	621
49	-85.56852865330	30.09829367730	622
49	-85.47135795570	30.02186358350	623
49	-85.41501336570	30.03155242470	624
49	-85.43238594510	30.04575428410	625
49	-85.38269439690	30.02427019440	626
49	-85.38265623680	30.03628619900	627
49	-85.39567230790	30.05856736800	628
49	-85.46431580580	30.05116354880	629
49	-85.52971674450	30.13168649560	630
49	-85.70982946790	30.17877344490	631
49	-85.66605840000	30.25168942760	632
49	-85.60017643670	30.25115105700	633
49	-85.56947550840	30.31100406820	634
49	-85.71713126740	30.26506193200	635
49	-85.75270828510	30.29692941690	636
49	-85.85042053480	30.28035937920	637
49	-85.82994263320	30.23281399870	638
49	-85.75791917570	30.22894549910	639
49	-85.72639326020	30.12884218830	640
49	-85.98701325630	30.27443044740	641
49	-86.38745959200	30.38765886490	642
49	-86.50531381730	30.40997290960	643
49	-86.38810807870	30.40601283150	644
49	-86.24003303960	30.39988778710	645
49	-86.24156647830	30.42852779160	646
49	-86.11464075500	30.38580187190	647
49	-86.12293398430	30.42646167990	648
49	-86.21960829590	30.48785421960	649
49	-86.38787910460	30.46216760470	650
49	-86.45263910270	30.50123713570	651
49	-86.61023581640	30.42365160660	652
49	-86.79034761150	30.41796334050	653
49	-87.19338208160	30.35522180880	654
49	-86.93251078490	30.46356493870	655
49	-87.01439989500	30.51443454480	656
49	-86.98619315330	30.59043060910	657
49	-87.01958045200	30.58746666480	658
49	-87.06927184330	30.45056454650	659
49	-87.12453365400	30.56466678120	660
49	-87.17155505860	30.55773561390	661
49	-87.16010258320	30.46503318550	662
49	-87.27389760270	30.35738462040	663
49	-87.42408011870	30.32367149540	664
49	-87.40925614990	30.40223886150	665
49	-87.34680744230	30.43149873780	666
49	-87.34739512260	30.45716912630	667
49	-87.41881665070	30.48170078310	668
43	-87.41881665070	30.48170078310	669
43	-87.40525082190	30.44036006600	670
43	-87.46644036040	30.35972144070	671
43	-87.58756835370	30.31925433330	672
43	-87.59340480710	30.27841537220	673
43	-87.79533062450	30.23393165260	674
43	-88.00256050400	30.23360427220	675
43	-87.77994170610	30.27263826060	676
43	-87.75750294740	30.29942223070	677
43	-87.90346576410	30.42129609350	678
43	-87.91338515410	30.62118440720	679
43	-88.01978886190	30.74419003190	680
43	-88.13568117520	30.33715855700	681
43	-88.32032664160	30.40429359260	682
43	-88.40141515370	30.39355178040	683
45	-81.40305270810	30.93880314060	684
45	-81.45571660480	30.71642742990	685
45	-81.47946034160	30.73688339340	686
45	-81.46988714190	30.86025886440	687
45	-81.50330537720	30.88173504830	688
45	-81.48505559670	30.90388307050	689
45	-81.41640510470	30.97060004750	690
45	-81.40305270810	30.93880314060	691
43	-85.00160719760	31.00125340030	692
43	-85.48501020500	31.00100184000	693
43	-85.48659712530	31.00099800730	694
43	-86.03182179270	30.99332760110	695
43	-86.18147616800	30.99522512560	696
43	-86.38391974360	30.99153830650	697
43	-86.70185248870	30.99809240990	698
49	-85.00160719760	31.00125340030	699
49	-85.48501020500	31.00100184000	700
49	-85.48659712530	31.00099800730	701
49	-86.03182179270	30.99332760110	702
49	-86.18147616800	30.99522512560	703
49	-86.38391974360	30.99153830650	704
49	-86.70185248870	30.99809240990	705
45	-81.52859548780	30.72145265280	706
45	-81.53659127110	30.70657729920	707
45	-81.60116989080	30.72488713010	708
45	-81.60477101560	30.71632128110	709
45	-81.62798099760	30.73177426220	710
45	-81.64247751740	30.72908098710	711
45	-81.71676881830	30.74536889650	712
45	-81.73667502360	30.76388884130	713
45	-81.75771017540	30.76963167020	714
45	-81.77670793960	30.76158465580	715
45	-81.80319816060	30.78808498020	716
45	-81.87300178760	30.79908440450	717
45	-81.89914109330	30.82830829480	718
45	-81.90751835880	30.81347506550	719
45	-81.94380499510	30.82424942720	720
45	-81.95302920950	30.82043096160	721
45	-81.96155137220	30.79600777120	722
45	-81.98147988200	30.77835173280	723
45	-82.01553871710	30.79131924800	724
45	-82.01296733600	30.76425641440	725
45	-82.03188119610	30.75753276530	726
45	-82.04491161880	30.65091076430	727
45	-82.01365268690	30.59869053820	728
45	-82.00580162820	30.57099051040	729
45	-82.02250949220	30.47771783780	730
45	-82.03512067600	30.44287832520	731
45	-82.04609949460	30.43406815770	732
45	-82.03835475540	30.37890457860	733
45	-82.05276681360	30.36379445480	734
45	-82.16463918760	30.36129183410	735
45	-82.18023410780	30.36863092040	736
45	-82.20556482500	30.42385315530	737
45	-82.19918717200	30.49001450150	738
45	-82.21936748360	30.50297053810	739
45	-82.23839614810	30.53144474310	740
45	-82.22103957030	30.56707602900	741
45	-82.41209267090	30.57730752080	742
45	-82.46313488330	30.58268983770	743
45	-82.58295757830	30.58905379160	744
45	-82.69635595990	30.59572009920	745
45	-83.13244038030	30.62134139870	746
45	-83.30131548230	30.63328493800	747
45	-83.31060073870	30.63430323750	748
45	-83.60905605690	30.65078459230	749
45	-83.73784393980	30.66049119100	750
45	-84.00073015190	30.67553766070	751
45	-84.07556221710	30.67857760010	752
45	-84.28166330820	30.69041913530	753
45	-84.37444816090	30.69409187600	754
45	-84.86300371120	30.71266453900	755
45	-84.86458306960	30.71450320300	756
45	-84.88828878970	30.74388938250	757
45	-84.91534341340	30.75408980840	758
45	-84.92689484320	30.77608870430	759
45	-84.93256395070	30.80262504600	760
45	-84.92692623870	30.84692217640	761
45	-84.93777614960	30.89495763930	762
45	-84.96901227060	30.92709377590	763
45	-84.97356770000	30.96366437940	764
45	-85.00014199970	30.97931945260	765
45	-85.00160719760	31.00125340030	766
49	-81.52859548780	30.72145265280	767
49	-81.53659127110	30.70657729920	768
49	-81.60116989080	30.72488713010	769
49	-81.60477101560	30.71632128110	770
49	-81.62798099760	30.73177426220	771
49	-81.64247751740	30.72908098710	772
49	-81.71676881830	30.74536889650	773
49	-81.73667502360	30.76388884130	774
49	-81.75771017540	30.76963167020	775
49	-81.77670793960	30.76158465580	776
49	-81.80319816060	30.78808498020	777
49	-81.87300178760	30.79908440450	778
49	-81.89914109330	30.82830829480	779
49	-81.90751835880	30.81347506550	780
49	-81.94380499510	30.82424942720	781
49	-81.95302920950	30.82043096160	782
49	-81.96155137220	30.79600777120	783
49	-81.98147988200	30.77835173280	784
49	-82.01553871710	30.79131924800	785
49	-82.01296733600	30.76425641440	786
49	-82.03188119610	30.75753276530	787
49	-82.04491161880	30.65091076430	788
49	-82.01365268690	30.59869053820	789
49	-82.00580162820	30.57099051040	790
49	-82.02250949220	30.47771783780	791
49	-82.03512067600	30.44287832520	792
49	-82.04609949460	30.43406815770	793
49	-82.03835475540	30.37890457860	794
49	-82.05276681360	30.36379445480	795
49	-82.16463918760	30.36129183410	796
49	-82.18023410780	30.36863092040	797
49	-82.20556482500	30.42385315530	798
49	-82.19918717200	30.49001450150	799
49	-82.21936748360	30.50297053810	800
49	-82.23839614810	30.53144474310	801
49	-82.22103957030	30.56707602900	802
49	-82.41209267090	30.57730752080	803
49	-82.46313488330	30.58268983770	804
49	-82.58295757830	30.58905379160	805
49	-82.69635595990	30.59572009920	806
49	-83.13244038030	30.62134139870	807
49	-83.30131548230	30.63328493800	808
49	-83.31060073870	30.63430323750	809
49	-83.60905605690	30.65078459230	810
49	-83.73784393980	30.66049119100	811
49	-84.00073015190	30.67553766070	812
49	-84.07556221710	30.67857760010	813
49	-84.28166330820	30.69041913530	814
49	-84.37444816090	30.69409187600	815
49	-84.86300371120	30.71266453900	816
49	-84.86458306960	30.71450320300	817
49	-84.88828878970	30.74388938250	818
49	-84.91534341340	30.75408980840	819
49	-84.92689484320	30.77608870430	820
49	-84.93256395070	30.80262504600	821
49	-84.92692623870	30.84692217640	822
49	-84.93777614960	30.89495763930	823
49	-84.96901227060	30.92709377590	824
49	-84.97356770000	30.96366437940	825
49	-85.00014199970	30.97931945260	826
49	-85.00160719760	31.00125340030	827
43	-86.70185248870	30.99809240990	828
43	-86.77936170520	30.99819181160	829
43	-87.16311759320	31.00315723120	830
43	-87.59858025630	31.00263077360	831
43	-87.58986722900	30.95436103060	832
43	-87.62571159140	30.87690199520	833
43	-87.61591515460	30.84829642340	834
43	-87.54190013710	30.78569534150	835
43	-87.52660286940	30.74849169670	836
43	-87.46014048980	30.70580263690	837
43	-87.41889427200	30.69281018590	838
43	-87.39864491750	30.66801533140	839
43	-87.39328096700	30.62009826400	840
43	-87.42206736390	30.55649360860	841
43	-87.44535296440	30.53138970360	842
43	-87.41881665070	30.48170078310	843
49	-86.70185248870	30.99809240990	844
49	-86.77936170520	30.99819181160	845
49	-87.16311759320	31.00315723120	846
49	-87.59858025630	31.00263077360	847
49	-87.58986722900	30.95436103060	848
49	-87.62571159140	30.87690199520	849
49	-87.61591515460	30.84829642340	850
49	-87.54190013710	30.78569534150	851
49	-87.52660286940	30.74849169670	852
49	-87.46014048980	30.70580263690	853
49	-87.41889427200	30.69281018590	854
49	-87.39864491750	30.66801533140	855
49	-87.39328096700	30.62009826400	856
49	-87.42206736390	30.55649360860	857
49	-87.44535296440	30.53138970360	858
49	-87.41881665070	30.48170078310	859
41	-93.76036751580	30.00617640310	860
41	-93.85744694550	29.99086689280	861
41	-93.85650023590	29.96481499500	862
41	-93.95193662530	29.81857906110	863
41	-93.83512510330	29.67479196450	864
41	-94.06558152120	29.67429689010	865
41	-94.35718211260	29.56012895230	866
41	-94.37719446090	29.55219862830	867
41	-94.68271212020	29.43313833410	868
41	-94.76674368430	29.36422766980	869
41	-94.78544412350	29.38349503790	870
41	-94.68210975990	29.47534287320	871
41	-94.57288529820	29.53328295770	872
41	-94.50147254930	29.51775418450	873
41	-94.46998535120	29.55700960050	874
41	-94.51100191500	29.54537730390	875
41	-94.53389063360	29.55421364660	876
41	-94.56463023090	29.57922753990	877
41	-94.78828370370	29.53878658890	878
41	-94.70661702130	29.65874179350	879
41	-94.70047573350	29.75479088490	880
41	-94.73592304590	29.79320763070	881
41	-94.82961479350	29.76008109820	882
41	-94.88736314890	29.66876589810	883
41	-94.93279015250	29.68243611370	884
41	-95.08847253060	29.80420545000	885
41	-95.04060461890	29.71180615620	886
41	-94.98953948060	29.67992863410	887
41	-95.01432774430	29.55949454720	888
41	-94.91135762550	29.50056394310	889
41	-94.98301490430	29.46075857170	890
41	-94.94395872880	29.46491278980	891
41	-94.95270941310	29.42446681400	892
41	-94.91364553460	29.42034530530	893
41	-94.91719366870	29.44805437180	894
41	-94.89133618190	29.39955785220	895
41	-94.81555058410	29.37116622030	896
41	-94.89167182120	29.39406486130	897
41	-94.89898762870	29.30901123210	898
41	-94.95133477440	29.32615758100	899
41	-95.06657233690	29.19611681250	900
41	-95.16073012840	29.20027143550	901
41	-95.16498804730	29.11779021820	902
41	-95.19755161210	29.10546535920	903
41	-95.24861809900	28.97863764440	904
41	-95.52680729550	28.80349668590	905
41	-95.68326432880	28.72721409950	906
41	-95.67155248800	28.75294112760	907
41	-95.78659263160	28.73913256340	908
41	-95.93754933920	28.69072061740	909
41	-95.95638744370	28.62294217120	910
41	-95.70238453280	28.71924776890	911
41	-96.20682817950	28.48866348670	912
41	-95.99188790410	28.59669486700	913
41	-95.98399046380	28.65340174540	914
41	-96.23783369850	28.57159576920	915
41	-96.23927540890	28.59738967380	916
41	-96.15771554300	28.61150266980	917
41	-96.24070173760	28.63513070320	918
41	-96.15130480530	28.76293796190	919
41	-96.21241845690	28.68698906010	920
41	-96.28621949950	28.66199501400	921
41	-96.27062416730	28.70924935380	922
41	-96.32640475870	28.63436094400	923
41	-96.36440782760	28.61825435360	924
41	-96.39202648340	28.67052349160	925
41	-96.39297974040	28.72629797930	926
41	-96.42733588910	28.71228370750	927
41	-96.44992679440	28.75530454990	928
41	-96.43250885770	28.69751952340	929
41	-96.40364595830	28.71976377570	930
41	-96.41903544620	28.63893733870	931
41	-96.37564625960	28.61036214470	932
41	-96.49145593620	28.55722050090	933
41	-96.43740777450	28.59726537120	934
41	-96.45463494590	28.65620617700	935
41	-96.48352091750	28.59832999660	936
41	-96.51214706660	28.60845588790	937
41	-96.51198658620	28.64981532270	938
41	-96.57065069490	28.63654064990	939
41	-96.57081055480	28.69211323340	940
41	-96.57246541910	28.80844201200	941
41	-96.57673876330	28.69096124200	942
41	-96.59175364450	28.71763085410	943
41	-96.64677072220	28.71441337630	944
41	-96.66026772910	28.67934788500	945
41	-96.60696006490	28.62390869720	946
41	-96.61059981860	28.55921732180	947
41	-96.56695837030	28.57437458410	948
41	-96.48683274230	28.50650012510	949
41	-96.56344956640	28.46990670200	950
41	-96.51875543380	28.46110653570	951
41	-96.47675413560	28.49973303650	952
41	-96.39097558610	28.43433913650	953
41	-96.66156794520	28.30654704800	954
41	-96.70262246270	28.34047967340	955
41	-96.70407154980	28.39616678870	956
41	-96.74102926540	28.40373869460	957
41	-96.78735554250	28.47778537410	958
41	-96.82413808530	28.44991991290	959
41	-96.78859943280	28.44653443360	960
41	-96.75936312200	28.41119236230	961
41	-96.77562195790	28.39191157430	962
41	-96.85375652070	28.40527781540	963
41	-96.78849341260	28.35275299510	964
41	-96.78653294560	28.31314240860	965
41	-96.79359828580	28.27165691360	966
41	-96.77819434960	28.22963580820	967
41	-96.80395175520	28.21173404300	968
41	-96.95117136620	28.11464616350	969
41	-96.91298598080	28.25708260430	970
41	-96.97557119100	28.21103704570	971
41	-96.94133722040	28.18705913660	972
41	-96.97537228870	28.11533654550	973
41	-97.03388304930	28.13768773570	974
41	-97.02383542780	28.20008364420	975
41	-97.13210471600	28.13071697040	976
41	-97.13568310710	28.16209906940	977
41	-97.16826089690	28.15974942890	978
41	-97.15732764550	28.11667195420	979
41	-97.26055404700	28.06501760140	980
41	-97.24150318440	28.04894704420	981
41	-97.27056374120	28.02622753420	982
41	-97.23648295510	28.04081445720	983
41	-97.12334566770	28.05455999290	984
41	-97.02667302620	28.10804129940	985
41	-97.02407084450	28.02053249370	986
41	-97.11489131330	27.91568686500	987
41	-97.19573263840	27.81252543470	988
41	-97.24729277330	27.82262438350	989
41	-97.21360863780	27.83141489120	990
41	-97.28375433570	27.87144785160	991
41	-97.36131551740	27.84025775820	992
41	-97.34588886650	27.87348039460	993
41	-97.47962600080	27.85326409390	994
41	-97.49695266680	27.87576957750	995
41	-97.52196970270	27.86392723430	996
41	-97.49980594180	27.84354450750	997
41	-97.48008361430	27.82058512590	998
41	-97.38881213860	27.83173014380	999
41	-97.39683042850	27.77114605850	1000
41	-97.31806332760	27.71253475150	1001
41	-97.34977916610	27.71563750870	1002
41	-97.32028341000	27.69094443280	1003
41	-97.35363182230	27.64111274730	1004
41	-97.39948524980	27.63349829180	1005
41	-97.34777231560	27.63175194070	1006
41	-97.30948011840	27.70817292790	1007
41	-97.25006141780	27.68914292610	1008
41	-97.33172713020	27.56263650370	1009
41	-97.41252836810	27.32134499930	1010
41	-97.50070316240	27.31998796120	1011
41	-97.50780849160	27.43953173640	1012
41	-97.52865055520	27.34442040030	1013
41	-97.60038270110	27.30045514550	1014
41	-97.75034943800	27.41998295340	1015
41	-97.68027917230	27.29469308060	1016
41	-97.78501775230	27.28804029110	1017
41	-97.54842456840	27.23053001810	1018
41	-97.42748126970	27.26545510260	1019
41	-97.50376733150	27.08186861030	1020
41	-97.47926025140	26.99683804240	1021
41	-97.56883178650	26.97818861340	1022
41	-97.55831732590	26.84638686360	1023
41	-97.49583765300	26.79411731750	1024
41	-97.45195800720	26.60132686910	1025
41	-97.42611578160	26.51856976350	1026
41	-97.47496824480	26.47715083140	1027
41	-97.42144684590	26.38540765880	1028
41	-97.36895489790	26.35940938600	1029
41	-97.35361971180	26.18280264180	1030
41	-97.25337323530	26.06867201230	1031
41	-97.27657531880	26.00263330410	1032
41	-97.21334788230	26.00942526400	1033
41	-97.17247477390	25.95492736920	1034
41	-97.30739881110	25.96548238770	1035
41	-97.30468981270	25.93902220610	1036
41	-97.38124602510	25.91737945230	1037
41	-97.38589888750	25.84572166120	1038
41	-97.43460696530	25.84555742120	1039
41	-97.59035311100	25.93358906000	1040
41	-97.57520101860	25.95452940100	1041
41	-97.61318914720	25.96235893530	1042
41	-97.64824031180	26.02380105840	1043
41	-97.86770787690	26.06049607670	1044
41	-98.04035257370	26.05975051540	1045
41	-98.07663155280	26.03498247100	1046
41	-98.08349824660	26.06611332270	1047
41	-98.20097957260	26.05573214500	1048
41	-98.29223768890	26.09845914920	1049
41	-98.27164562870	26.12124943100	1050
41	-98.29256604440	26.13316228920	1051
41	-98.32822653280	26.11200077310	1052
41	-98.34748407650	26.15903260880	1053
41	-98.38481565110	26.15638326890	1054
41	-98.45368891500	26.22126161760	1055
41	-98.48881534880	26.20189486400	1056
41	-98.60026833970	26.26080290010	1057
41	-98.67821904770	26.24240468700	1058
41	-98.82013643840	26.37541375500	1059
41	-98.90920320010	26.36067150410	1060
41	-98.93957665580	26.39565090630	1061
41	-99.10703648940	26.41986914730	1062
41	-99.10178076150	26.48867672250	1063
41	-99.16898925720	26.54606152270	1064
41	-99.16612845160	26.58022071100	1065
41	-99.28583699480	26.85767873400	1066
41	-99.39083504680	26.94694373670	1067
41	-99.39303262280	26.99586154550	1068
41	-99.45538138270	27.02895816070	1069
41	-99.43747500680	27.19950246610	1070
41	-99.46559014300	27.27018655940	1071
41	-99.54390786470	27.31895386220	1072
41	-99.49081318260	27.49105145900	1073
41	-99.52706143500	27.50457977900	1074
41	-99.54950698900	27.61291965370	1075
41	-99.71481792470	27.66184911360	1076
41	-99.81605543330	27.78039485330	1077
41	-99.87506302160	27.79797205480	1078
41	-99.94218912350	27.98716192670	1079
41	-99.99364348350	28.00373962110	1080
41	-100.09726250200	28.15455547850	1081
41	-100.21441616000	28.20220633440	1082
41	-100.22380857000	28.24172722800	1083
41	-100.29826644900	28.28062209350	1084
41	-100.29323886400	28.32062761180	1085
41	-100.35191885500	28.39444705560	1086
41	-100.37712019600	28.47891329090	1087
41	-100.34615175700	28.50107244820	1088
41	-100.41988447800	28.54445131510	1089
41	-100.40352663700	28.58999176330	1090
41	-100.49826403800	28.66124370560	1091
41	-100.59014889000	28.89446945000	1092
41	-100.64758495700	28.92259562520	1093
41	-100.66913230400	29.08031272700	1094
41	-100.76897453300	29.16680743400	1095
41	-100.79735739700	29.24273628460	1096
41	-101.00943143100	29.37348249940	1097
41	-101.06773770100	29.47377631880	1098
41	-101.26181159200	29.52669200800	1099
41	-101.25496889400	29.62896416700	1100
41	-101.30931373100	29.58112480280	1101
41	-101.30624729600	29.65264397050	1102
41	-101.36878670600	29.65737286030	1103
41	-101.41648722900	29.74564086100	1104
41	-101.40166334800	29.77011153320	1105
41	-101.44881372200	29.76079173010	1106
41	-101.47085580600	29.78889518350	1107
41	-101.53873579000	29.76322214770	1108
41	-101.54434416200	29.81032255990	1109
41	-101.58188125100	29.76535397490	1110
41	-101.64006454000	29.75716336380	1111
41	-101.75949121400	29.78736775260	1112
41	-101.80560473100	29.78019965660	1113
41	-101.81949868600	29.81432485060	1114
41	-101.92462733800	29.78870114690	1115
41	-101.97372434400	29.81897136560	1116
41	-102.06440276100	29.78476886010	1117
41	-102.32475091200	29.88030922570	1118
41	-102.36798040100	29.84548330600	1119
41	-102.38521537600	29.76814179800	1120
41	-102.50352115500	29.78564973270	1121
41	-102.55237367000	29.74969484870	1122
41	-102.57692600700	29.77844173590	1123
41	-102.63803945600	29.73253261980	1124
41	-102.67679049100	29.74441879380	1125
41	-102.80516037300	29.53034383380	1126
41	-102.82263990000	29.41204511840	1127
41	-102.88344866000	29.35357239960	1128
41	-102.90876386400	29.26940666860	1129
41	-102.86660949000	29.22924136190	1130
41	-102.98853968500	29.19106757040	1131
41	-103.15391146000	28.97889163780	1132
41	-103.26703722600	29.00766214370	1133
41	-103.28080049800	28.98658258170	1134
41	-103.33597061000	29.05054495870	1135
41	-103.37590349400	29.03231459130	1136
41	-103.47453152000	29.07233819820	1137
41	-103.52669655900	29.14684851760	1138
41	-103.72077918500	29.19083236510	1139
41	-103.74031953500	29.23054807230	1140
41	-103.78262540300	29.22999472200	1141
41	-103.76822900600	29.28143821920	1142
41	-103.78746306700	29.26745772500	1143
41	-104.04610517200	29.32831348540	1144
41	-104.16485891700	29.40090546960	1145
41	-104.20521213500	29.48422865570	1146
41	-104.37807390200	29.55079456260	1147
41	-104.53572971100	29.67964278180	1148
41	-104.57804118800	29.80810706260	1149
41	-104.67485203200	29.90944885880	1150
41	-104.69697725700	30.05746254240	1151
41	-104.67524076600	30.14912042730	1152
41	-104.70309736800	30.23864163620	1153
41	-104.81444456900	30.35061869560	1154
41	-104.80695995500	30.37659612380	1155
41	-104.85348559600	30.39241143250	1156
41	-104.89116917200	30.57070041740	1157
41	-104.98742571200	30.64146703280	1158
41	-104.99803900700	30.68447481970	1159
41	-105.06105993100	30.68801081070	1160
41	-105.21484403800	30.81222356440	1161
41	-105.25869151700	30.79779088770	1162
41	-105.28810387400	30.83208613690	1163
41	-105.31428857900	30.81664464080	1164
41	-105.39082139900	30.85321728790	1165
41	-105.40957529800	30.90264510760	1166
41	-105.55489684800	30.99841861980	1167
41	-105.60373377900	31.08655860560	1168
41	-105.77024988900	31.17090885570	1169
41	-105.99888678800	31.39394005330	1170
41	-106.21328556200	31.47824643820	1171
41	-106.38358121100	31.73387271850	1172
41	-106.53951477600	31.78630527740	1173
42	-106.53951477600	31.78630527740	1174
42	-107.28356717700	31.78508308570	1175
42	-108.20325491500	31.78690323830	1176
42	-108.21064779500	31.34385361600	1177
42	-109.04561505000	31.34345305050	1178
45	-81.10487575970	32.10544600270	1179
45	-80.89475357950	32.00599392380	1180
45	-80.97355613990	31.94792871510	1181
45	-80.97087558420	31.89031395010	1182
45	-81.13985081870	31.86434048810	1183
45	-81.17999847950	31.90589110470	1184
45	-81.20725811900	31.90012083760	1185
45	-81.19730252640	31.91989569080	1186
45	-81.20390992480	31.92843244100	1187
45	-81.23968322490	31.90341567470	1188
45	-81.28429436410	31.94942801100	1189
45	-81.24494718370	31.89469167260	1190
45	-81.20648835600	31.92065070820	1191
45	-81.22010576930	31.89313986430	1192
45	-81.18024991940	31.89767267430	1193
45	-81.14146780530	31.85351669050	1194
45	-81.03901097440	31.82336000400	1195
45	-81.06104273010	31.77754296980	1196
45	-81.13682407280	31.72707383990	1197
45	-81.17401273670	31.79981086900	1198
45	-81.19636638290	31.78484387850	1199
45	-81.17517758640	31.73580252230	1200
45	-81.28972911470	31.79966515720	1201
45	-81.13493701570	31.64607010900	1202
45	-81.18718974460	31.59989826480	1203
45	-81.24071928400	31.64017359040	1204
45	-81.23914509530	31.55688310890	1205
45	-81.19477049970	31.50515213940	1206
45	-81.20857174150	31.46689731590	1207
45	-81.31306594110	31.33759754540	1208
45	-81.36558128680	31.34455485260	1209
45	-81.41034437480	31.31148019940	1210
45	-81.39477159080	31.26409000910	1211
45	-81.38881318960	31.29714905970	1212
45	-81.30083493290	31.27581890090	1213
45	-81.31024963170	31.24269490860	1214
45	-81.38100606050	31.14894584400	1215
45	-81.52838810570	31.13112811390	1216
45	-81.52525924880	31.08654853790	1217
45	-81.47533769810	31.04382331730	1218
45	-81.53542943280	31.07675630370	1219
45	-81.49085548500	30.98581216310	1220
45	-81.52856096450	30.96211902600	1221
45	-81.48482738490	30.94490009830	1222
45	-81.52926905260	30.86477869320	1223
45	-81.49838215970	30.75751483690	1224
45	-81.52859548780	30.72145265280	1225
46	-80.66661655540	32.22011324410	1226
46	-80.81926682120	32.10469819070	1227
46	-80.76780496320	32.25864817890	1228
46	-80.71908349280	32.27220473510	1229
46	-80.66661655540	32.22011324410	1230
37	-109.04561505000	31.34345305050	1231
37	-110.45257840200	31.33766023090	1232
37	-111.07196474700	31.33563401340	1233
37	-111.36952089400	31.43153166800	1234
37	-113.32911128400	32.04362106270	1235
37	-114.82176124100	32.48716926140	1236
37	-114.80939382500	32.61604465710	1237
37	-114.72204898500	32.72085749200	1238
44	-89.57388398510	30.19493531190	1239
44	-89.61000331600	30.24141985370	1240
44	-89.60631060270	30.24782841290	1241
44	-89.62166167140	30.25696437000	1242
44	-89.62594251710	30.29035585150	1243
44	-89.63917250120	30.29582979650	1244
44	-89.63708225200	30.31184369640	1245
44	-89.61858808100	30.32376074760	1246
44	-89.62019829310	30.34342905480	1247
44	-89.63345129240	30.35530780200	1248
44	-89.64668882300	30.35529057530	1249
44	-89.65466992310	30.37906533290	1250
44	-89.67536970070	30.40007442630	1251
44	-89.67546209860	30.44535240580	1252
44	-89.68345073350	30.46271857300	1253
44	-89.69459785130	30.46818684130	1254
44	-89.69568146150	30.47824607150	1255
44	-89.71318409470	30.48141599910	1256
44	-89.71905926070	30.49603754380	1257
44	-89.73231974940	30.49783802720	1258
44	-89.75517865910	30.51562187670	1259
44	-89.77279612250	30.55124686270	1260
44	-89.79084788140	30.55394381850	1261
44	-89.82030712850	30.62427054310	1262
44	-89.80553661200	30.64945673980	1263
44	-89.81935389910	30.65124577900	1264
44	-89.82952453640	30.67087398960	1265
44	-89.84544748660	30.66625251540	1266
44	-89.83539180670	30.67588259720	1267
44	-89.84178549700	30.67951983920	1268
44	-89.84134334520	30.70054994650	1269
44	-89.83072296370	30.70378097980	1270
44	-89.84405206890	30.71242490940	1271
44	-89.83561400020	30.72936193830	1272
44	-89.82339903760	30.73305455630	1273
44	-89.82556601890	30.74264836900	1274
44	-89.81335108990	30.74816820470	1275
44	-89.82468941900	30.78972468490	1276
44	-89.81093356550	30.81169890820	1277
44	-89.79656698220	30.81265264750	1278
44	-89.79609421510	30.82910513730	1279
44	-89.77479992390	30.83053194040	1280
44	-89.78502413850	30.86157913620	1281
44	-89.76585085730	30.86208470890	1282
44	-89.76331078880	30.90047135180	1283
44	-89.74680025990	30.90279455780	1284
44	-89.74575510890	30.91010720280	1285
44	-89.75805428150	30.92104369790	1286
44	-89.74047563000	30.92610956230	1287
44	-89.74854054750	30.94984804280	1288
44	-89.73952252950	30.96540025690	1289
44	-89.71982290590	30.97549368230	1290
44	-89.72678129660	30.98461640090	1291
44	-89.72362287250	31.00152472010	1292
44	-89.73271748090	31.00744501460	1293
44	-89.83355873790	31.00718485540	1294
44	-90.25937682260	31.00737002460	1295
44	-90.34366025700	31.00538994640	1296
44	-90.54265360210	31.00233004340	1297
44	-90.56025489710	31.00170633310	1298
44	-90.82971390290	31.00154581230	1299
44	-91.05701216430	31.00041811750	1300
44	-91.17920745430	31.00046166720	1301
44	-91.63229742770	31.00136500740	1302
44	-91.62777321040	31.01196011110	1303
44	-91.57278761690	31.03264787750	1304
44	-91.55208130850	31.05815979070	1305
44	-91.56497527230	31.08213501850	1306
44	-91.62011391780	31.12769438350	1307
44	-91.59148830880	31.17848189930	1308
44	-91.60096436470	31.21392967370	1309
44	-91.63699874000	31.24110418650	1310
44	-91.64368242540	31.27111788390	1311
44	-91.63421423760	31.27769405490	1312
44	-91.55691947740	31.27046907100	1313
44	-91.51707817150	31.28306965780	1314
44	-91.50247533780	31.29885801230	1315
44	-91.50575615900	31.32345670350	1316
44	-91.54279004570	31.34698626810	1317
44	-91.54440763570	31.36887462780	1318
44	-91.53457323760	31.38275007000	1319
44	-91.55937691200	31.38823042430	1320
44	-91.56773147230	31.42140643650	1321
44	-91.55247244670	31.43309977090	1322
44	-91.53480241580	31.43433524750	1323
44	-91.53416902150	31.40923881430	1324
44	-91.52301453220	31.39209178520	1325
44	-91.49470875730	31.37524960980	1326
44	-91.48083803830	31.37778058330	1327
44	-91.46592215690	31.40406905330	1328
44	-91.47329248960	31.42037468660	1329
44	-91.50790071720	31.45308342410	1330
44	-91.50648190240	31.52568728250	1331
44	-91.50295705580	31.53488049640	1332
44	-91.46447302860	31.54286640770	1333
44	-91.42357803610	31.56274646620	1334
44	-91.40425216220	31.58635343170	1335
44	-91.41538389940	31.60259238770	1336
44	-91.49715101610	31.60435852460	1337
44	-91.50887776270	31.62194611280	1338
44	-91.50780965750	31.64387077220	1339
44	-91.49776908860	31.65089532470	1340
44	-91.45737763020	31.62696606210	1341
44	-91.40840283470	31.62552987750	1342
44	-91.38918383040	31.65460514800	1343
44	-91.38794806500	31.71668284750	1344
44	-91.36507453970	31.75174138140	1345
44	-91.37049922220	31.75347510580	1346
44	-91.33991202270	31.75854281580	1347
44	-91.28262100700	31.74988757140	1348
44	-91.26398949060	31.75976355970	1349
44	-91.26268491650	31.77392712110	1350
44	-91.33625745290	31.76362194220	1351
44	-91.36713463540	31.77086772010	1352
44	-91.34723667020	31.79583230540	1353
44	-91.33484640170	31.84347841710	1354
44	-91.30347348800	31.86314454650	1355
44	-91.29264703920	31.86149283930	1356
44	-91.27680008900	31.82753349420	1357
44	-91.25072958290	31.81882100150	1358
44	-91.24138341450	31.83538774050	1359
44	-91.26469211770	31.86558591360	1360
44	-91.24448133960	31.87867186080	1361
44	-91.20154214820	31.91444886240	1362
44	-91.16314291990	31.98844810490	1363
44	-91.10811063500	31.99198427740	1364
44	-91.07248812940	32.02121355160	1365
44	-91.07324347350	32.03214994730	1366
44	-91.08699202270	32.04381109990	1367
44	-91.14312298520	32.06625983690	1368
44	-91.14569417110	32.08582862050	1369
44	-91.12572752420	32.08839966680	1370
44	-91.08941061990	32.05699809500	1371
44	-91.06511798690	32.05870705060	1372
44	-91.07392258570	32.09414829010	1373
44	-91.04119164870	32.10782358810	1374
44	-91.01139050600	32.13421287450	1375
44	-91.00393646150	32.16941381450	1376
44	-91.02452109330	32.17005082650	1377
44	-91.05458169430	32.18468351650	1378
44	-91.04541852020	32.15882449880	1379
44	-91.05415436550	32.13454469700	1380
44	-91.08311631060	32.14873108310	1381
44	-91.10882038740	32.13514352720	1382
44	-91.15665029980	32.14493549800	1383
44	-91.16695788830	32.17214105810	1384
44	-91.15737514240	32.20601452290	1385
44	-91.11606094950	32.22575501250	1386
44	-91.10067969500	32.21503606500	1387
44	-91.08802223200	32.23253736520	1388
44	-91.06256993820	32.23289215040	1389
44	-91.04175645720	32.24958858480	1390
44	-90.97732476190	32.22355414620	1391
44	-90.97112198630	32.26921453450	1392
44	-90.98392428990	32.28728023910	1393
44	-90.98087246340	32.29780077820	1394
44	-90.97176280400	32.30384685820	1395
44	-90.92935030550	32.29755291030	1396
44	-90.91647928550	32.30546431880	1397
44	-90.87545516000	32.37979486960	1398
44	-90.88525909690	32.38149994980	1399
44	-90.91502958660	32.34604356840	1400
44	-90.98467186570	32.35654105870	1401
44	-90.99896957960	32.36637875170	1402
44	-91.00931521220	32.39722701780	1403
44	-90.97009173100	32.41916079340	1404
44	-90.96559027070	32.44017899610	1405
44	-90.98755566470	32.45310643140	1406
44	-91.02701570330	32.44255913680	1407
44	-91.05861731290	32.44714039940	1408
44	-91.11779195170	32.49870931290	1409
44	-91.11885237930	32.52420589340	1410
44	-91.08889104990	32.54877554890	1411
44	-91.03730785090	32.49709577690	1412
44	-91.01979041960	32.49095435340	1413
44	-90.99215620220	32.49542123400	1414
44	-90.99517743370	32.51178188970	1415
44	-91.06319474080	32.54229841580	1416
44	-91.07337249220	32.56174890750	1417
44	-91.05897546710	32.57652655800	1418
44	-91.03243221760	32.58280916440	1419
44	-90.99876283400	32.61560304450	1420
44	-90.99623739620	32.62611219490	1421
44	-91.00798685100	32.64280855550	1422
44	-91.02757194110	32.64163747440	1423
44	-91.04773698070	32.61448916770	1424
44	-91.06391930560	32.60652433850	1425
44	-91.11110052230	32.59766307480	1426
44	-91.14637183680	32.64498661890	1427
44	-91.13966540010	32.66330800190	1428
44	-91.05913512290	32.72365072710	1429
44	-91.09781695390	32.74952875260	1430
44	-91.13657517870	32.75125673770	1431
44	-91.15645022400	32.76281111520	1432
44	-91.14225925260	32.84134206310	1433
44	-91.07963555190	32.87729083640	1434
44	-91.07569859550	32.95383823020	1435
44	-91.09278126640	32.98774608820	1436
44	-91.11192397130	32.98747521050	1437
44	-91.13246289260	32.97534858710	1438
44	-91.13004429850	32.93759178940	1439
44	-91.13728478780	32.91791231190	1440
44	-91.16980976930	32.90514864510	1441
44	-91.19842078690	32.91428835010	1442
44	-91.20927012580	32.93597807360	1443
44	-91.16197426000	33.00041800110	1444
44	-91.16224132960	33.01316262120	1445
48	-89.57388398510	30.19493531190	1446
48	-89.61000331600	30.24141985370	1447
48	-89.60631060270	30.24782841290	1448
48	-89.62166167140	30.25696437000	1449
48	-89.62594251710	30.29035585150	1450
48	-89.63917250120	30.29582979650	1451
48	-89.63708225200	30.31184369640	1452
48	-89.61858808100	30.32376074760	1453
48	-89.62019829310	30.34342905480	1454
48	-89.63345129240	30.35530780200	1455
48	-89.64668882300	30.35529057530	1456
48	-89.65466992310	30.37906533290	1457
48	-89.67536970070	30.40007442630	1458
48	-89.67546209860	30.44535240580	1459
48	-89.68345073350	30.46271857300	1460
48	-89.69459785130	30.46818684130	1461
48	-89.69568146150	30.47824607150	1462
48	-89.71318409470	30.48141599910	1463
48	-89.71905926070	30.49603754380	1464
48	-89.73231974940	30.49783802720	1465
48	-89.75517865910	30.51562187670	1466
48	-89.77279612250	30.55124686270	1467
48	-89.79084788140	30.55394381850	1468
48	-89.82030712850	30.62427054310	1469
48	-89.80553661200	30.64945673980	1470
48	-89.81935389910	30.65124577900	1471
48	-89.82952453640	30.67087398960	1472
48	-89.84544748660	30.66625251540	1473
48	-89.83539180670	30.67588259720	1474
48	-89.84178549700	30.67951983920	1475
48	-89.84134334520	30.70054994650	1476
48	-89.83072296370	30.70378097980	1477
48	-89.84405206890	30.71242490940	1478
48	-89.83561400020	30.72936193830	1479
48	-89.82339903760	30.73305455630	1480
48	-89.82556601890	30.74264836900	1481
48	-89.81335108990	30.74816820470	1482
48	-89.82468941900	30.78972468490	1483
48	-89.81093356550	30.81169890820	1484
48	-89.79656698220	30.81265264750	1485
48	-89.79609421510	30.82910513730	1486
48	-89.77479992390	30.83053194040	1487
48	-89.78502413850	30.86157913620	1488
48	-89.76585085730	30.86208470890	1489
48	-89.76331078880	30.90047135180	1490
48	-89.74680025990	30.90279455780	1491
48	-89.74575510890	30.91010720280	1492
48	-89.75805428150	30.92104369790	1493
48	-89.74047563000	30.92610956230	1494
48	-89.74854054750	30.94984804280	1495
48	-89.73952252950	30.96540025690	1496
48	-89.71982290590	30.97549368230	1497
48	-89.72678129660	30.98461640090	1498
48	-89.72362287250	31.00152472010	1499
48	-89.73271748090	31.00744501460	1500
48	-89.83355873790	31.00718485540	1501
48	-90.25937682260	31.00737002460	1502
48	-90.34366025700	31.00538994640	1503
48	-90.54265360210	31.00233004340	1504
48	-90.56025489710	31.00170633310	1505
48	-90.82971390290	31.00154581230	1506
48	-91.05701216430	31.00041811750	1507
48	-91.17920745430	31.00046166720	1508
48	-91.63229742770	31.00136500740	1509
48	-91.62777321040	31.01196011110	1510
48	-91.57278761690	31.03264787750	1511
48	-91.55208130850	31.05815979070	1512
48	-91.56497527230	31.08213501850	1513
48	-91.62011391780	31.12769438350	1514
48	-91.59148830880	31.17848189930	1515
48	-91.60096436470	31.21392967370	1516
48	-91.63699874000	31.24110418650	1517
48	-91.64368242540	31.27111788390	1518
48	-91.63421423760	31.27769405490	1519
48	-91.55691947740	31.27046907100	1520
48	-91.51707817150	31.28306965780	1521
48	-91.50247533780	31.29885801230	1522
48	-91.50575615900	31.32345670350	1523
48	-91.54279004570	31.34698626810	1524
48	-91.54440763570	31.36887462780	1525
48	-91.53457323760	31.38275007000	1526
48	-91.55937691200	31.38823042430	1527
48	-91.56773147230	31.42140643650	1528
48	-91.55247244670	31.43309977090	1529
48	-91.53480241580	31.43433524750	1530
48	-91.53416902150	31.40923881430	1531
48	-91.52301453220	31.39209178520	1532
48	-91.49470875730	31.37524960980	1533
48	-91.48083803830	31.37778058330	1534
48	-91.46592215690	31.40406905330	1535
48	-91.47329248960	31.42037468660	1536
48	-91.50790071720	31.45308342410	1537
48	-91.50648190240	31.52568728250	1538
48	-91.50295705580	31.53488049640	1539
48	-91.46447302860	31.54286640770	1540
48	-91.42357803610	31.56274646620	1541
48	-91.40425216220	31.58635343170	1542
48	-91.41538389940	31.60259238770	1543
48	-91.49715101610	31.60435852460	1544
48	-91.50887776270	31.62194611280	1545
48	-91.50780965750	31.64387077220	1546
48	-91.49776908860	31.65089532470	1547
48	-91.45737763020	31.62696606210	1548
48	-91.40840283470	31.62552987750	1549
48	-91.38918383040	31.65460514800	1550
48	-91.38794806500	31.71668284750	1551
48	-91.36507453970	31.75174138140	1552
48	-91.37049922220	31.75347510580	1553
48	-91.33991202270	31.75854281580	1554
48	-91.28262100700	31.74988757140	1555
48	-91.26398949060	31.75976355970	1556
48	-91.26268491650	31.77392712110	1557
48	-91.33625745290	31.76362194220	1558
48	-91.36713463540	31.77086772010	1559
48	-91.34723667020	31.79583230540	1560
48	-91.33484640170	31.84347841710	1561
48	-91.30347348800	31.86314454650	1562
48	-91.29264703920	31.86149283930	1563
48	-91.27680008900	31.82753349420	1564
48	-91.25072958290	31.81882100150	1565
48	-91.24138341450	31.83538774050	1566
48	-91.26469211770	31.86558591360	1567
48	-91.24448133960	31.87867186080	1568
48	-91.20154214820	31.91444886240	1569
48	-91.16314291990	31.98844810490	1570
48	-91.10811063500	31.99198427740	1571
48	-91.07248812940	32.02121355160	1572
48	-91.07324347350	32.03214994730	1573
48	-91.08699202270	32.04381109990	1574
48	-91.14312298520	32.06625983690	1575
48	-91.14569417110	32.08582862050	1576
48	-91.12572752420	32.08839966680	1577
48	-91.08941061990	32.05699809500	1578
48	-91.06511798690	32.05870705060	1579
48	-91.07392258570	32.09414829010	1580
48	-91.04119164870	32.10782358810	1581
48	-91.01139050600	32.13421287450	1582
48	-91.00393646150	32.16941381450	1583
48	-91.02452109330	32.17005082650	1584
48	-91.05458169430	32.18468351650	1585
48	-91.04541852020	32.15882449880	1586
48	-91.05415436550	32.13454469700	1587
48	-91.08311631060	32.14873108310	1588
48	-91.10882038740	32.13514352720	1589
48	-91.15665029980	32.14493549800	1590
48	-91.16695788830	32.17214105810	1591
48	-91.15737514240	32.20601452290	1592
48	-91.11606094950	32.22575501250	1593
48	-91.10067969500	32.21503606500	1594
48	-91.08802223200	32.23253736520	1595
48	-91.06256993820	32.23289215040	1596
48	-91.04175645720	32.24958858480	1597
48	-90.97732476190	32.22355414620	1598
48	-90.97112198630	32.26921453450	1599
48	-90.98392428990	32.28728023910	1600
48	-90.98087246340	32.29780077820	1601
48	-90.97176280400	32.30384685820	1602
48	-90.92935030550	32.29755291030	1603
48	-90.91647928550	32.30546431880	1604
48	-90.87545516000	32.37979486960	1605
48	-90.88525909690	32.38149994980	1606
48	-90.91502958660	32.34604356840	1607
48	-90.98467186570	32.35654105870	1608
48	-90.99896957960	32.36637875170	1609
48	-91.00931521220	32.39722701780	1610
48	-90.97009173100	32.41916079340	1611
48	-90.96559027070	32.44017899610	1612
48	-90.98755566470	32.45310643140	1613
48	-91.02701570330	32.44255913680	1614
48	-91.05861731290	32.44714039940	1615
48	-91.11779195170	32.49870931290	1616
48	-91.11885237930	32.52420589340	1617
48	-91.08889104990	32.54877554890	1618
48	-91.03730785090	32.49709577690	1619
48	-91.01979041960	32.49095435340	1620
48	-90.99215620220	32.49542123400	1621
48	-90.99517743370	32.51178188970	1622
48	-91.06319474080	32.54229841580	1623
48	-91.07337249220	32.56174890750	1624
48	-91.05897546710	32.57652655800	1625
48	-91.03243221760	32.58280916440	1626
48	-90.99876283400	32.61560304450	1627
48	-90.99623739620	32.62611219490	1628
48	-91.00798685100	32.64280855550	1629
48	-91.02757194110	32.64163747440	1630
48	-91.04773698070	32.61448916770	1631
48	-91.06391930560	32.60652433850	1632
48	-91.11110052230	32.59766307480	1633
48	-91.14637183680	32.64498661890	1634
48	-91.13966540010	32.66330800190	1635
48	-91.05913512290	32.72365072710	1636
48	-91.09781695390	32.74952875260	1637
48	-91.13657517870	32.75125673770	1638
48	-91.15645022400	32.76281111520	1639
48	-91.14225925260	32.84134206310	1640
48	-91.07963555190	32.87729083640	1641
48	-91.07569859550	32.95383823020	1642
48	-91.09278126640	32.98774608820	1643
48	-91.11192397130	32.98747521050	1644
48	-91.13246289260	32.97534858710	1645
48	-91.13004429850	32.93759178940	1646
48	-91.13728478780	32.91791231190	1647
48	-91.16980976930	32.90514864510	1648
48	-91.19842078690	32.91428835010	1649
48	-91.20927012580	32.93597807360	1650
48	-91.16197426000	33.00041800110	1651
48	-91.16224132960	33.01316262120	1652
47	-91.16224132960	33.01316262120	1653
47	-91.25472755140	33.01360112420	1654
47	-91.42764466910	33.01354508070	1655
47	-91.45447032530	33.01399920010	1656
47	-92.06344167570	33.01015154960	1657
47	-92.71723648450	33.01683957720	1658
47	-92.97898951510	33.01827475060	1659
47	-93.23254316120	33.01937488770	1660
47	-93.47907035510	33.02152817390	1661
47	-93.51191556360	33.02128766520	1662
47	-93.80993110790	33.02272887200	1663
48	-91.16224132960	33.01316262120	1664
48	-91.25472755140	33.01360112420	1665
48	-91.42764466910	33.01354508070	1666
48	-91.45447032530	33.01399920010	1667
48	-92.06344167570	33.01015154960	1668
48	-92.71723648450	33.01683957720	1669
48	-92.97898951510	33.01827475060	1670
48	-93.23254316120	33.01937488770	1671
48	-93.47907035510	33.02152817390	1672
48	-93.51191556360	33.02128766520	1673
48	-93.80993110790	33.02272887200	1674
41	-94.03893174130	33.02342240770	1675
41	-94.04178542670	32.88248532850	1676
41	-94.04038263770	32.69495776390	1677
41	-94.03541849950	32.38938116260	1678
41	-94.03495499190	32.19960919900	1679
41	-94.03525561580	31.99467926060	1680
41	-94.01007792560	31.98930065150	1681
41	-94.00458470010	31.97810862590	1682
41	-93.97740074520	31.94632710840	1683
41	-93.97017571510	31.92333267050	1684
41	-93.93591895540	31.90962460800	1685
41	-93.91811148390	31.90987048210	1686
41	-93.92365069120	31.89276208820	1687
41	-93.89944960130	31.89462338440	1688
41	-93.89271282710	31.87023473160	1689
41	-93.88145152990	31.87158880860	1690
41	-93.87759108420	31.85028237500	1691
41	-93.86501006290	31.81744244990	1692
41	-93.83451459850	31.80218763630	1693
41	-93.82225394970	31.77480831200	1694
41	-93.83134856150	31.75345240790	1695
41	-93.81017629850	31.73052470700	1696
41	-93.81513547450	31.71252375930	1697
41	-93.80895545930	31.70773832460	1698
41	-93.79245260220	31.71156803000	1699
41	-93.81203005380	31.67474035340	1700
41	-93.80661292790	31.65394133620	1701
41	-93.81491393750	31.64814133070	1702
41	-93.81977388300	31.61826750460	1703
41	-93.83576557640	31.61536471570	1704
41	-93.83280517660	31.59036013950	1705
41	-93.81650822500	31.57728748390	1706
41	-93.81070199500	31.55924068740	1707
41	-93.78031303900	31.53391364210	1708
41	-93.76348967400	31.53090194490	1709
41	-93.74772687920	31.53789586230	1710
41	-93.73184190000	31.52205564270	1711
41	-93.70597743150	31.52074691240	1712
41	-93.71917654860	31.49558233870	1713
41	-93.75061823710	31.49073631540	1714
41	-93.75142693390	31.48568009710	1715
41	-93.72696607970	31.45965485160	1716
41	-93.69859910190	31.46163808160	1717
41	-93.70210859380	31.44643132130	1718
41	-93.68718494240	31.43831181850	1719
41	-93.69630989440	31.42791721200	1720
41	-93.69462363300	31.41610345390	1721
41	-93.68767293740	31.40631135960	1722
41	-93.66419645420	31.39851028350	1723
41	-93.66125116190	31.37257687370	1724
41	-93.63503571930	31.37400895070	1725
41	-93.67721958770	31.32857022100	1726
41	-93.68176670820	31.31286376070	1727
41	-93.65630632190	31.28685573450	1728
41	-93.64576981140	31.29044704700	1729
41	-93.63100627860	31.27408810480	1730
41	-93.61663203700	31.27598952410	1731
41	-93.61205418900	31.27021803230	1732
41	-93.61117651050	31.24237358200	1733
41	-93.59072131180	31.22987305440	1734
41	-93.60309634280	31.19925368730	1735
41	-93.59411608930	31.18038676000	1736
41	-93.57711717290	31.17232830050	1737
41	-93.55076452870	31.19111664790	1738
41	-93.52909629330	31.18596101920	1739
41	-93.52710489670	31.17826319710	1740
41	-93.53719127430	31.17652768280	1741
41	-93.52850100570	31.16313081890	1742
41	-93.54436300590	31.15935458190	1743
41	-93.53767923010	31.13262964050	1744
41	-93.52826420270	31.12611424130	1745
41	-93.53526050690	31.11626129890	1746
41	-93.55685233410	31.10953267740	1747
41	-93.56015589720	31.10072679400	1748
41	-93.54329435050	31.09494178310	1749
41	-93.54427847660	31.08256352480	1750
41	-93.51717031810	31.07486154540	1751
41	-93.52591374620	31.05717160070	1752
41	-93.50738885840	31.03909981470	1753
41	-93.54729164500	31.01433431010	1754
41	-93.56511449510	31.01825594900	1755
41	-93.56806712070	31.01311777310	1756
41	-93.57101969120	30.99746472720	1757
41	-93.56112408130	30.99188382510	1758
41	-93.57262960900	30.97637194490	1759
41	-93.54884809180	30.97038458900	1760
41	-93.53751052670	30.95707912220	1761
41	-93.53236051640	30.96092606490	1762
41	-93.52579152430	30.93601477500	1763
41	-93.53015570310	30.92716688850	1764
41	-93.54979433690	30.92508057700	1765
41	-93.54668916020	30.90553074100	1766
41	-93.56464927130	30.90212836310	1767
41	-93.56867012590	30.88643135680	1768
41	-93.56101768200	30.87207693660	1769
41	-93.55297612480	30.86048046730	1770
41	-93.56661789800	30.84534623210	1771
41	-93.55581440050	30.84254046520	1772
41	-93.55085521630	30.82854275160	1773
41	-93.58204506400	30.80223957560	1774
41	-93.58534875740	30.77238467340	1775
41	-93.61862893540	30.74598980300	1776
41	-93.60782516660	30.73221097510	1777
41	-93.61796488340	30.73274895930	1778
41	-93.61258556440	30.71053015550	1779
41	-93.61778080970	30.68700303010	1780
41	-93.66016281360	30.67306081770	1781
41	-93.67814503260	30.63989415310	1782
41	-93.69305323380	30.64024339710	1783
41	-93.68475953650	30.62362646600	1784
41	-93.69286961840	30.61599718530	1785
41	-93.67175820100	30.59803347540	1786
41	-93.69359407480	30.59903705630	1787
41	-93.71798559820	30.58758188310	1788
41	-93.71805386500	30.56835582770	1789
41	-93.73547935400	30.54571971090	1790
41	-93.70563196790	30.52305995030	1791
41	-93.71480998360	30.50531605160	1792
41	-93.70744722230	30.49644300390	1793
41	-93.71502317590	30.48883102050	1794
41	-93.69814598770	30.47024965130	1795
41	-93.70359329230	30.46271582970	1796
41	-93.69674133110	30.44283575180	1797
41	-93.72170509020	30.43318316860	1798
41	-93.74273158560	30.40902723760	1799
41	-93.75511373070	30.38199300420	1800
41	-93.74800248890	30.36761553130	1801
41	-93.75950766660	30.35435023030	1802
41	-93.75934707880	30.34107717270	1803
41	-93.72994140930	30.30512197290	1804
41	-93.69937688080	30.29759352930	1805
41	-93.70752396940	30.23957877540	1806
41	-93.71500869990	30.22051341790	1807
41	-93.70452565930	30.18106844590	1808
41	-93.69633142870	30.17588436890	1809
41	-93.69982586750	30.15101697820	1810
41	-93.68330768160	30.14844016940	1811
41	-93.68612303880	30.14146136220	1812
41	-93.69880351730	30.14143469050	1813
41	-93.69708690150	30.11813890210	1814
41	-93.70854664490	30.11494991080	1815
41	-93.71602374970	30.09587879910	1816
41	-93.71264390010	30.06073101990	1817
41	-93.76036751580	30.00617640310	1818
48	-94.03893174130	33.02342240770	1819
48	-94.04178542670	32.88248532850	1820
48	-94.04038263770	32.69495776390	1821
48	-94.03541849950	32.38938116260	1822
48	-94.03495499190	32.19960919900	1823
48	-94.03525561580	31.99467926060	1824
48	-94.01007792560	31.98930065150	1825
48	-94.00458470010	31.97810862590	1826
48	-93.97740074520	31.94632710840	1827
48	-93.97017571510	31.92333267050	1828
48	-93.93591895540	31.90962460800	1829
48	-93.91811148390	31.90987048210	1830
48	-93.92365069120	31.89276208820	1831
48	-93.89944960130	31.89462338440	1832
48	-93.89271282710	31.87023473160	1833
48	-93.88145152990	31.87158880860	1834
48	-93.87759108420	31.85028237500	1835
48	-93.86501006290	31.81744244990	1836
48	-93.83451459850	31.80218763630	1837
48	-93.82225394970	31.77480831200	1838
48	-93.83134856150	31.75345240790	1839
48	-93.81017629850	31.73052470700	1840
48	-93.81513547450	31.71252375930	1841
48	-93.80895545930	31.70773832460	1842
48	-93.79245260220	31.71156803000	1843
48	-93.81203005380	31.67474035340	1844
48	-93.80661292790	31.65394133620	1845
48	-93.81491393750	31.64814133070	1846
48	-93.81977388300	31.61826750460	1847
48	-93.83576557640	31.61536471570	1848
48	-93.83280517660	31.59036013950	1849
48	-93.81650822500	31.57728748390	1850
48	-93.81070199500	31.55924068740	1851
48	-93.78031303900	31.53391364210	1852
48	-93.76348967400	31.53090194490	1853
48	-93.74772687920	31.53789586230	1854
48	-93.73184190000	31.52205564270	1855
48	-93.70597743150	31.52074691240	1856
48	-93.71917654860	31.49558233870	1857
48	-93.75061823710	31.49073631540	1858
48	-93.75142693390	31.48568009710	1859
48	-93.72696607970	31.45965485160	1860
48	-93.69859910190	31.46163808160	1861
48	-93.70210859380	31.44643132130	1862
48	-93.68718494240	31.43831181850	1863
48	-93.69630989440	31.42791721200	1864
48	-93.69462363300	31.41610345390	1865
48	-93.68767293740	31.40631135960	1866
48	-93.66419645420	31.39851028350	1867
48	-93.66125116190	31.37257687370	1868
48	-93.63503571930	31.37400895070	1869
48	-93.67721958770	31.32857022100	1870
48	-93.68176670820	31.31286376070	1871
48	-93.65630632190	31.28685573450	1872
48	-93.64576981140	31.29044704700	1873
48	-93.63100627860	31.27408810480	1874
48	-93.61663203700	31.27598952410	1875
48	-93.61205418900	31.27021803230	1876
48	-93.61117651050	31.24237358200	1877
48	-93.59072131180	31.22987305440	1878
48	-93.60309634280	31.19925368730	1879
48	-93.59411608930	31.18038676000	1880
48	-93.57711717290	31.17232830050	1881
48	-93.55076452870	31.19111664790	1882
48	-93.52909629330	31.18596101920	1883
48	-93.52710489670	31.17826319710	1884
48	-93.53719127430	31.17652768280	1885
48	-93.52850100570	31.16313081890	1886
48	-93.54436300590	31.15935458190	1887
48	-93.53767923010	31.13262964050	1888
48	-93.52826420270	31.12611424130	1889
48	-93.53526050690	31.11626129890	1890
48	-93.55685233410	31.10953267740	1891
48	-93.56015589720	31.10072679400	1892
48	-93.54329435050	31.09494178310	1893
48	-93.54427847660	31.08256352480	1894
48	-93.51717031810	31.07486154540	1895
48	-93.52591374620	31.05717160070	1896
48	-93.50738885840	31.03909981470	1897
48	-93.54729164500	31.01433431010	1898
48	-93.56511449510	31.01825594900	1899
48	-93.56806712070	31.01311777310	1900
48	-93.57101969120	30.99746472720	1901
48	-93.56112408130	30.99188382510	1902
48	-93.57262960900	30.97637194490	1903
48	-93.54884809180	30.97038458900	1904
48	-93.53751052670	30.95707912220	1905
48	-93.53236051640	30.96092606490	1906
48	-93.52579152430	30.93601477500	1907
48	-93.53015570310	30.92716688850	1908
48	-93.54979433690	30.92508057700	1909
48	-93.54668916020	30.90553074100	1910
48	-93.56464927130	30.90212836310	1911
48	-93.56867012590	30.88643135680	1912
48	-93.56101768200	30.87207693660	1913
48	-93.55297612480	30.86048046730	1914
48	-93.56661789800	30.84534623210	1915
48	-93.55581440050	30.84254046520	1916
48	-93.55085521630	30.82854275160	1917
48	-93.58204506400	30.80223957560	1918
48	-93.58534875740	30.77238467340	1919
48	-93.61862893540	30.74598980300	1920
48	-93.60782516660	30.73221097510	1921
48	-93.61796488340	30.73274895930	1922
48	-93.61258556440	30.71053015550	1923
48	-93.61778080970	30.68700303010	1924
48	-93.66016281360	30.67306081770	1925
48	-93.67814503260	30.63989415310	1926
48	-93.69305323380	30.64024339710	1927
48	-93.68475953650	30.62362646600	1928
48	-93.69286961840	30.61599718530	1929
48	-93.67175820100	30.59803347540	1930
48	-93.69359407480	30.59903705630	1931
48	-93.71798559820	30.58758188310	1932
48	-93.71805386500	30.56835582770	1933
48	-93.73547935400	30.54571971090	1934
48	-93.70563196790	30.52305995030	1935
48	-93.71480998360	30.50531605160	1936
48	-93.70744722230	30.49644300390	1937
48	-93.71502317590	30.48883102050	1938
48	-93.69814598770	30.47024965130	1939
48	-93.70359329230	30.46271582970	1940
48	-93.69674133110	30.44283575180	1941
48	-93.72170509020	30.43318316860	1942
48	-93.74273158560	30.40902723760	1943
48	-93.75511373070	30.38199300420	1944
48	-93.74800248890	30.36761553130	1945
48	-93.75950766660	30.35435023030	1946
48	-93.75934707880	30.34107717270	1947
48	-93.72994140930	30.30512197290	1948
48	-93.69937688080	30.29759352930	1949
48	-93.70752396940	30.23957877540	1950
48	-93.71500869990	30.22051341790	1951
48	-93.70452565930	30.18106844590	1952
48	-93.69633142870	30.17588436890	1953
48	-93.69982586750	30.15101697820	1954
48	-93.68330768160	30.14844016940	1955
48	-93.68612303880	30.14146136220	1956
48	-93.69880351730	30.14143469050	1957
48	-93.69708690150	30.11813890210	1958
48	-93.70854664490	30.11494991080	1959
48	-93.71602374970	30.09587879910	1960
48	-93.71264390010	30.06073101990	1961
48	-93.76036751580	30.00617640310	1962
47	-93.80993110790	33.02272887200	1963
47	-94.03893174130	33.02342240770	1964
48	-93.80993110790	33.02272887200	1965
48	-94.03893174130	33.02342240770	1966
25	-118.35095820100	32.81919523340	1967
25	-118.42010588900	32.80611453500	1968
25	-118.51167694700	32.89207622030	1969
25	-118.59951721500	33.02102197080	1970
25	-118.57148598800	33.03597150550	1971
25	-118.54158505100	32.98738427230	1972
25	-118.35095820100	32.81919523340	1973
25	-118.29459083400	33.33444809150	1974
25	-118.30403643400	33.30749404430	1975
25	-118.45538678600	33.32478597940	1976
25	-118.48134262600	33.41955243870	1977
25	-118.55643388000	33.43448254570	1978
25	-118.59478050200	33.48081835670	1979
25	-118.36239580500	33.41101132850	1980
25	-118.29459083400	33.33444809150	1981
41	-94.47669126230	33.63208183430	1982
41	-94.43611697640	33.63656090980	1983
41	-94.43653636900	33.61696114310	1984
41	-94.45175731380	33.60446403170	1985
41	-94.44353248610	33.59662121540	1986
41	-94.42866999140	33.59725852450	1987
41	-94.40677269890	33.57360418170	1988
41	-94.39361925180	33.57507688210	1989
41	-94.37931392660	33.59344472730	1990
41	-94.37082975030	33.59016045620	1991
41	-94.37250806740	33.57278084390	1992
41	-94.39546544840	33.56042091930	1993
41	-94.37095896840	33.54780249220	1994
41	-94.32895057420	33.57325466080	1995
41	-94.30258243350	33.55705433340	1996
41	-94.29901964870	33.57997280480	1997
41	-94.27918273670	33.58945255670	1998
41	-94.27227788010	33.58472633530	1999
41	-94.27474200630	33.56185749820	2000
41	-94.23743339570	33.59254302550	2001
41	-94.22323450530	33.58584080960	2002
41	-94.23556380880	33.56165589800	2003
41	-94.21108015410	33.55810847630	2004
41	-94.20554128690	33.58520008380	2005
41	-94.15970992750	33.59389398610	2006
41	-94.15536074810	33.56720682420	2007
41	-94.09889359930	33.57311994560	2008
41	-94.08684645230	33.58407566350	2009
41	-94.06162268860	33.57733540070	2010
41	-94.03611649000	33.55603470150	2011
41	-94.03669156010	33.27045289890	2012
41	-94.03893174130	33.02342240770	2013
47	-94.47669126230	33.63208183430	2014
47	-94.43611697640	33.63656090980	2015
47	-94.43653636900	33.61696114310	2016
47	-94.45175731380	33.60446403170	2017
47	-94.44353248610	33.59662121540	2018
47	-94.42866999140	33.59725852450	2019
47	-94.40677269890	33.57360418170	2020
47	-94.39361925180	33.57507688210	2021
47	-94.37931392660	33.59344472730	2022
47	-94.37082975030	33.59016045620	2023
47	-94.37250806740	33.57278084390	2024
47	-94.39546544840	33.56042091930	2025
47	-94.37095896840	33.54780249220	2026
47	-94.32895057420	33.57325466080	2027
47	-94.30258243350	33.55705433340	2028
47	-94.29901964870	33.57997280480	2029
47	-94.27918273670	33.58945255670	2030
47	-94.27227788010	33.58472633530	2031
47	-94.27474200630	33.56185749820	2032
47	-94.23743339570	33.59254302550	2033
47	-94.22323450530	33.58584080960	2034
47	-94.23556380880	33.56165589800	2035
47	-94.21108015410	33.55810847630	2036
47	-94.20554128690	33.58520008380	2037
47	-94.15970992750	33.59389398610	2038
47	-94.15536074810	33.56720682420	2039
47	-94.09889359930	33.57311994560	2040
47	-94.08684645230	33.58407566350	2041
47	-94.06162268860	33.57733540070	2042
47	-94.03611649000	33.55603470150	2043
47	-94.03669156010	33.27045289890	2044
47	-94.03893174130	33.02342240770	2045
46	-78.57945349610	33.88216461350	2046
46	-78.62259189770	33.86570804620	2047
46	-78.58593108880	33.85353168570	2048
46	-78.85488083470	33.71636220300	2049
46	-79.00069550390	33.57262930780	2050
46	-79.12086598570	33.43077861540	2051
46	-79.15014995410	33.31725634570	2052
46	-79.15811531450	33.34243346720	2053
46	-79.27084596180	33.29703787990	2054
46	-79.20191167320	33.18368848360	2055
46	-79.22956253050	33.14150578970	2056
46	-79.34875511220	33.15499477010	2057
46	-79.29783399560	33.13896150920	2058
46	-79.28787746030	33.10469819700	2059
46	-79.41061869510	33.01386813340	2060
46	-79.58235761430	33.01601289000	2061
46	-79.61723375810	32.98096805580	2062
46	-79.58764581860	32.92510670790	2063
46	-79.60681206780	32.89924370580	2064
46	-79.75232055780	32.79423556990	2065
46	-79.90748591880	32.79070751880	2066
46	-79.79985976180	32.92995598110	2067
46	-79.90714116470	32.85938973230	2068
46	-79.93025015500	32.91422114720	2069
46	-79.96211933290	32.90441005790	2070
46	-79.94798391100	32.81079924280	2071
46	-79.89165509300	32.73402996370	2072
46	-79.89639328090	32.67742137670	2073
46	-79.99661757780	32.60578732050	2074
46	-80.21080292320	32.56160087560	2075
46	-80.29065407110	32.50407052420	2076
46	-80.34717409010	32.51195547530	2077
46	-80.39086854050	32.65540160830	2078
46	-80.41599266980	32.66916081730	2079
46	-80.39980302290	32.50495987610	2080
46	-80.48070720230	32.51043416620	2081
46	-80.55039472030	32.55784142820	2082
46	-80.53888204760	32.50986596100	2083
46	-80.64641131880	32.51887985570	2084
46	-80.64355794920	32.49846071200	2085
46	-80.48607195480	32.43103100100	2086
46	-80.44279765690	32.37350765420	2087
46	-80.46039240510	32.31868541710	2088
46	-80.62602810290	32.27282151000	2089
46	-80.67801448590	32.28566555750	2090
46	-80.74196335400	32.36021270990	2091
46	-80.79938185610	32.47330779550	2092
46	-80.78478651920	32.50505208700	2093
46	-80.83051750570	32.51628158050	2094
46	-80.86717706750	32.53269502640	2095
46	-80.82186638980	32.40071026480	2096
46	-80.78056151060	32.24812380830	2097
46	-80.89291442170	32.06817380580	2098
46	-81.10487575970	32.10544600270	2099
25	-119.96338593600	33.94776315920	2100
25	-120.10917924600	33.89481398030	2101
25	-120.16738608600	33.92416219710	2102
25	-120.23854870100	34.01088524230	2103
25	-120.04680106900	34.04110522360	2104
25	-119.96338593600	33.94776315920	2105
25	-119.86782325700	34.07522864980	2106
25	-119.66792233400	34.02134343720	2107
25	-119.57258932500	34.05578116540	2108
25	-119.52309555400	34.03459061420	2109
25	-119.53937745500	34.00649606500	2110
25	-119.71253971800	33.96528436150	2111
25	-119.84727540100	33.96841593480	2112
25	-119.88906179400	34.00466971840	2113
25	-119.87398685600	34.03187557490	2114
25	-119.92769039900	34.05918024030	2115
25	-119.86782325700	34.07522864980	2116
39	-76.46890407560	34.69344661590	2117
39	-76.54391887510	34.58799433090	2118
39	-76.55479144970	34.61082482790	2119
39	-76.53739566960	34.61408645570	2120
39	-76.48412550890	34.69779513530	2121
39	-76.43193837860	34.76084794380	2122
39	-76.37431856240	34.81303369040	2123
39	-76.28733897330	34.87717523330	2124
39	-76.46890407560	34.69344661590	2125
43	-85.60896021630	34.99016416160	2126
43	-85.58305803560	34.86232265510	2127
43	-85.53469259560	34.62248840260	2128
43	-85.52583413120	34.58468561510	2129
43	-85.51185593020	34.52301485100	2130
43	-85.46028592420	34.29016153010	2131
43	-85.41656722990	34.08692035800	2132
43	-85.39573779060	33.95982926970	2133
43	-85.38401093580	33.90540978750	2134
43	-85.33528685110	33.65492309490	2135
43	-85.30498007680	33.49059403110	2136
43	-85.29382498450	33.42587570840	2137
43	-85.23384626740	33.12923726060	2138
43	-85.23350289220	33.12013940120	2139
43	-85.18071972850	32.87181301830	2140
43	-85.16230133780	32.80744577260	2141
43	-85.12808981760	32.77707038150	2142
43	-85.13330070480	32.75631517980	2143
43	-85.12488512500	32.74438322240	2144
43	-85.11386785190	32.73438911880	2145
43	-85.10773330420	32.68997237460	2146
43	-85.09047493060	32.67615232610	2147
43	-85.10380371880	32.64591038230	2148
43	-85.08632404070	32.62845126480	2149
43	-85.08414939490	32.60300434490	2150
43	-85.07077442160	32.58125383880	2151
43	-84.99565221700	32.51892847910	2152
43	-84.98981504300	32.45483618370	2153
43	-84.96538505190	32.42945018590	2154
43	-84.97096188490	32.39681281250	2155
43	-84.98448896420	32.38709332410	2156
43	-84.97166353140	32.37150319630	2157
43	-85.00208999800	32.34707852270	2158
43	-85.00533245110	32.32959252580	2159
43	-84.92107090560	32.29313698470	2160
43	-84.89460350260	32.26873538810	2161
43	-84.89401587890	32.25917612990	2162
43	-84.90536096090	32.24955577600	2163
43	-84.92367962800	32.24738899960	2164
43	-84.91600412610	32.22855636870	2165
43	-84.92837164370	32.21797843880	2166
43	-84.97574380260	32.21224872040	2167
43	-84.96038527530	32.19192843760	2168
43	-85.00782609260	32.17887853840	2169
43	-85.02438235150	32.16627507810	2170
43	-85.05331365790	32.12663764480	2171
43	-85.04618725930	32.09089499140	2172
43	-85.05665493570	32.06964394550	2173
43	-85.06201076170	32.05001029210	2174
43	-85.05670024780	32.01737652040	2175
43	-85.07006710820	31.98070307360	2176
43	-85.11515025580	31.90742475010	2177
43	-85.13556693450	31.85488441370	2178
43	-85.13156111230	31.78381456570	2179
43	-85.13016487120	31.77885367210	2180
43	-85.11528693110	31.73156595720	2181
43	-85.11867442350	31.70857159640	2182
43	-85.11120495870	31.68424211030	2183
43	-85.05928530570	31.62126515250	2184
43	-85.04272135790	31.55438980300	2185
43	-85.04269843490	31.51965992890	2186
43	-85.06631202820	31.47608955560	2187
43	-85.06140626620	31.44066344150	2188
43	-85.08794199160	31.36723419620	2189
43	-85.08256319000	31.33233449640	2190
43	-85.08122805060	31.30308036970	2191
43	-85.10336136850	31.27143618480	2192
43	-85.09360326110	31.22707450000	2193
43	-85.10295712970	31.19692204630	2194
43	-85.09336687340	31.17221125270	2195
43	-85.06866250310	31.16236408970	2196
43	-85.03806822720	31.12671317390	2197
43	-85.01699565080	31.08010283380	2198
43	-85.00160719760	31.00125340030	2199
45	-85.60896021630	34.99016416160	2200
45	-85.58305803560	34.86232265510	2201
45	-85.53469259560	34.62248840260	2202
45	-85.52583413120	34.58468561510	2203
45	-85.51185593020	34.52301485100	2204
45	-85.46028592420	34.29016153010	2205
45	-85.41656722990	34.08692035800	2206
45	-85.39573779060	33.95982926970	2207
45	-85.38401093580	33.90540978750	2208
45	-85.33528685110	33.65492309490	2209
45	-85.30498007680	33.49059403110	2210
45	-85.29382498450	33.42587570840	2211
45	-85.23384626740	33.12923726060	2212
45	-85.23350289220	33.12013940120	2213
45	-85.18071972850	32.87181301830	2214
45	-85.16230133780	32.80744577260	2215
45	-85.12808981760	32.77707038150	2216
45	-85.13330070480	32.75631517980	2217
45	-85.12488512500	32.74438322240	2218
45	-85.11386785190	32.73438911880	2219
45	-85.10773330420	32.68997237460	2220
45	-85.09047493060	32.67615232610	2221
45	-85.10380371880	32.64591038230	2222
45	-85.08632404070	32.62845126480	2223
45	-85.08414939490	32.60300434490	2224
45	-85.07077442160	32.58125383880	2225
45	-84.99565221700	32.51892847910	2226
45	-84.98981504300	32.45483618370	2227
45	-84.96538505190	32.42945018590	2228
45	-84.97096188490	32.39681281250	2229
45	-84.98448896420	32.38709332410	2230
45	-84.97166353140	32.37150319630	2231
45	-85.00208999800	32.34707852270	2232
45	-85.00533245110	32.32959252580	2233
45	-84.92107090560	32.29313698470	2234
45	-84.89460350260	32.26873538810	2235
45	-84.89401587890	32.25917612990	2236
45	-84.90536096090	32.24955577600	2237
45	-84.92367962800	32.24738899960	2238
45	-84.91600412610	32.22855636870	2239
45	-84.92837164370	32.21797843880	2240
45	-84.97574380260	32.21224872040	2241
45	-84.96038527530	32.19192843760	2242
45	-85.00782609260	32.17887853840	2243
45	-85.02438235150	32.16627507810	2244
45	-85.05331365790	32.12663764480	2245
45	-85.04618725930	32.09089499140	2246
45	-85.05665493570	32.06964394550	2247
45	-85.06201076170	32.05001029210	2248
45	-85.05670024780	32.01737652040	2249
45	-85.07006710820	31.98070307360	2250
45	-85.11515025580	31.90742475010	2251
45	-85.13556693450	31.85488441370	2252
45	-85.13156111230	31.78381456570	2253
45	-85.13016487120	31.77885367210	2254
45	-85.11528693110	31.73156595720	2255
45	-85.11867442350	31.70857159640	2256
45	-85.11120495870	31.68424211030	2257
45	-85.05928530570	31.62126515250	2258
45	-85.04272135790	31.55438980300	2259
45	-85.04269843490	31.51965992890	2260
45	-85.06631202820	31.47608955560	2261
45	-85.06140626620	31.44066344150	2262
45	-85.08794199160	31.36723419620	2263
45	-85.08256319000	31.33233449640	2264
45	-85.08122805060	31.30308036970	2265
45	-85.10336136850	31.27143618480	2266
45	-85.09360326110	31.22707450000	2267
45	-85.10295712970	31.19692204630	2268
45	-85.09336687340	31.17221125270	2269
45	-85.06866250310	31.16236408970	2270
45	-85.03806822720	31.12671317390	2271
45	-85.01699565080	31.08010283380	2272
45	-85.00160719760	31.00125340030	2273
40	-84.32377349160	34.98909055620	2274
40	-84.61868470930	34.98875976740	2275
40	-84.77113432820	34.99075722550	2276
40	-84.80041692520	34.99283227970	2277
40	-84.96785715660	34.99268294810	2278
40	-84.97279353780	34.99262952670	2279
40	-85.26771729120	34.98914980880	2280
40	-85.35994388780	34.98997814170	2281
40	-85.46738390070	34.99012374620	2282
40	-85.60896021630	34.99016416160	2283
45	-84.32377349160	34.98909055620	2284
45	-84.61868470930	34.98875976740	2285
45	-84.77113432820	34.99075722550	2286
45	-84.80041692520	34.99283227970	2287
45	-84.96785715660	34.99268294810	2288
45	-84.97279353780	34.99262952670	2289
45	-85.26771729120	34.98914980880	2290
45	-85.35994388780	34.98997814170	2291
45	-85.46738390070	34.99012374620	2292
45	-85.60896021630	34.99016416160	2293
25	-114.62106860600	34.99891442860	2294
25	-114.63227653000	34.99765172560	2295
25	-114.62100738900	34.94360984190	2296
25	-114.63047565900	34.91950128820	2297
25	-114.62726344000	34.87553381470	2298
25	-114.57021683300	34.83186043890	2299
25	-114.54204069300	34.75995862000	2300
25	-114.52555317400	34.74891157100	2301
25	-114.49780437800	34.74475764450	2302
25	-114.46563768900	34.70987301900	2303
25	-114.42227035600	34.61089509180	2304
25	-114.43430224100	34.59896289100	2305
25	-114.40974234900	34.58372356180	2306
25	-114.37682782300	34.53656347670	2307
25	-114.38386203200	34.47708561540	2308
25	-114.37650694800	34.45967936850	2309
25	-114.33263641200	34.45487307960	2310
25	-114.30286536700	34.43575413780	2311
25	-114.28339430500	34.41206900640	2312
25	-114.25784252200	34.40548882160	2313
25	-114.18207982200	34.36520636500	2314
25	-114.15341499800	34.33644776460	2315
25	-114.13412705800	34.31454787540	2316
25	-114.12523050800	34.27262096630	2317
25	-114.14991236900	34.26697899020	2318
25	-114.23577582200	34.18622274760	2319
25	-114.28536852300	34.17123095840	2320
25	-114.32279943100	34.14129726650	2321
25	-114.41016635700	34.10265436410	2322
25	-114.42402919600	34.07833205800	2323
25	-114.42898032400	34.02984398720	2324
25	-114.51820855300	33.96506309040	2325
25	-114.52563212700	33.95241375540	2326
25	-114.49818809200	33.92503625680	2327
25	-114.52096218400	33.86292638020	2328
25	-114.51172254900	33.84196501580	2329
25	-114.52112216300	33.82603128470	2330
25	-114.50455787200	33.77171481340	2331
25	-114.51028751000	33.74320049760	2332
25	-114.49567644700	33.70836942770	2333
25	-114.53643355900	33.68273522820	2334
25	-114.52526359500	33.66550470070	2335
25	-114.52717051100	33.62213651400	2336
25	-114.54024720600	33.58050777180	2337
25	-114.52942054700	33.56007297500	2338
25	-114.58706170600	33.50944555780	2339
25	-114.59808633900	33.48612695060	2340
25	-114.62108957900	33.46859890810	2341
25	-114.63057311600	33.43942494560	2342
25	-114.64509224200	33.41911608110	2343
25	-114.72493628500	33.41105963770	2344
25	-114.70360378200	33.35241803090	2345
25	-114.73542698900	33.30570843520	2346
25	-114.67769339200	33.26801651770	2347
25	-114.68771107500	33.23925829720	2348
25	-114.68005085900	33.22459494250	2349
25	-114.67812040000	33.16724994140	2350
25	-114.70946302000	33.12237493500	2351
25	-114.71135513400	33.09538277990	2352
25	-114.66395169600	33.03892268880	2353
25	-114.64515976000	33.04441187310	2354
25	-114.63396694600	33.03356691660	2355
25	-114.60992572000	33.02700192270	2356
25	-114.55908905800	33.03678247920	2357
25	-114.52062766200	33.02770743600	2358
25	-114.46838719800	32.97778946590	2359
25	-114.47644398400	32.93590884670	2360
25	-114.46143632200	32.84542251120	2361
25	-114.52621949200	32.80991235090	2362
25	-114.53507744500	32.78804704740	2363
25	-114.53009523700	32.77141152300	2364
25	-114.54318769600	32.77123228430	2365
25	-114.54300454700	32.76074974090	2366
25	-114.56158270800	32.76075362460	2367
25	-114.56075102700	32.74893597680	2368
25	-114.57221073400	32.74882921200	2369
25	-114.57195891000	32.73743889200	2370
25	-114.60352269200	32.73588647830	2371
25	-114.60394228500	32.72628519530	2372
25	-114.69404066800	32.74142558050	2373
25	-114.71269509800	32.73501334840	2374
25	-114.72204898500	32.72085749200	2375
37	-114.62106860600	34.99891442860	2376
37	-114.63227653000	34.99765172560	2377
37	-114.62100738900	34.94360984190	2378
37	-114.63047565900	34.91950128820	2379
37	-114.62726344000	34.87553381470	2380
37	-114.57021683300	34.83186043890	2381
37	-114.54204069300	34.75995862000	2382
37	-114.52555317400	34.74891157100	2383
37	-114.49780437800	34.74475764450	2384
37	-114.46563768900	34.70987301900	2385
37	-114.42227035600	34.61089509180	2386
37	-114.43430224100	34.59896289100	2387
37	-114.40974234900	34.58372356180	2388
37	-114.37682782300	34.53656347670	2389
37	-114.38386203200	34.47708561540	2390
37	-114.37650694800	34.45967936850	2391
37	-114.33263641200	34.45487307960	2392
37	-114.30286536700	34.43575413780	2393
37	-114.28339430500	34.41206900640	2394
37	-114.25784252200	34.40548882160	2395
37	-114.18207982200	34.36520636500	2396
37	-114.15341499800	34.33644776460	2397
37	-114.13412705800	34.31454787540	2398
37	-114.12523050800	34.27262096630	2399
37	-114.14991236900	34.26697899020	2400
37	-114.23577582200	34.18622274760	2401
37	-114.28536852300	34.17123095840	2402
37	-114.32279943100	34.14129726650	2403
37	-114.41016635700	34.10265436410	2404
37	-114.42402919600	34.07833205800	2405
37	-114.42898032400	34.02984398720	2406
37	-114.51820855300	33.96506309040	2407
37	-114.52563212700	33.95241375540	2408
37	-114.49818809200	33.92503625680	2409
37	-114.52096218400	33.86292638020	2410
37	-114.51172254900	33.84196501580	2411
37	-114.52112216300	33.82603128470	2412
37	-114.50455787200	33.77171481340	2413
37	-114.51028751000	33.74320049760	2414
37	-114.49567644700	33.70836942770	2415
37	-114.53643355900	33.68273522820	2416
37	-114.52526359500	33.66550470070	2417
37	-114.52717051100	33.62213651400	2418
37	-114.54024720600	33.58050777180	2419
37	-114.52942054700	33.56007297500	2420
37	-114.58706170600	33.50944555780	2421
37	-114.59808633900	33.48612695060	2422
37	-114.62108957900	33.46859890810	2423
37	-114.63057311600	33.43942494560	2424
37	-114.64509224200	33.41911608110	2425
37	-114.72493628500	33.41105963770	2426
37	-114.70360378200	33.35241803090	2427
37	-114.73542698900	33.30570843520	2428
37	-114.67769339200	33.26801651770	2429
37	-114.68771107500	33.23925829720	2430
37	-114.68005085900	33.22459494250	2431
37	-114.67812040000	33.16724994140	2432
37	-114.70946302000	33.12237493500	2433
37	-114.71135513400	33.09538277990	2434
37	-114.66395169600	33.03892268880	2435
37	-114.64515976000	33.04441187310	2436
37	-114.63396694600	33.03356691660	2437
37	-114.60992572000	33.02700192270	2438
37	-114.55908905800	33.03678247920	2439
37	-114.52062766200	33.02770743600	2440
37	-114.46838719800	32.97778946590	2441
37	-114.47644398400	32.93590884670	2442
37	-114.46143632200	32.84542251120	2443
37	-114.52621949200	32.80991235090	2444
37	-114.53507744500	32.78804704740	2445
37	-114.53009523700	32.77141152300	2446
37	-114.54318769600	32.77123228430	2447
37	-114.54300454700	32.76074974090	2448
37	-114.56158270800	32.76075362460	2449
37	-114.56075102700	32.74893597680	2450
37	-114.57221073400	32.74882921200	2451
37	-114.57195891000	32.73743889200	2452
37	-114.60352269200	32.73588647830	2453
37	-114.60394228500	32.72628519530	2454
37	-114.69404066800	32.74142558050	2455
37	-114.71269509800	32.73501334840	2456
37	-114.72204898500	32.72085749200	2457
39	-83.10615697390	35.00036670810	2458
39	-83.51288764210	34.99211575350	2459
39	-83.54929729190	34.98962848460	2460
39	-83.93789913150	34.98947751190	2461
39	-83.98845425010	34.98915180470	2462
39	-84.11815239780	34.98830699600	2463
39	-84.32377349160	34.98909055620	2464
45	-83.10615697390	35.00036670810	2465
45	-83.51288764210	34.99211575350	2466
45	-83.54929729190	34.98962848460	2467
45	-83.93789913150	34.98947751190	2468
45	-83.98845425010	34.98915180470	2469
45	-84.11815239780	34.98830699600	2470
45	-84.32377349160	34.98909055620	2471
45	-83.10615697390	35.00036670810	2472
45	-83.10045034960	34.98416228890	2473
45	-83.11554228420	34.95468699010	2474
45	-83.12140170130	34.96089334380	2475
45	-83.12731477860	34.95437421210	2476
45	-83.11310117280	34.93612518330	2477
45	-83.12563653590	34.94079043630	2478
45	-83.13756183150	34.93047576940	2479
45	-83.15502598410	34.93228007400	2480
45	-83.15835280370	34.91765106730	2481
45	-83.18218025540	34.91064741660	2482
45	-83.20351326770	34.88417012970	2483
45	-83.21942855420	34.88918248610	2484
45	-83.23280364620	34.87382095120	2485
45	-83.24307302630	34.87808184650	2486
45	-83.23568791390	34.86238469220	2487
45	-83.25030657830	34.85016636570	2488
45	-83.25042127250	34.83971046750	2489
45	-83.26777101070	34.83922993110	2490
45	-83.27011392910	34.81507950580	2491
45	-83.30275375580	34.80553163180	2492
45	-83.32269057150	34.78724433200	2493
45	-83.32342413070	34.75223355180	2494
45	-83.35033413950	34.72738151580	2495
45	-83.35068515060	34.70964747860	2496
45	-83.33979001490	34.67769263630	2497
45	-83.29889480450	34.66294541820	2498
45	-83.23698727340	34.61332159900	2499
45	-83.16487892230	34.59893736330	2500
45	-83.15895052730	34.57683182820	2501
45	-83.13736602630	34.56786767410	2502
45	-83.10812110590	34.53501651520	2503
45	-83.07902121670	34.51897244350	2504
45	-83.05499483950	34.49006159320	2505
45	-83.00794959110	34.47082838840	2506
45	-82.98196281150	34.47649709150	2507
45	-82.90505504110	34.47798535530	2508
45	-82.86804289630	34.45754297230	2509
45	-82.84409260150	34.41267535270	2510
45	-82.83643948580	34.37104624240	2511
45	-82.80858305350	34.33989988900	2512
45	-82.78287043800	34.29051571470	2513
45	-82.76416996770	34.28096015380	2514
45	-82.75802798770	34.23337295950	2515
45	-82.74259356010	34.20555361940	2516
45	-82.73578078300	34.16979615030	2517
45	-82.66035530360	34.10835604390	2518
45	-82.60294379790	34.03463668480	2519
45	-82.59613858080	34.01342023840	2520
45	-82.57360870060	33.96890441130	2521
45	-82.57661478410	33.95928783150	2522
45	-82.51753847430	33.93102973430	2523
45	-82.45663089900	33.87822483790	2524
45	-82.42452541430	33.86025463640	2525
45	-82.39059654780	33.85414022730	2526
45	-82.36570863880	33.83600973470	2527
45	-82.35131158190	33.83539193650	2528
45	-82.31111855240	33.80391435240	2529
45	-82.30551058670	33.78264804350	2530
45	-82.26621791710	33.76159574910	2531
45	-82.23489817220	33.69033954830	2532
45	-82.21420671540	33.68073454550	2533
45	-82.19218763940	33.62383994550	2534
45	-82.16713208370	33.61521520440	2535
45	-82.13897891040	33.59390686490	2536
45	-82.11640298800	33.59477662970	2537
45	-82.06568154460	33.57386492170	2538
45	-82.03854314170	33.54750581770	2539
45	-82.02014061010	33.53873213050	2540
45	-81.99653471070	33.52049051810	2541
45	-81.98091701420	33.49073667650	2542
45	-81.93638328060	33.47101966400	2543
45	-81.91663808250	33.45133291020	2544
45	-81.92727380960	33.43614322830	2545
45	-81.91356363210	33.41544173600	2546
45	-81.94033580950	33.40816330810	2547
45	-81.92580935010	33.37655980810	2548
45	-81.94506633280	33.37714708020	2549
45	-81.93671215140	33.35043760500	2550
45	-81.91141259050	33.34949562480	2551
45	-81.91209174930	33.33219658490	2552
45	-81.89348327840	33.33523694610	2553
45	-81.87687401670	33.30683766800	2554
45	-81.86554408070	33.31566847270	2555
45	-81.84010728450	33.30834471790	2556
45	-81.86071475700	33.29709158980	2557
45	-81.82657289910	33.26942482580	2558
45	-81.83984060030	33.27330795000	2559
45	-81.83679654830	33.26061310420	2560
45	-81.85396307450	33.24350086460	2561
45	-81.81076474280	33.22644250920	2562
45	-81.80156353970	33.20792674010	2563
45	-81.77983466090	33.21736791410	2564
45	-81.76987813230	33.21388148470	2565
45	-81.75959352060	33.19538097550	2566
45	-81.76340826400	33.16983488570	2567
45	-81.74037466630	33.14469707620	2568
45	-81.70427925130	33.12293886820	2569
45	-81.61096222370	33.08787545230	2570
45	-81.59582519230	33.07079003120	2571
45	-81.56003498200	33.06081493500	2572
45	-81.54765985030	33.04368372540	2573
45	-81.52960071360	33.04392784380	2574
45	-81.50874915480	33.01279334910	2575
45	-81.49273484680	33.00481331370	2576
45	-81.49789977810	32.95967591830	2577
45	-81.50983997010	32.95541889740	2578
45	-81.51023666860	32.94722147410	2579
45	-81.47704813310	32.89757172630	2580
45	-81.46503171180	32.89772820700	2581
45	-81.48320499870	32.87609207570	2582
45	-81.45853884130	32.87140038760	2583
45	-81.45531900130	32.84457665830	2584
45	-81.43233129380	32.84168160850	2585
45	-81.42396163950	32.83177153510	2586
45	-81.43030928630	32.82030502100	2587
45	-81.42083333130	32.80949473050	2588
45	-81.43024031740	32.78615357140	2589
45	-81.41607199830	32.75672843990	2590
45	-81.42303770990	32.74981264840	2591
45	-81.40762607880	32.74180616020	2592
45	-81.42053547210	32.70156694140	2593
45	-81.40719152500	32.68670199640	2594
45	-81.39947831420	32.65081533490	2595
45	-81.41210528290	32.62560901360	2596
45	-81.38490636490	32.59588302640	2597
45	-81.36626761350	32.58836491790	2598
45	-81.36670254640	32.58197945840	2599
45	-81.35148936580	32.58352834900	2600
45	-81.34040386140	32.57136029240	2601
45	-81.29898353400	32.56728700960	2602
45	-81.27430238220	32.55481401760	2603
45	-81.26798547890	32.53392984830	2604
45	-81.23623978840	32.52061397350	2605
45	-81.19515724780	32.46456075840	2606
45	-81.19992690500	32.42031655590	2607
45	-81.17825274920	32.38682943500	2608
45	-81.17912291590	32.37178129440	2609
45	-81.15747907870	32.33874040190	2610
45	-81.14188425670	32.34846745630	2611
45	-81.13189004490	32.33261832850	2612
45	-81.12404817510	32.27664455160	2613
45	-81.14817311100	32.25771313890	2614
45	-81.14769255180	32.22444678470	2615
45	-81.11471779870	32.19059324440	2616
45	-81.11911230740	32.11761403010	2617
45	-81.10487575970	32.10544600270	2618
46	-83.10615697390	35.00036670810	2619
46	-83.10045034960	34.98416228890	2620
46	-83.11554228420	34.95468699010	2621
46	-83.12140170130	34.96089334380	2622
46	-83.12731477860	34.95437421210	2623
46	-83.11310117280	34.93612518330	2624
46	-83.12563653590	34.94079043630	2625
46	-83.13756183150	34.93047576940	2626
46	-83.15502598410	34.93228007400	2627
46	-83.15835280370	34.91765106730	2628
46	-83.18218025540	34.91064741660	2629
46	-83.20351326770	34.88417012970	2630
46	-83.21942855420	34.88918248610	2631
46	-83.23280364620	34.87382095120	2632
46	-83.24307302630	34.87808184650	2633
46	-83.23568791390	34.86238469220	2634
46	-83.25030657830	34.85016636570	2635
46	-83.25042127250	34.83971046750	2636
46	-83.26777101070	34.83922993110	2637
46	-83.27011392910	34.81507950580	2638
46	-83.30275375580	34.80553163180	2639
46	-83.32269057150	34.78724433200	2640
46	-83.32342413070	34.75223355180	2641
46	-83.35033413950	34.72738151580	2642
46	-83.35068515060	34.70964747860	2643
46	-83.33979001490	34.67769263630	2644
46	-83.29889480450	34.66294541820	2645
46	-83.23698727340	34.61332159900	2646
46	-83.16487892230	34.59893736330	2647
46	-83.15895052730	34.57683182820	2648
46	-83.13736602630	34.56786767410	2649
46	-83.10812110590	34.53501651520	2650
46	-83.07902121670	34.51897244350	2651
46	-83.05499483950	34.49006159320	2652
46	-83.00794959110	34.47082838840	2653
46	-82.98196281150	34.47649709150	2654
46	-82.90505504110	34.47798535530	2655
46	-82.86804289630	34.45754297230	2656
46	-82.84409260150	34.41267535270	2657
46	-82.83643948580	34.37104624240	2658
46	-82.80858305350	34.33989988900	2659
46	-82.78287043800	34.29051571470	2660
46	-82.76416996770	34.28096015380	2661
46	-82.75802798770	34.23337295950	2662
46	-82.74259356010	34.20555361940	2663
46	-82.73578078300	34.16979615030	2664
46	-82.66035530360	34.10835604390	2665
46	-82.60294379790	34.03463668480	2666
46	-82.59613858080	34.01342023840	2667
46	-82.57360870060	33.96890441130	2668
46	-82.57661478410	33.95928783150	2669
46	-82.51753847430	33.93102973430	2670
46	-82.45663089900	33.87822483790	2671
46	-82.42452541430	33.86025463640	2672
46	-82.39059654780	33.85414022730	2673
46	-82.36570863880	33.83600973470	2674
46	-82.35131158190	33.83539193650	2675
46	-82.31111855240	33.80391435240	2676
46	-82.30551058670	33.78264804350	2677
46	-82.26621791710	33.76159574910	2678
46	-82.23489817220	33.69033954830	2679
46	-82.21420671540	33.68073454550	2680
46	-82.19218763940	33.62383994550	2681
46	-82.16713208370	33.61521520440	2682
46	-82.13897891040	33.59390686490	2683
46	-82.11640298800	33.59477662970	2684
46	-82.06568154460	33.57386492170	2685
46	-82.03854314170	33.54750581770	2686
46	-82.02014061010	33.53873213050	2687
46	-81.99653471070	33.52049051810	2688
46	-81.98091701420	33.49073667650	2689
46	-81.93638328060	33.47101966400	2690
46	-81.91663808250	33.45133291020	2691
46	-81.92727380960	33.43614322830	2692
46	-81.91356363210	33.41544173600	2693
46	-81.94033580950	33.40816330810	2694
46	-81.92580935010	33.37655980810	2695
46	-81.94506633280	33.37714708020	2696
46	-81.93671215140	33.35043760500	2697
46	-81.91141259050	33.34949562480	2698
46	-81.91209174930	33.33219658490	2699
46	-81.89348327840	33.33523694610	2700
46	-81.87687401670	33.30683766800	2701
46	-81.86554408070	33.31566847270	2702
46	-81.84010728450	33.30834471790	2703
46	-81.86071475700	33.29709158980	2704
46	-81.82657289910	33.26942482580	2705
46	-81.83984060030	33.27330795000	2706
46	-81.83679654830	33.26061310420	2707
46	-81.85396307450	33.24350086460	2708
46	-81.81076474280	33.22644250920	2709
46	-81.80156353970	33.20792674010	2710
46	-81.77983466090	33.21736791410	2711
46	-81.76987813230	33.21388148470	2712
46	-81.75959352060	33.19538097550	2713
46	-81.76340826400	33.16983488570	2714
46	-81.74037466630	33.14469707620	2715
46	-81.70427925130	33.12293886820	2716
46	-81.61096222370	33.08787545230	2717
46	-81.59582519230	33.07079003120	2718
46	-81.56003498200	33.06081493500	2719
46	-81.54765985030	33.04368372540	2720
46	-81.52960071360	33.04392784380	2721
46	-81.50874915480	33.01279334910	2722
46	-81.49273484680	33.00481331370	2723
46	-81.49789977810	32.95967591830	2724
46	-81.50983997010	32.95541889740	2725
46	-81.51023666860	32.94722147410	2726
46	-81.47704813310	32.89757172630	2727
46	-81.46503171180	32.89772820700	2728
46	-81.48320499870	32.87609207570	2729
46	-81.45853884130	32.87140038760	2730
46	-81.45531900130	32.84457665830	2731
46	-81.43233129380	32.84168160850	2732
46	-81.42396163950	32.83177153510	2733
46	-81.43030928630	32.82030502100	2734
46	-81.42083333130	32.80949473050	2735
46	-81.43024031740	32.78615357140	2736
46	-81.41607199830	32.75672843990	2737
46	-81.42303770990	32.74981264840	2738
46	-81.40762607880	32.74180616020	2739
46	-81.42053547210	32.70156694140	2740
46	-81.40719152500	32.68670199640	2741
46	-81.39947831420	32.65081533490	2742
46	-81.41210528290	32.62560901360	2743
46	-81.38490636490	32.59588302640	2744
46	-81.36626761350	32.58836491790	2745
46	-81.36670254640	32.58197945840	2746
46	-81.35148936580	32.58352834900	2747
46	-81.34040386140	32.57136029240	2748
46	-81.29898353400	32.56728700960	2749
46	-81.27430238220	32.55481401760	2750
46	-81.26798547890	32.53392984830	2751
46	-81.23623978840	32.52061397350	2752
46	-81.19515724780	32.46456075840	2753
46	-81.19992690500	32.42031655590	2754
46	-81.17825274920	32.38682943500	2755
46	-81.17912291590	32.37178129440	2756
46	-81.15747907870	32.33874040190	2757
46	-81.14188425670	32.34846745630	2758
46	-81.13189004490	32.33261832850	2759
46	-81.12404817510	32.27664455160	2760
46	-81.14817311100	32.25771313890	2761
46	-81.14769255180	32.22444678470	2762
46	-81.11471779870	32.19059324440	2763
46	-81.11911230740	32.11761403010	2764
46	-81.10487575970	32.10544600270	2765
44	-91.16224132960	33.01316262120	2766
44	-91.16078409480	33.02183323920	2767
44	-91.15679385150	33.04055536840	2768
44	-91.12409331360	33.04739505550	2769
44	-91.11789810120	33.06569377500	2770
44	-91.14689835660	33.09077477500	2771
44	-91.19064668520	33.11334570200	2772
44	-91.19561365050	33.14058582770	2773
44	-91.17773745990	33.15040851440	2774
44	-91.12143839040	33.13119068460	2775
44	-91.09596309380	33.14520566290	2776
44	-91.08642608990	33.16172297790	2777
44	-91.09211028740	33.22581611420	2778
44	-91.05464881790	33.24590021850	2779
44	-91.04053405480	33.28204001690	2780
44	-91.05393935200	33.29369363290	2781
44	-91.07643152690	33.29247666710	2782
44	-91.10301308180	33.24932935310	2783
44	-91.12261366830	33.26862362740	2784
44	-91.14185577680	33.32250126210	2785
44	-91.13053349450	33.35951840710	2786
44	-91.10704953210	33.39352206650	2787
44	-91.07879697820	33.41029510700	2788
44	-91.06162267740	33.43191266670	2789
44	-91.06108865830	33.46012562500	2790
44	-91.07386834520	33.46632050400	2791
44	-91.08590793520	33.46297119940	2792
44	-91.09923682480	33.41501369030	2793
44	-91.13774359780	33.38899395550	2794
44	-91.18509320930	33.39194623440	2795
44	-91.20427423340	33.41441425240	2796
44	-91.19894113640	33.42222662290	2797
44	-91.13062529230	33.44323791670	2798
44	-91.11982172870	33.45294618790	2799
44	-91.11906643910	33.46978774940	2800
44	-91.12890876380	33.49330484070	2801
44	-91.16508870850	33.51189327810	2802
44	-91.17429002800	33.50448142140	2803
44	-91.17184076430	33.46675865150	2804
44	-91.18188132390	33.44750239020	2805
44	-91.23296184460	33.44355780020	2806
44	-91.22726255890	33.45956779070	2807
44	-91.20775358320	33.47351033390	2808
44	-91.18051588060	33.51212587530	2809
44	-91.18295744620	33.52346289740	2810
44	-91.20421377210	33.53861821160	2811
44	-91.21359825580	33.53938869550	2812
44	-91.22774374810	33.55646278110	2813
44	-91.22684366290	33.59059209190	2814
44	-91.18791706050	33.57479231980	2815
44	-91.16813338050	33.57735591420	2816
44	-91.15076092010	33.61627282370	2817
44	-91.15451485130	33.63714256990	2818
44	-91.20542010320	33.67005447300	2819
44	-91.21525485500	33.69083253310	2820
44	-91.21179111060	33.70907404910	2821
44	-91.16341157260	33.71842436040	2822
44	-91.12115829570	33.67763900140	2823
44	-91.08387971620	33.66269757060	2824
44	-91.03794174480	33.68332769280	2825
44	-91.03893376850	33.70560134910	2826
44	-91.05632184150	33.71946730470	2827
44	-91.10467847060	33.70834314940	2828
44	-91.12905522680	33.71255033680	2829
44	-91.13811169380	33.72333414530	2830
44	-91.14300262850	33.77192854900	2831
44	-91.13709733860	33.78019493260	2832
44	-91.10552584180	33.77654865620	2833
44	-91.06650027760	33.78663514990	2834
44	-91.04351203530	33.76966424500	2835
44	-91.01854016460	33.76408384230	2836
44	-90.99548340690	33.77166002610	2837
44	-90.98414580020	33.78545001080	2838
44	-90.99047854080	33.79900714430	2839
44	-91.02896264310	33.81669501310	2840
44	-91.05492651340	33.84363348070	2841
44	-91.06148054410	33.86718868830	2842
44	-91.01857194440	33.93641344750	2843
44	-91.07581739880	33.97474944650	2844
44	-91.08896340340	33.99457382250	2845
44	-91.06980548900	34.00620118880	2846
44	-91.03116883750	33.98580502010	2847
44	-91.00965329510	33.99063471880	2848
44	-91.00036786230	33.96847952410	2849
44	-90.98692435100	33.96092293080	2850
44	-90.96489758470	33.96756831950	2851
44	-90.96123544310	33.97898174850	2852
44	-90.97538094670	33.99471308440	2853
44	-90.97347371130	34.01110462010	2854
44	-90.95057738630	34.03139503590	2855
44	-90.88645032090	34.04081809060	2856
44	-90.86643858090	34.10105910140	2857
44	-90.90641792330	34.10285529340	2858
44	-90.94235382550	34.12604786680	2859
44	-90.95345532350	34.15590875830	2860
44	-90.92902561450	34.18575478990	2861
44	-90.84671660870	34.14765129640	2862
44	-90.82897009060	34.14876537550	2863
44	-90.80761499230	34.16627859640	2864
44	-90.82302720130	34.19065011170	2865
44	-90.92159460090	34.20493488280	2866
44	-90.93381765060	34.23478051010	2867
44	-90.92854577940	34.25029852180	2868
44	-90.86351805050	34.21926707590	2869
44	-90.83146612580	34.22963938890	2870
44	-90.82394433720	34.27744445780	2871
44	-90.80652652930	34.29945123300	2872
44	-90.79263302800	34.30006169030	2873
44	-90.75836020090	34.27908151530	2874
44	-90.74786301500	34.31782298400	2875
44	-90.76196388930	34.36401802600	2876
44	-90.75541794940	34.37226911360	2877
44	-90.68759067110	34.37797662580	2878
44	-90.68124243230	34.36350400420	2879
44	-90.68948128140	34.32024982320	2880
44	-90.67944065270	34.31807942590	2881
44	-90.65791781400	34.33011103690	2882
44	-90.65734648600	34.36601433260	2883
44	-90.60389412050	34.40470297980	2884
44	-90.57922804450	34.43310320950	2885
44	-90.57450570770	34.45404940010	2886
44	-90.59015506210	34.49660902020	2887
44	-90.58045019330	34.52032467970	2888
44	-90.56578595280	34.53261176730	2889
44	-90.53725095300	34.54343037800	2890
44	-90.53071997200	34.55575168180	2891
44	-90.57771887100	34.60484538400	2892
44	-90.58809525010	34.62791614380	2893
44	-90.57940507830	34.64571145820	2894
44	-90.56116263430	34.70038663610	2895
44	-90.53916630260	34.68604763920	2896
44	-90.54765041880	34.65190669410	2897
44	-90.53906701400	34.63699541200	2898
44	-90.50891457010	34.63816678040	2899
44	-90.46632612160	34.67214002240	2900
44	-90.47008000450	34.70435444730	2901
44	-90.51366802310	34.70216842690	2902
44	-90.53338308130	34.71335274780	2903
44	-90.54784891550	34.79043454480	2904
44	-90.52736328300	34.80742111170	2905
44	-90.51614770220	34.80570079520	2906
44	-90.50138435580	34.78993131010	2907
44	-90.49883609780	34.76588405250	2908
44	-90.51707096960	34.74847025980	2909
44	-90.50452014380	34.72995418020	2910
44	-90.48602595180	34.72693309600	2911
44	-90.45153258060	34.74129909730	2912
44	-90.44896905430	34.76084899220	2913
44	-90.46680699540	34.79976171510	2914
44	-90.45200553730	34.82531583880	2915
44	-90.47481798570	34.85782379780	2916
44	-90.47062930170	34.88102044160	2917
44	-90.43818824410	34.88627715310	2918
44	-90.42794171460	34.87273916730	2919
44	-90.43364870980	34.83545134440	2920
44	-90.42241031690	34.83236538420	2921
44	-90.40403060270	34.84113526420	2922
44	-90.34152127880	34.86067402950	2923
44	-90.32292033490	34.85036323340	2924
44	-90.30164901400	34.85187393290	2925
44	-90.29954322520	34.86505724690	2926
44	-90.29636928590	34.88278758630	2927
44	-90.26680457370	34.89660810070	2928
44	-90.24293921040	34.92082714180	2929
44	-90.24199312180	34.93899995510	2930
44	-90.24826458560	34.94985639380	2931
44	-90.29960409120	34.97857631660	2932
44	-90.30544833290	35.00078876690	2933
47	-91.16224132960	33.01316262120	2934
47	-91.16078409480	33.02183323920	2935
47	-91.15679385150	33.04055536840	2936
47	-91.12409331360	33.04739505550	2937
47	-91.11789810120	33.06569377500	2938
47	-91.14689835660	33.09077477500	2939
47	-91.19064668520	33.11334570200	2940
47	-91.19561365050	33.14058582770	2941
47	-91.17773745990	33.15040851440	2942
47	-91.12143839040	33.13119068460	2943
47	-91.09596309380	33.14520566290	2944
47	-91.08642608990	33.16172297790	2945
47	-91.09211028740	33.22581611420	2946
47	-91.05464881790	33.24590021850	2947
47	-91.04053405480	33.28204001690	2948
47	-91.05393935200	33.29369363290	2949
47	-91.07643152690	33.29247666710	2950
47	-91.10301308180	33.24932935310	2951
47	-91.12261366830	33.26862362740	2952
47	-91.14185577680	33.32250126210	2953
47	-91.13053349450	33.35951840710	2954
47	-91.10704953210	33.39352206650	2955
47	-91.07879697820	33.41029510700	2956
47	-91.06162267740	33.43191266670	2957
47	-91.06108865830	33.46012562500	2958
47	-91.07386834520	33.46632050400	2959
47	-91.08590793520	33.46297119940	2960
47	-91.09923682480	33.41501369030	2961
47	-91.13774359780	33.38899395550	2962
47	-91.18509320930	33.39194623440	2963
47	-91.20427423340	33.41441425240	2964
47	-91.19894113640	33.42222662290	2965
47	-91.13062529230	33.44323791670	2966
47	-91.11982172870	33.45294618790	2967
47	-91.11906643910	33.46978774940	2968
47	-91.12890876380	33.49330484070	2969
47	-91.16508870850	33.51189327810	2970
47	-91.17429002800	33.50448142140	2971
47	-91.17184076430	33.46675865150	2972
47	-91.18188132390	33.44750239020	2973
47	-91.23296184460	33.44355780020	2974
47	-91.22726255890	33.45956779070	2975
47	-91.20775358320	33.47351033390	2976
47	-91.18051588060	33.51212587530	2977
47	-91.18295744620	33.52346289740	2978
47	-91.20421377210	33.53861821160	2979
47	-91.21359825580	33.53938869550	2980
47	-91.22774374810	33.55646278110	2981
47	-91.22684366290	33.59059209190	2982
47	-91.18791706050	33.57479231980	2983
47	-91.16813338050	33.57735591420	2984
47	-91.15076092010	33.61627282370	2985
47	-91.15451485130	33.63714256990	2986
47	-91.20542010320	33.67005447300	2987
47	-91.21525485500	33.69083253310	2988
47	-91.21179111060	33.70907404910	2989
47	-91.16341157260	33.71842436040	2990
47	-91.12115829570	33.67763900140	2991
47	-91.08387971620	33.66269757060	2992
47	-91.03794174480	33.68332769280	2993
47	-91.03893376850	33.70560134910	2994
47	-91.05632184150	33.71946730470	2995
47	-91.10467847060	33.70834314940	2996
47	-91.12905522680	33.71255033680	2997
47	-91.13811169380	33.72333414530	2998
47	-91.14300262850	33.77192854900	2999
47	-91.13709733860	33.78019493260	3000
47	-91.10552584180	33.77654865620	3001
47	-91.06650027760	33.78663514990	3002
47	-91.04351203530	33.76966424500	3003
47	-91.01854016460	33.76408384230	3004
47	-90.99548340690	33.77166002610	3005
47	-90.98414580020	33.78545001080	3006
47	-90.99047854080	33.79900714430	3007
47	-91.02896264310	33.81669501310	3008
47	-91.05492651340	33.84363348070	3009
47	-91.06148054410	33.86718868830	3010
47	-91.01857194440	33.93641344750	3011
47	-91.07581739880	33.97474944650	3012
47	-91.08896340340	33.99457382250	3013
47	-91.06980548900	34.00620118880	3014
47	-91.03116883750	33.98580502010	3015
47	-91.00965329510	33.99063471880	3016
47	-91.00036786230	33.96847952410	3017
47	-90.98692435100	33.96092293080	3018
47	-90.96489758470	33.96756831950	3019
47	-90.96123544310	33.97898174850	3020
47	-90.97538094670	33.99471308440	3021
47	-90.97347371130	34.01110462010	3022
47	-90.95057738630	34.03139503590	3023
47	-90.88645032090	34.04081809060	3024
47	-90.86643858090	34.10105910140	3025
47	-90.90641792330	34.10285529340	3026
47	-90.94235382550	34.12604786680	3027
47	-90.95345532350	34.15590875830	3028
47	-90.92902561450	34.18575478990	3029
47	-90.84671660870	34.14765129640	3030
47	-90.82897009060	34.14876537550	3031
47	-90.80761499230	34.16627859640	3032
47	-90.82302720130	34.19065011170	3033
47	-90.92159460090	34.20493488280	3034
47	-90.93381765060	34.23478051010	3035
47	-90.92854577940	34.25029852180	3036
47	-90.86351805050	34.21926707590	3037
47	-90.83146612580	34.22963938890	3038
47	-90.82394433720	34.27744445780	3039
47	-90.80652652930	34.29945123300	3040
47	-90.79263302800	34.30006169030	3041
47	-90.75836020090	34.27908151530	3042
47	-90.74786301500	34.31782298400	3043
47	-90.76196388930	34.36401802600	3044
47	-90.75541794940	34.37226911360	3045
47	-90.68759067110	34.37797662580	3046
47	-90.68124243230	34.36350400420	3047
47	-90.68948128140	34.32024982320	3048
47	-90.67944065270	34.31807942590	3049
47	-90.65791781400	34.33011103690	3050
47	-90.65734648600	34.36601433260	3051
47	-90.60389412050	34.40470297980	3052
47	-90.57922804450	34.43310320950	3053
47	-90.57450570770	34.45404940010	3054
47	-90.59015506210	34.49660902020	3055
47	-90.58045019330	34.52032467970	3056
47	-90.56578595280	34.53261176730	3057
47	-90.53725095300	34.54343037800	3058
47	-90.53071997200	34.55575168180	3059
47	-90.57771887100	34.60484538400	3060
47	-90.58809525010	34.62791614380	3061
47	-90.57940507830	34.64571145820	3062
47	-90.56116263430	34.70038663610	3063
47	-90.53916630260	34.68604763920	3064
47	-90.54765041880	34.65190669410	3065
47	-90.53906701400	34.63699541200	3066
47	-90.50891457010	34.63816678040	3067
47	-90.46632612160	34.67214002240	3068
47	-90.47008000450	34.70435444730	3069
47	-90.51366802310	34.70216842690	3070
47	-90.53338308130	34.71335274780	3071
47	-90.54784891550	34.79043454480	3072
47	-90.52736328300	34.80742111170	3073
47	-90.51614770220	34.80570079520	3074
47	-90.50138435580	34.78993131010	3075
47	-90.49883609780	34.76588405250	3076
47	-90.51707096960	34.74847025980	3077
47	-90.50452014380	34.72995418020	3078
47	-90.48602595180	34.72693309600	3079
47	-90.45153258060	34.74129909730	3080
47	-90.44896905430	34.76084899220	3081
47	-90.46680699540	34.79976171510	3082
47	-90.45200553730	34.82531583880	3083
47	-90.47481798570	34.85782379780	3084
47	-90.47062930170	34.88102044160	3085
47	-90.43818824410	34.88627715310	3086
47	-90.42794171460	34.87273916730	3087
47	-90.43364870980	34.83545134440	3088
47	-90.42241031690	34.83236538420	3089
47	-90.40403060270	34.84113526420	3090
47	-90.34152127880	34.86067402950	3091
47	-90.32292033490	34.85036323340	3092
47	-90.30164901400	34.85187393290	3093
47	-90.29954322520	34.86505724690	3094
47	-90.29636928590	34.88278758630	3095
47	-90.26680457370	34.89660810070	3096
47	-90.24293921040	34.92082714180	3097
47	-90.24199312180	34.93899995510	3098
47	-90.24826458560	34.94985639380	3099
47	-90.29960409120	34.97857631660	3100
47	-90.30544833290	35.00078876690	3101
43	-88.40141515370	30.39355178040	3102
43	-88.41724262810	30.73645711570	3103
43	-88.42919900190	31.00069508770	3104
43	-88.43456311610	31.12087946940	3105
43	-88.45080311660	31.43561769070	3106
43	-88.46509684140	31.70224502940	3107
43	-88.47295192110	31.88887681670	3108
43	-88.43772422800	32.22775561440	3109
43	-88.42579199710	32.30922430320	3110
43	-88.39383251680	32.58047022610	3111
43	-88.34804146620	32.92475822050	3112
43	-88.33946633180	32.98749721140	3113
43	-88.30482958320	33.28889434700	3114
43	-88.27458669110	33.53880146500	3115
43	-88.24819560520	33.74272639690	3116
43	-88.20264467080	34.05912228460	3117
43	-88.19934924270	34.09044806640	3118
43	-88.16761332000	34.32414749130	3119
43	-88.15125641340	34.46527323580	3120
43	-88.13640162360	34.58049729780	3121
43	-88.09046867570	34.89562966370	3122
43	-88.10888651430	34.89993646860	3123
43	-88.14310494060	34.93031245730	3124
43	-88.19399357760	35.00445364400	3125
44	-88.40141515370	30.39355178040	3126
44	-88.41724262810	30.73645711570	3127
44	-88.42919900190	31.00069508770	3128
44	-88.43456311610	31.12087946940	3129
44	-88.45080311660	31.43561769070	3130
44	-88.46509684140	31.70224502940	3131
44	-88.47295192110	31.88887681670	3132
44	-88.43772422800	32.22775561440	3133
44	-88.42579199710	32.30922430320	3134
44	-88.39383251680	32.58047022610	3135
44	-88.34804146620	32.92475822050	3136
44	-88.33946633180	32.98749721140	3137
44	-88.30482958320	33.28889434700	3138
44	-88.27458669110	33.53880146500	3139
44	-88.24819560520	33.74272639690	3140
44	-88.20264467080	34.05912228460	3141
44	-88.19934924270	34.09044806640	3142
44	-88.16761332000	34.32414749130	3143
44	-88.15125641340	34.46527323580	3144
44	-88.13640162360	34.58049729780	3145
44	-88.09046867570	34.89562966370	3146
44	-88.10888651430	34.89993646860	3147
44	-88.14310494060	34.93031245730	3148
44	-88.19399357760	35.00445364400	3149
40	-88.19399357760	35.00445364400	3150
40	-88.35172774200	35.00383227490	3151
40	-88.38314627330	35.00504153690	3152
40	-88.78504339140	35.00318230970	3153
40	-88.81254827680	35.00243859950	3154
40	-89.00619639160	35.00023472140	3155
40	-89.19813473240	35.00088378870	3156
40	-89.34237297360	34.99980486980	3157
40	-89.64655874080	35.00073329540	3158
40	-89.71727006550	34.99926119030	3159
40	-90.30544833290	35.00078876690	3160
44	-88.19399357760	35.00445364400	3161
44	-88.35172774200	35.00383227490	3162
44	-88.38314627330	35.00504153690	3163
44	-88.78504339140	35.00318230970	3164
44	-88.81254827680	35.00243859950	3165
44	-89.00619639160	35.00023472140	3166
44	-89.19813473240	35.00088378870	3167
44	-89.34237297360	34.99980486980	3168
44	-89.64655874080	35.00073329540	3169
44	-89.71727006550	34.99926119030	3170
44	-90.30544833290	35.00078876690	3171
40	-85.60896021630	34.99016416160	3172
40	-85.86956755800	34.99238453510	3173
40	-86.30350041320	34.99546387220	3174
40	-86.31305264550	34.99527315320	3175
40	-86.78237221480	34.99707532230	3176
40	-86.83342212430	34.99824605600	3177
40	-87.20758847810	35.00796039090	3178
40	-87.22276392900	35.00734620530	3179
40	-87.60781306320	35.01054662440	3180
40	-87.98607827060	35.01603363850	3181
40	-88.19496238140	35.01354386770	3182
40	-88.19399357760	35.00445364400	3183
43	-85.60896021630	34.99016416160	3184
43	-85.86956755800	34.99238453510	3185
43	-86.30350041320	34.99546387220	3186
43	-86.31305264550	34.99527315320	3187
43	-86.78237221480	34.99707532230	3188
43	-86.83342212430	34.99824605600	3189
43	-87.20758847810	35.00796039090	3190
43	-87.22276392900	35.00734620530	3191
43	-87.60781306320	35.01054662440	3192
43	-87.98607827060	35.01603363850	3193
43	-88.19496238140	35.01354386770	3194
43	-88.19399357760	35.00445364400	3195
39	-76.00249761120	35.06960537000	3196
39	-76.01662795560	35.06960512260	3197
39	-75.97531321030	35.11635514150	3198
39	-75.85354935460	35.16745518090	3199
39	-75.76331155590	35.19245823380	3200
39	-75.81115030890	35.16419427910	3201
39	-75.90356247920	35.13266420060	3202
39	-76.00249761120	35.06960537000	3203
39	-82.38945068540	35.20835653660	3204
39	-82.43776138230	35.16967621720	3205
39	-82.46658599140	35.17361722900	3206
39	-82.52447965140	35.15467744910	3207
39	-82.56987590750	35.14960737390	3208
39	-82.65434412550	35.11957405040	3209
39	-82.68590022500	35.12158043110	3210
39	-82.68788463280	35.09791827070	3211
39	-82.69720826350	35.09134947480	3212
39	-82.77120114580	35.08553766290	3213
39	-82.88755625570	35.05547320640	3214
39	-83.00714657890	35.02429320650	3215
39	-83.10615697390	35.00036670810	3216
46	-82.38945068540	35.20835653660	3217
46	-82.43776138230	35.16967621720	3218
46	-82.46658599140	35.17361722900	3219
46	-82.52447965140	35.15467744910	3220
46	-82.56987590750	35.14960737390	3221
46	-82.65434412550	35.11957405040	3222
46	-82.68590022500	35.12158043110	3223
46	-82.68788463280	35.09791827070	3224
46	-82.69720826350	35.09134947480	3225
46	-82.77120114580	35.08553766290	3226
46	-82.88755625570	35.05547320640	3227
46	-83.00714657890	35.02429320650	3228
46	-83.10615697390	35.00036670810	3229
39	-78.57945349610	33.88216461350	3230
39	-78.65545314850	33.94884499880	3231
39	-79.07425758990	34.30473849440	3232
39	-79.44691335280	34.61922219540	3233
39	-79.45574084200	34.63425197000	3234
39	-79.66728233850	34.80082020060	3235
39	-79.68573868000	34.80541272070	3236
39	-79.91973663180	34.80807407040	3237
39	-80.32506540650	34.81491671690	3238
39	-80.56133489470	34.81537967330	3239
39	-80.79985577870	34.81626007370	3240
39	-80.78544463010	34.94078810850	3241
39	-80.83995905410	35.00216644330	3242
39	-80.89451037160	35.05988080820	3243
39	-80.92759188700	35.10139470910	3244
39	-81.03968520010	35.03734536890	3245
39	-81.06535002120	35.06662530670	3246
39	-81.02824058880	35.10555096400	3247
39	-81.04883974030	35.13215340020	3248
39	-81.04909901660	35.15167277580	3249
39	-81.32262574140	35.16389181080	3250
39	-81.36198018690	35.16298671220	3251
39	-81.76518108880	35.18259607290	3252
39	-81.87041657120	35.18323780340	3253
39	-81.97127270310	35.18840002600	3254
39	-82.21001044240	35.19324105940	3255
39	-82.27816557710	35.19512160820	3256
39	-82.32060889630	35.18430383560	3257
39	-82.35070003340	35.19278815860	3258
39	-82.35996233440	35.18306465790	3259
39	-82.37121598520	35.18283976100	3260
39	-82.38945068540	35.20835653660	3261
46	-78.57945349610	33.88216461350	3262
46	-78.65545314850	33.94884499880	3263
46	-79.07425758990	34.30473849440	3264
46	-79.44691335280	34.61922219540	3265
46	-79.45574084200	34.63425197000	3266
46	-79.66728233850	34.80082020060	3267
46	-79.68573868000	34.80541272070	3268
46	-79.91973663180	34.80807407040	3269
46	-80.32506540650	34.81491671690	3270
46	-80.56133489470	34.81537967330	3271
46	-80.79985577870	34.81626007370	3272
46	-80.78544463010	34.94078810850	3273
46	-80.83995905410	35.00216644330	3274
46	-80.89451037160	35.05988080820	3275
46	-80.92759188700	35.10139470910	3276
46	-81.03968520010	35.03734536890	3277
46	-81.06535002120	35.06662530670	3278
46	-81.02824058880	35.10555096400	3279
46	-81.04883974030	35.13215340020	3280
46	-81.04909901660	35.15167277580	3281
46	-81.32262574140	35.16389181080	3282
46	-81.36198018690	35.16298671220	3283
46	-81.76518108880	35.18259607290	3284
46	-81.87041657120	35.18323780340	3285
46	-81.97127270310	35.18840002600	3286
46	-82.21001044240	35.19324105940	3287
46	-82.27816557710	35.19512160820	3288
46	-82.32060889630	35.18430383560	3289
46	-82.35070003340	35.19278815860	3290
46	-82.35996233440	35.18306465790	3291
46	-82.37121598520	35.18283976100	3292
46	-82.38945068540	35.20835653660	3293
39	-75.52589357230	35.22809442150	3294
39	-75.74889875960	35.19000178640	3295
39	-75.69117172070	35.23516485110	3296
39	-75.52108025460	35.28153481400	3297
39	-75.47502019030	35.56467508380	3298
39	-75.49082402670	35.67067794430	3299
39	-75.53323278580	35.76903448190	3300
39	-75.45658042670	35.61757742390	3301
39	-75.52589357230	35.22809442150	3302
40	-90.30544833290	35.00078876690	3303
40	-90.29190593590	35.04855150810	3304
40	-90.19580385700	35.04099074850	3305
40	-90.16917671880	35.07791974300	3306
40	-90.17843898740	35.10873803910	3307
40	-90.16456841970	35.12970303270	3308
40	-90.14382360470	35.13662641180	3309
40	-90.08301595590	35.12514019610	3310
40	-90.06462858670	35.14747466270	3311
40	-90.06252272860	35.16700549910	3312
40	-90.07339477200	35.19192264870	3313
40	-90.06905343930	35.21282673510	3314
40	-90.09019489680	35.25448625720	3315
40	-90.10603394210	35.26393510790	3316
40	-90.15221595870	35.26414508580	3317
40	-90.16984033490	35.28265363130	3318
40	-90.15708359890	35.30633086090	3319
40	-90.10643821190	35.31477242060	3320
40	-90.09879327480	35.34567836960	3321
40	-90.10571329780	35.36606748290	3322
40	-90.08722669390	35.38159289570	3323
40	-90.07556857120	35.40661289880	3324
40	-90.08525053800	35.41836574000	3325
40	-90.11233571140	35.41777454180	3326
40	-90.13256186540	35.40768494960	3327
40	-90.14026019210	35.38313033000	3328
40	-90.16790994060	35.38433963690	3329
40	-90.17276997280	35.42380177120	3330
40	-90.13736847730	35.44260770970	3331
40	-90.10205086270	35.47365093000	3332
40	-90.08232062240	35.47828945800	3333
40	-90.07493515190	35.47242638610	3334
40	-90.07402733800	35.42659001450	3335
40	-90.06038559990	35.41349441970	3336
40	-90.04687352260	35.41718693070	3337
40	-89.99965366740	35.44553702470	3338
40	-90.04190641170	35.51252170730	3339
40	-90.04099090250	35.54292797190	3340
40	-90.03314001690	35.55249500780	3341
40	-89.98967398430	35.56175685890	3342
40	-89.96235991330	35.53237289670	3343
40	-89.94763474180	35.52698284740	3344
40	-89.93126157520	35.52931358180	3345
40	-89.92174743760	35.54613986580	3346
40	-89.95811786550	35.57867470610	3347
40	-89.95713365500	35.60318361500	3348
40	-89.87752609460	35.63341461460	3349
40	-89.86392246440	35.62982508360	3350
40	-89.84928118820	35.64530104090	3351
40	-89.85733042960	35.67114127770	3352
40	-89.86526524850	35.67338425350	3353
40	-89.89348727560	35.65605053850	3354
40	-89.92982722280	35.67634421410	3355
40	-89.95212103230	35.71256393200	3356
40	-89.95112155790	35.73434539530	3357
40	-89.90986810030	35.75491397910	3358
40	-89.85995496410	35.74826912730	3359
40	-89.82712463300	35.75834749450	3360
40	-89.79998603600	35.77430036460	3361
40	-89.79046432450	35.80562990930	3362
40	-89.75987711180	35.81749736970	3363
40	-89.73601929850	35.80711398580	3364
40	-89.70090799570	35.82759083270	3365
40	-89.70151839340	35.84211311360	3366
40	-89.75779435700	35.87149340510	3367
40	-89.76635485230	35.88417697730	3368
40	-89.76299021120	35.89688733090	3369
40	-89.73805666020	35.91508697700	3370
40	-89.71476351080	35.91150118100	3371
40	-89.66472860730	35.88572184080	3372
40	-89.64941603650	35.89436193640	3373
40	-89.64547920060	35.91387373610	3374
40	-89.66427092680	35.93789447030	3375
40	-89.71321482610	35.96639745680	3376
40	-89.72183634480	35.99995092410	3377
47	-90.30544833290	35.00078876690	3378
47	-90.29190593590	35.04855150810	3379
47	-90.19580385700	35.04099074850	3380
47	-90.16917671880	35.07791974300	3381
47	-90.17843898740	35.10873803910	3382
47	-90.16456841970	35.12970303270	3383
47	-90.14382360470	35.13662641180	3384
47	-90.08301595590	35.12514019610	3385
47	-90.06462858670	35.14747466270	3386
47	-90.06252272860	35.16700549910	3387
47	-90.07339477200	35.19192264870	3388
47	-90.06905343930	35.21282673510	3389
47	-90.09019489680	35.25448625720	3390
47	-90.10603394210	35.26393510790	3391
47	-90.15221595870	35.26414508580	3392
47	-90.16984033490	35.28265363130	3393
47	-90.15708359890	35.30633086090	3394
47	-90.10643821190	35.31477242060	3395
47	-90.09879327480	35.34567836960	3396
47	-90.10571329780	35.36606748290	3397
47	-90.08722669390	35.38159289570	3398
47	-90.07556857120	35.40661289880	3399
47	-90.08525053800	35.41836574000	3400
47	-90.11233571140	35.41777454180	3401
47	-90.13256186540	35.40768494960	3402
47	-90.14026019210	35.38313033000	3403
47	-90.16790994060	35.38433963690	3404
47	-90.17276997280	35.42380177120	3405
47	-90.13736847730	35.44260770970	3406
47	-90.10205086270	35.47365093000	3407
47	-90.08232062240	35.47828945800	3408
47	-90.07493515190	35.47242638610	3409
47	-90.07402733800	35.42659001450	3410
47	-90.06038559990	35.41349441970	3411
47	-90.04687352260	35.41718693070	3412
47	-89.99965366740	35.44553702470	3413
47	-90.04190641170	35.51252170730	3414
47	-90.04099090250	35.54292797190	3415
47	-90.03314001690	35.55249500780	3416
47	-89.98967398430	35.56175685890	3417
47	-89.96235991330	35.53237289670	3418
47	-89.94763474180	35.52698284740	3419
47	-89.93126157520	35.52931358180	3420
47	-89.92174743760	35.54613986580	3421
47	-89.95811786550	35.57867470610	3422
47	-89.95713365500	35.60318361500	3423
47	-89.87752609460	35.63341461460	3424
47	-89.86392246440	35.62982508360	3425
47	-89.84928118820	35.64530104090	3426
47	-89.85733042960	35.67114127770	3427
47	-89.86526524850	35.67338425350	3428
47	-89.89348727560	35.65605053850	3429
47	-89.92982722280	35.67634421410	3430
47	-89.95212103230	35.71256393200	3431
47	-89.95112155790	35.73434539530	3432
47	-89.90986810030	35.75491397910	3433
47	-89.85995496410	35.74826912730	3434
47	-89.82712463300	35.75834749450	3435
47	-89.79998603600	35.77430036460	3436
47	-89.79046432450	35.80562990930	3437
47	-89.75987711180	35.81749736970	3438
47	-89.73601929850	35.80711398580	3439
47	-89.70090799570	35.82759083270	3440
47	-89.70151839340	35.84211311360	3441
47	-89.75779435700	35.87149340510	3442
47	-89.76635485230	35.88417697730	3443
47	-89.76299021120	35.89688733090	3444
47	-89.73805666020	35.91508697700	3445
47	-89.71476351080	35.91150118100	3446
47	-89.66472860730	35.88572184080	3447
47	-89.64941603650	35.89436193640	3448
47	-89.64547920060	35.91387373610	3449
47	-89.66427092680	35.93789447030	3450
47	-89.71321482610	35.96639745680	3451
47	-89.72183634480	35.99995092410	3452
38	-94.61725709590	36.48941416140	3453
38	-94.60745283220	36.47879035470	3454
38	-94.55311361990	36.16452521110	3455
38	-94.54241727390	36.10683580390	3456
38	-94.48593482610	35.76031049410	3457
38	-94.46848521100	35.64108826240	3458
38	-94.42855201210	35.40054626950	3459
38	-94.43932214930	34.92915087720	3460
38	-94.44596107530	34.73560811630	3461
38	-94.45262404590	34.50843268180	3462
38	-94.46169144900	34.19676519330	3463
38	-94.46858488730	33.93931145570	3464
38	-94.47669126230	33.63208183430	3465
47	-94.61725709590	36.48941416140	3466
47	-94.60745283220	36.47879035470	3467
47	-94.55311361990	36.16452521110	3468
47	-94.54241727390	36.10683580390	3469
47	-94.48593482610	35.76031049410	3470
47	-94.46848521100	35.64108826240	3471
47	-94.42855201210	35.40054626950	3472
47	-94.43932214930	34.92915087720	3473
47	-94.44596107530	34.73560811630	3474
47	-94.45262404590	34.50843268180	3475
47	-94.46169144900	34.19676519330	3476
47	-94.46858488730	33.93931145570	3477
47	-94.47669126230	33.63208183430	3478
41	-106.53951477600	31.78630527740	3479
41	-106.61498655000	31.81783438400	3480
41	-106.61612370600	31.84474053320	3481
41	-106.64407909200	31.89520543700	3482
41	-106.63374892400	31.91410100990	3483
41	-106.63260528700	31.97221998840	3484
41	-106.65006189100	31.98032972750	3485
41	-106.62362565900	32.00108878530	3486
41	-106.37838728300	32.00074706520	3487
41	-106.00324037600	32.00165802430	3488
41	-104.92230481500	32.00438210870	3489
41	-104.85106805200	32.00326502730	3490
41	-104.01929695000	32.00740348960	3491
41	-103.98137707800	32.00601522220	3492
41	-103.72944428000	32.00622890250	3493
41	-103.33254941800	32.00428147470	3494
41	-103.05841376800	32.00202277880	3495
41	-103.05564053200	32.08511682310	3496
41	-103.06001818600	32.51554551800	3497
41	-103.04933086400	32.95363891410	3498
41	-103.04310099300	33.37783147410	3499
41	-103.03873645300	33.56584318680	3500
41	-103.03325849800	33.82618159120	3501
41	-103.02964583400	34.30782047630	3502
41	-103.02265702500	34.74533275590	3503
41	-103.02525127400	34.96477987590	3504
41	-103.02615116500	35.17726551510	3505
41	-103.02229404800	35.62364801790	3506
41	-103.02261226400	35.74232729960	3507
41	-103.02404795500	36.05606185120	3508
41	-103.02728679000	36.49159184640	3509
41	-102.99740099900	36.49237018490	3510
42	-106.53951477600	31.78630527740	3511
42	-106.61498655000	31.81783438400	3512
42	-106.61612370600	31.84474053320	3513
42	-106.64407909200	31.89520543700	3514
42	-106.63374892400	31.91410100990	3515
42	-106.63260528700	31.97221998840	3516
42	-106.65006189100	31.98032972750	3517
42	-106.62362565900	32.00108878530	3518
42	-106.37838728300	32.00074706520	3519
42	-106.00324037600	32.00165802430	3520
42	-104.92230481500	32.00438210870	3521
42	-104.85106805200	32.00326502730	3522
42	-104.01929695000	32.00740348960	3523
42	-103.98137707800	32.00601522220	3524
42	-103.72944428000	32.00622890250	3525
42	-103.33254941800	32.00428147470	3526
42	-103.05841376800	32.00202277880	3527
42	-103.05564053200	32.08511682310	3528
42	-103.06001818600	32.51554551800	3529
42	-103.04933086400	32.95363891410	3530
42	-103.04310099300	33.37783147410	3531
42	-103.03873645300	33.56584318680	3532
42	-103.03325849800	33.82618159120	3533
42	-103.02964583400	34.30782047630	3534
42	-103.02265702500	34.74533275590	3535
42	-103.02525127400	34.96477987590	3536
42	-103.02615116500	35.17726551510	3537
42	-103.02229404800	35.62364801790	3538
42	-103.02261226400	35.74232729960	3539
42	-103.02404795500	36.05606185120	3540
42	-103.02728679000	36.49159184640	3541
42	-102.99740099900	36.49237018490	3542
38	-94.47669126230	33.63208183430	3543
38	-94.50081601720	33.62316272860	3544
38	-94.51076509590	33.63092538770	3545
38	-94.52526119890	33.62113663540	3546
38	-94.51819645590	33.64312456060	3547
38	-94.55040081550	33.63280901130	3548
38	-94.56235640260	33.63565069030	3549
38	-94.56240224830	33.64294433560	3550
38	-94.54213813680	33.64836159720	3551
38	-94.54562499150	33.66173575800	3552
38	-94.57666964560	33.65227089400	3553
38	-94.58859470160	33.65556269430	3554
38	-94.58536744510	33.66224605830	3555
38	-94.56541611850	33.66312768120	3556
38	-94.56093001350	33.67202740110	3557
38	-94.57871452780	33.67058506430	3558
38	-94.58531417510	33.67909543810	3559
38	-94.60115305800	33.66572087320	3560
38	-94.63194611400	33.68401149410	3561
38	-94.63897287050	33.67021752860	3562
38	-94.65874868980	33.66385043070	3563
38	-94.66963609870	33.66617331820	3564
38	-94.66816361120	33.67157108810	3565
38	-94.64453486460	33.67776280050	3566
38	-94.65568935570	33.69240320610	3567
38	-94.66866725490	33.69664862260	3568
38	-94.69119732860	33.69039970580	3569
38	-94.74186524720	33.70137710950	3570
38	-94.75469062240	33.70788086750	3571
38	-94.74232301590	33.71915716640	3572
38	-94.76293071940	33.71690628360	3573
38	-94.74998307230	33.73681498010	3574
38	-94.78337077760	33.73377456790	3575
38	-94.78224159300	33.74237660380	3576
38	-94.76438804720	33.75295092330	3577
38	-94.78372181710	33.75337046830	3578
38	-94.80343699440	33.73969100830	3579
38	-94.81937555940	33.74951367160	3580
38	-94.85809649840	33.74942960480	3581
38	-94.88185574360	33.77507193630	3582
38	-94.91409912080	33.78970498190	3583
38	-94.90876604930	33.80358669910	3584
38	-94.91845590170	33.81630485560	3585
38	-94.94062024970	33.81591563700	3586
38	-94.94010923140	33.84093242040	3587
38	-94.96012965780	33.84818403460	3588
38	-94.96892682870	33.86632284950	3589
38	-94.98950410890	33.85629007290	3590
38	-95.01299586880	33.87005338110	3591
38	-95.03758603620	33.86655907420	3592
38	-95.04308708830	33.88455293880	3593
38	-95.06336665130	33.89680183830	3594
38	-95.06370250120	33.91775589860	3595
38	-95.08382918370	33.88856969460	3596
38	-95.08994056120	33.89702301290	3597
38	-95.08249423370	33.91856073160	3598
38	-95.09558666930	33.92184512650	3599
38	-95.11945200410	33.91238845300	3600
38	-95.12690617520	33.91725214260	3601
38	-95.12819579810	33.94097561930	3602
38	-95.14854400730	33.94365343870	3603
38	-95.23427064060	33.96496944170	3604
38	-95.25152081990	33.93655009950	3605
38	-95.25122284680	33.90512870300	3606
38	-95.26384964790	33.89790742950	3607
38	-95.27758309670	33.91804493880	3608
38	-95.28666184530	33.88700871950	3609
38	-95.30218796780	33.88673010720	3610
38	-95.33646002410	33.89722014520	3611
38	-95.33027212310	33.87102484510	3612
38	-95.45184125650	33.86585861210	3613
38	-95.46835947770	33.88653785820	3614
38	-95.49909123240	33.88182262460	3615
38	-95.51312238380	33.89784028550	3616
38	-95.54427419820	33.88584642700	3617
38	-95.54773054260	33.89326212360	3618
38	-95.52697025130	33.89792017850	3619
38	-95.51981372510	33.90674747530	3620
38	-95.54655572080	33.90413781250	3621
38	-95.56301339710	33.93617710340	3622
38	-95.60631201460	33.94465646570	3623
38	-95.61507077360	33.93679426160	3624
38	-95.61322412550	33.92034155470	3625
38	-95.63373271520	33.92020771920	3626
38	-95.69995026480	33.89492677600	3627
38	-95.74710948030	33.90349763390	3628
38	-95.76094194950	33.89354115710	3629
38	-95.76449709880	33.87910637360	3630
38	-95.76876153270	33.85150331670	3631
38	-95.79572525950	33.86477434750	3632
38	-95.82622079300	33.84312583170	3633
38	-95.84680573900	33.84113822960	3634
38	-95.93332795030	33.89062884230	3635
38	-95.94332288010	33.89007180410	3636
38	-95.95901663290	33.86513911760	3637
38	-95.97764824890	33.85805134570	3638
38	-95.99446458600	33.87547648160	3639
38	-96.00287246210	33.87348900440	3640
38	-96.00204806040	33.85707842400	3641
38	-96.01432383170	33.84430703870	3642
38	-96.02700456740	33.85612099770	3643
38	-96.04822986490	33.84137747650	3644
38	-96.09177990190	33.84467723380	3645
38	-96.10970158600	33.82935772910	3646
38	-96.14922324480	33.83569011080	3647
38	-96.16946454170	33.82908323770	3648
38	-96.18338837500	33.81589232030	3649
38	-96.18098489370	33.80853391080	3650
38	-96.15477738440	33.82404408110	3651
38	-96.14167721770	33.82042015070	3652
38	-96.16157487610	33.79832973270	3653
38	-96.16907424220	33.76945689080	3654
38	-96.18728601070	33.75868448620	3655
38	-96.21280716640	33.75679255680	3656
38	-96.27833836590	33.77348949020	3657
38	-96.28994278990	33.76203429280	3658
38	-96.30105070900	33.71415334190	3659
38	-96.31653860770	33.70190471660	3660
38	-96.34785055840	33.70563180160	3661
38	-96.37108325310	33.74049755910	3662
38	-96.41973038220	33.78842848280	3663
38	-96.48764129270	33.77823250640	3664
38	-96.50101614490	33.78819253500	3665
38	-96.51084354680	33.81578744560	3666
38	-96.56240472870	33.82552257510	3667
38	-96.60146864900	33.84305852000	3668
38	-96.61443925390	33.86300135620	3669
38	-96.58476047130	33.89624551180	3670
38	-96.66651194070	33.91364436910	3671
38	-96.67797914650	33.90442451930	3672
38	-96.69365744860	33.84800652850	3673
38	-96.71195315760	33.83397267120	3674
38	-96.74910179280	33.83184048810	3675
38	-96.79787102520	33.87005147820	3676
38	-96.81439693390	33.87187105800	3677
38	-96.84428994430	33.85813467580	3678
38	-96.86129653630	33.86178145370	3679
38	-96.87921880510	33.88410454640	3680
38	-96.88313308270	33.92469196430	3681
38	-96.89873592790	33.95012776410	3682
38	-96.92984981390	33.96187293860	3683
38	-96.93648755490	33.94794962960	3684
38	-96.96847110580	33.93742132610	3685
38	-96.98814807780	33.94430287600	3686
38	-96.98799515620	33.87652499340	3687
38	-97.00613836460	33.85061620810	3688
38	-97.02588374870	33.84066388680	3689
38	-97.07118842560	33.85683013490	3690
38	-97.08246496740	33.85120358200	3691
38	-97.07853567590	33.83791350300	3692
38	-97.05031369430	33.82355154690	3693
38	-97.08795815100	33.80767512040	3694
38	-97.08375402700	33.74251786910	3695
38	-97.09078850750	33.73177594360	3696
38	-97.11585181530	33.72603874480	3697
38	-97.15276395520	33.72877375680	3698
38	-97.18945484150	33.75287436890	3699
38	-97.20861288110	33.81975202640	3700
38	-97.19530685550	33.83626165770	3701
38	-97.16888553390	33.84789623370	3702
38	-97.16446038680	33.86325002720	3703
38	-97.18805880510	33.89930566420	3704
38	-97.21162664950	33.90579047670	3705
38	-97.24635658910	33.89433899910	3706
38	-97.25098012530	33.87307256050	3707
38	-97.26420222920	33.85883263230	3708
38	-97.27257189810	33.87267584210	3709
38	-97.31438207220	33.89594113170	3710
38	-97.31525189420	33.87049388840	3711
38	-97.34210048750	33.86201783290	3712
38	-97.36361607590	33.83112714790	3713
38	-97.41041616290	33.82081245510	3714
38	-97.45303509110	33.83631501950	3715
38	-97.45736073930	33.89053202160	3716
38	-97.46305997140	33.90248318370	3717
38	-97.47783082980	33.90780837430	3718
38	-97.51850418970	33.91687174990	3719
38	-97.55488993780	33.90400480820	3720
38	-97.57597058460	33.90263139160	3721
38	-97.59265647230	33.91798509170	3722
38	-97.60048417160	33.96953574880	3723
38	-97.67137097310	33.98871143880	3724
38	-97.70456756380	33.97164462870	3725
38	-97.72932581320	33.93939181350	3726
38	-97.75667040700	33.93219726970	3727
38	-97.79051555720	33.89055671270	3728
38	-97.85285739130	33.85717098900	3729
38	-97.87006222020	33.85521405780	3730
38	-97.90937762070	33.87412307410	3731
38	-97.95504853380	33.88357943150	3732
38	-97.97669367880	33.90260289510	3733
38	-97.97644184440	33.91215088800	3734
38	-97.95099692710	33.93261638550	3735
38	-97.96331104730	33.94874838180	3736
38	-97.94806700070	33.95984896910	3737
38	-97.95053893430	33.97125849190	3738
38	-97.98299515980	34.00138243620	3739
38	-98.02380621140	33.98708131560	3740
38	-98.05587367520	33.98989641390	3741
38	-98.08652197110	34.00541035760	3742
38	-98.11100543330	34.06991526090	3743
38	-98.09444127430	34.13464913480	3744
38	-98.11518632900	34.14907975370	3745
38	-98.13718270270	34.13852470730	3746
38	-98.17316428430	34.11546153630	3747
38	-98.27732471290	34.12296472100	3748
38	-98.32081412190	34.13951248460	3749
38	-98.35073026320	34.14221321780	3750
38	-98.38458316080	34.11587327750	3751
38	-98.39128184930	34.08732468180	3752
38	-98.40746440000	34.08254876300	3753
38	-98.42167075030	34.06592464130	3754
38	-98.44851950810	34.05446930310	3755
38	-98.49985217270	34.06650817190	3756
38	-98.55791432860	34.10542846290	3757
38	-98.57666843710	34.14202201970	3758
38	-98.60758387240	34.15148974320	3759
38	-98.62632998810	34.15852761640	3760
38	-98.66205950090	34.14712934480	3761
38	-98.68255276050	34.15008938030	3762
38	-98.70563225970	34.13080636430	3763
38	-98.77887692430	34.13205325810	3764
38	-98.81140992230	34.14602592490	3765
38	-98.89168938530	34.16090989710	3766
38	-98.95285688550	34.19465358640	3767
38	-98.99654461650	34.20958370620	3768
38	-99.03556990100	34.19900912750	3769
38	-99.07878412610	34.20844604370	3770
38	-99.12830013930	34.20155627060	3771
38	-99.17651178430	34.21281652130	3772
38	-99.19084035750	34.22382156760	3773
38	-99.20495561670	34.25573069550	3774
38	-99.19666281280	34.30520574760	3775
38	-99.20584919430	34.33207548350	3776
38	-99.25446563780	34.36829439240	3777
38	-99.26753553000	34.39836455440	3778
38	-99.32365897050	34.41278694720	3779
38	-99.36456924440	34.45027237580	3780
38	-99.39315706330	34.42907072510	3781
38	-99.39452241500	34.39682232410	3782
38	-99.41032301070	34.36918561160	3783
38	-99.43874320790	34.36478334290	3784
38	-99.47980585940	34.38360025440	3785
38	-99.50250405490	34.40414531500	3786
38	-99.55423231660	34.41525638560	3787
38	-99.57821949910	34.40898868530	3788
38	-99.58558947890	34.38493388360	3789
38	-99.60181740320	34.36863397100	3790
38	-99.68527690490	34.37752066200	3791
38	-99.77806025860	34.44406427150	3792
38	-99.83030837990	34.50184625520	3793
38	-99.86094928510	34.51869455900	3794
38	-99.88097732530	34.54824189400	3795
38	-99.93228692510	34.57917332680	3796
38	-99.94512001380	34.57963462990	3797
38	-99.97247996500	34.56192669900	3798
38	-99.99647526290	34.56238394460	3799
38	-99.99925996930	34.74724336860	3800
38	-99.99645505790	35.03105103360	3801
38	-99.99757021810	35.18223508350	3802
38	-99.99474342060	35.42462216470	3803
38	-100.00039248200	35.61885622040	3804
38	-99.99812312510	35.88383752620	3805
38	-99.99755361870	36.05759138180	3806
38	-100.00155069400	36.49255478320	3807
41	-94.47669126230	33.63208183430	3808
41	-94.50081601720	33.62316272860	3809
41	-94.51076509590	33.63092538770	3810
41	-94.52526119890	33.62113663540	3811
41	-94.51819645590	33.64312456060	3812
41	-94.55040081550	33.63280901130	3813
41	-94.56235640260	33.63565069030	3814
41	-94.56240224830	33.64294433560	3815
41	-94.54213813680	33.64836159720	3816
41	-94.54562499150	33.66173575800	3817
41	-94.57666964560	33.65227089400	3818
41	-94.58859470160	33.65556269430	3819
41	-94.58536744510	33.66224605830	3820
41	-94.56541611850	33.66312768120	3821
41	-94.56093001350	33.67202740110	3822
41	-94.57871452780	33.67058506430	3823
41	-94.58531417510	33.67909543810	3824
41	-94.60115305800	33.66572087320	3825
41	-94.63194611400	33.68401149410	3826
41	-94.63897287050	33.67021752860	3827
41	-94.65874868980	33.66385043070	3828
41	-94.66963609870	33.66617331820	3829
41	-94.66816361120	33.67157108810	3830
41	-94.64453486460	33.67776280050	3831
41	-94.65568935570	33.69240320610	3832
41	-94.66866725490	33.69664862260	3833
41	-94.69119732860	33.69039970580	3834
41	-94.74186524720	33.70137710950	3835
41	-94.75469062240	33.70788086750	3836
41	-94.74232301590	33.71915716640	3837
41	-94.76293071940	33.71690628360	3838
41	-94.74998307230	33.73681498010	3839
41	-94.78337077760	33.73377456790	3840
41	-94.78224159300	33.74237660380	3841
41	-94.76438804720	33.75295092330	3842
41	-94.78372181710	33.75337046830	3843
41	-94.80343699440	33.73969100830	3844
41	-94.81937555940	33.74951367160	3845
41	-94.85809649840	33.74942960480	3846
41	-94.88185574360	33.77507193630	3847
41	-94.91409912080	33.78970498190	3848
41	-94.90876604930	33.80358669910	3849
41	-94.91845590170	33.81630485560	3850
41	-94.94062024970	33.81591563700	3851
41	-94.94010923140	33.84093242040	3852
41	-94.96012965780	33.84818403460	3853
41	-94.96892682870	33.86632284950	3854
41	-94.98950410890	33.85629007290	3855
41	-95.01299586880	33.87005338110	3856
41	-95.03758603620	33.86655907420	3857
41	-95.04308708830	33.88455293880	3858
41	-95.06336665130	33.89680183830	3859
41	-95.06370250120	33.91775589860	3860
41	-95.08382918370	33.88856969460	3861
41	-95.08994056120	33.89702301290	3862
41	-95.08249423370	33.91856073160	3863
41	-95.09558666930	33.92184512650	3864
41	-95.11945200410	33.91238845300	3865
41	-95.12690617520	33.91725214260	3866
41	-95.12819579810	33.94097561930	3867
41	-95.14854400730	33.94365343870	3868
41	-95.23427064060	33.96496944170	3869
41	-95.25152081990	33.93655009950	3870
41	-95.25122284680	33.90512870300	3871
41	-95.26384964790	33.89790742950	3872
41	-95.27758309670	33.91804493880	3873
41	-95.28666184530	33.88700871950	3874
41	-95.30218796780	33.88673010720	3875
41	-95.33646002410	33.89722014520	3876
41	-95.33027212310	33.87102484510	3877
41	-95.45184125650	33.86585861210	3878
41	-95.46835947770	33.88653785820	3879
41	-95.49909123240	33.88182262460	3880
41	-95.51312238380	33.89784028550	3881
41	-95.54427419820	33.88584642700	3882
41	-95.54773054260	33.89326212360	3883
41	-95.52697025130	33.89792017850	3884
41	-95.51981372510	33.90674747530	3885
41	-95.54655572080	33.90413781250	3886
41	-95.56301339710	33.93617710340	3887
41	-95.60631201460	33.94465646570	3888
41	-95.61507077360	33.93679426160	3889
41	-95.61322412550	33.92034155470	3890
41	-95.63373271520	33.92020771920	3891
41	-95.69995026480	33.89492677600	3892
41	-95.74710948030	33.90349763390	3893
41	-95.76094194950	33.89354115710	3894
41	-95.76449709880	33.87910637360	3895
41	-95.76876153270	33.85150331670	3896
41	-95.79572525950	33.86477434750	3897
41	-95.82622079300	33.84312583170	3898
41	-95.84680573900	33.84113822960	3899
41	-95.93332795030	33.89062884230	3900
41	-95.94332288010	33.89007180410	3901
41	-95.95901663290	33.86513911760	3902
41	-95.97764824890	33.85805134570	3903
41	-95.99446458600	33.87547648160	3904
41	-96.00287246210	33.87348900440	3905
41	-96.00204806040	33.85707842400	3906
41	-96.01432383170	33.84430703870	3907
41	-96.02700456740	33.85612099770	3908
41	-96.04822986490	33.84137747650	3909
41	-96.09177990190	33.84467723380	3910
41	-96.10970158600	33.82935772910	3911
41	-96.14922324480	33.83569011080	3912
41	-96.16946454170	33.82908323770	3913
41	-96.18338837500	33.81589232030	3914
41	-96.18098489370	33.80853391080	3915
41	-96.15477738440	33.82404408110	3916
41	-96.14167721770	33.82042015070	3917
41	-96.16157487610	33.79832973270	3918
41	-96.16907424220	33.76945689080	3919
41	-96.18728601070	33.75868448620	3920
41	-96.21280716640	33.75679255680	3921
41	-96.27833836590	33.77348949020	3922
41	-96.28994278990	33.76203429280	3923
41	-96.30105070900	33.71415334190	3924
41	-96.31653860770	33.70190471660	3925
41	-96.34785055840	33.70563180160	3926
41	-96.37108325310	33.74049755910	3927
41	-96.41973038220	33.78842848280	3928
41	-96.48764129270	33.77823250640	3929
41	-96.50101614490	33.78819253500	3930
41	-96.51084354680	33.81578744560	3931
41	-96.56240472870	33.82552257510	3932
41	-96.60146864900	33.84305852000	3933
41	-96.61443925390	33.86300135620	3934
41	-96.58476047130	33.89624551180	3935
41	-96.66651194070	33.91364436910	3936
41	-96.67797914650	33.90442451930	3937
41	-96.69365744860	33.84800652850	3938
41	-96.71195315760	33.83397267120	3939
41	-96.74910179280	33.83184048810	3940
41	-96.79787102520	33.87005147820	3941
41	-96.81439693390	33.87187105800	3942
41	-96.84428994430	33.85813467580	3943
41	-96.86129653630	33.86178145370	3944
41	-96.87921880510	33.88410454640	3945
41	-96.88313308270	33.92469196430	3946
41	-96.89873592790	33.95012776410	3947
41	-96.92984981390	33.96187293860	3948
41	-96.93648755490	33.94794962960	3949
41	-96.96847110580	33.93742132610	3950
41	-96.98814807780	33.94430287600	3951
41	-96.98799515620	33.87652499340	3952
41	-97.00613836460	33.85061620810	3953
41	-97.02588374870	33.84066388680	3954
41	-97.07118842560	33.85683013490	3955
41	-97.08246496740	33.85120358200	3956
41	-97.07853567590	33.83791350300	3957
41	-97.05031369430	33.82355154690	3958
41	-97.08795815100	33.80767512040	3959
41	-97.08375402700	33.74251786910	3960
41	-97.09078850750	33.73177594360	3961
41	-97.11585181530	33.72603874480	3962
41	-97.15276395520	33.72877375680	3963
41	-97.18945484150	33.75287436890	3964
41	-97.20861288110	33.81975202640	3965
41	-97.19530685550	33.83626165770	3966
41	-97.16888553390	33.84789623370	3967
41	-97.16446038680	33.86325002720	3968
41	-97.18805880510	33.89930566420	3969
41	-97.21162664950	33.90579047670	3970
41	-97.24635658910	33.89433899910	3971
41	-97.25098012530	33.87307256050	3972
41	-97.26420222920	33.85883263230	3973
41	-97.27257189810	33.87267584210	3974
41	-97.31438207220	33.89594113170	3975
41	-97.31525189420	33.87049388840	3976
41	-97.34210048750	33.86201783290	3977
41	-97.36361607590	33.83112714790	3978
41	-97.41041616290	33.82081245510	3979
41	-97.45303509110	33.83631501950	3980
41	-97.45736073930	33.89053202160	3981
41	-97.46305997140	33.90248318370	3982
41	-97.47783082980	33.90780837430	3983
41	-97.51850418970	33.91687174990	3984
41	-97.55488993780	33.90400480820	3985
41	-97.57597058460	33.90263139160	3986
41	-97.59265647230	33.91798509170	3987
41	-97.60048417160	33.96953574880	3988
41	-97.67137097310	33.98871143880	3989
41	-97.70456756380	33.97164462870	3990
41	-97.72932581320	33.93939181350	3991
41	-97.75667040700	33.93219726970	3992
41	-97.79051555720	33.89055671270	3993
41	-97.85285739130	33.85717098900	3994
41	-97.87006222020	33.85521405780	3995
41	-97.90937762070	33.87412307410	3996
41	-97.95504853380	33.88357943150	3997
41	-97.97669367880	33.90260289510	3998
41	-97.97644184440	33.91215088800	3999
41	-97.95099692710	33.93261638550	4000
41	-97.96331104730	33.94874838180	4001
41	-97.94806700070	33.95984896910	4002
41	-97.95053893430	33.97125849190	4003
41	-97.98299515980	34.00138243620	4004
41	-98.02380621140	33.98708131560	4005
41	-98.05587367520	33.98989641390	4006
41	-98.08652197110	34.00541035760	4007
41	-98.11100543330	34.06991526090	4008
41	-98.09444127430	34.13464913480	4009
41	-98.11518632900	34.14907975370	4010
41	-98.13718270270	34.13852470730	4011
41	-98.17316428430	34.11546153630	4012
41	-98.27732471290	34.12296472100	4013
41	-98.32081412190	34.13951248460	4014
41	-98.35073026320	34.14221321780	4015
41	-98.38458316080	34.11587327750	4016
41	-98.39128184930	34.08732468180	4017
41	-98.40746440000	34.08254876300	4018
41	-98.42167075030	34.06592464130	4019
41	-98.44851950810	34.05446930310	4020
41	-98.49985217270	34.06650817190	4021
41	-98.55791432860	34.10542846290	4022
41	-98.57666843710	34.14202201970	4023
41	-98.60758387240	34.15148974320	4024
41	-98.62632998810	34.15852761640	4025
41	-98.66205950090	34.14712934480	4026
41	-98.68255276050	34.15008938030	4027
41	-98.70563225970	34.13080636430	4028
41	-98.77887692430	34.13205325810	4029
41	-98.81140992230	34.14602592490	4030
41	-98.89168938530	34.16090989710	4031
41	-98.95285688550	34.19465358640	4032
41	-98.99654461650	34.20958370620	4033
41	-99.03556990100	34.19900912750	4034
41	-99.07878412610	34.20844604370	4035
41	-99.12830013930	34.20155627060	4036
41	-99.17651178430	34.21281652130	4037
41	-99.19084035750	34.22382156760	4038
41	-99.20495561670	34.25573069550	4039
41	-99.19666281280	34.30520574760	4040
41	-99.20584919430	34.33207548350	4041
41	-99.25446563780	34.36829439240	4042
41	-99.26753553000	34.39836455440	4043
41	-99.32365897050	34.41278694720	4044
41	-99.36456924440	34.45027237580	4045
41	-99.39315706330	34.42907072510	4046
41	-99.39452241500	34.39682232410	4047
41	-99.41032301070	34.36918561160	4048
41	-99.43874320790	34.36478334290	4049
41	-99.47980585940	34.38360025440	4050
41	-99.50250405490	34.40414531500	4051
41	-99.55423231660	34.41525638560	4052
41	-99.57821949910	34.40898868530	4053
41	-99.58558947890	34.38493388360	4054
41	-99.60181740320	34.36863397100	4055
41	-99.68527690490	34.37752066200	4056
41	-99.77806025860	34.44406427150	4057
41	-99.83030837990	34.50184625520	4058
41	-99.86094928510	34.51869455900	4059
41	-99.88097732530	34.54824189400	4060
41	-99.93228692510	34.57917332680	4061
41	-99.94512001380	34.57963462990	4062
41	-99.97247996500	34.56192669900	4063
41	-99.99647526290	34.56238394460	4064
41	-99.99925996930	34.74724336860	4065
41	-99.99645505790	35.03105103360	4066
41	-99.99757021810	35.18223508350	4067
41	-99.99474342060	35.42462216470	4068
41	-100.00039248200	35.61885622040	4069
41	-99.99812312510	35.88383752620	4070
41	-99.99755361870	36.05759138180	4071
41	-100.00155069400	36.49255478320	4072
36	-89.72183634480	35.99995092410	4073
36	-89.96329163790	35.99690884800	4074
36	-90.28355419150	35.99122800260	4075
36	-90.37906217850	35.98965642660	4076
36	-90.31533967170	36.09172340290	4077
36	-90.28485177040	36.11597270840	4078
36	-90.26380164510	36.11882980800	4079
36	-90.23493885080	36.13715516210	4080
36	-90.23232202660	36.16121379310	4081
36	-90.21932120650	36.17263095220	4082
36	-90.16140488320	36.19700664150	4083
36	-90.13131377420	36.21213558150	4084
36	-90.11001223370	36.25805978930	4085
36	-90.06618774030	36.27233828940	4086
36	-90.04984511690	36.30053604710	4087
36	-90.06772899500	36.32539574690	4088
36	-90.05029531240	36.36266845230	4089
36	-90.05215696160	36.38261505060	4090
36	-90.08027223920	36.39744993140	4091
36	-90.11692510710	36.40497598280	4092
36	-90.12392918610	36.42262619530	4093
36	-90.11732199700	36.45395569600	4094
36	-90.13737277190	36.45747651750	4095
36	-90.15025942110	36.49187292690	4096
36	-90.22447328200	36.49281112860	4097
36	-90.58173216670	36.49102227480	4098
36	-90.80443385160	36.48926546850	4099
36	-91.13395636440	36.48801569220	4100
36	-91.41179667360	36.49110177070	4101
36	-91.45298901370	36.49043802080	4102
36	-91.68856055220	36.49101856050	4103
36	-92.12764226130	36.49143545150	4104
36	-92.14631944770	36.49166055160	4105
36	-92.52305071340	36.49092136380	4106
36	-92.77763547120	36.48998351560	4107
36	-92.85227573630	36.48988452760	4108
36	-93.29732441370	36.49068090200	4109
36	-93.32834621480	36.49026147530	4110
36	-93.59644966960	36.48995882130	4111
36	-93.85751984140	36.48978637010	4112
36	-94.08105216030	36.49102425850	4113
36	-94.61725709590	36.48941416140	4114
47	-89.72183634480	35.99995092410	4115
47	-89.96329163790	35.99690884800	4116
47	-90.28355419150	35.99122800260	4117
47	-90.37906217850	35.98965642660	4118
47	-90.31533967170	36.09172340290	4119
47	-90.28485177040	36.11597270840	4120
47	-90.26380164510	36.11882980800	4121
47	-90.23493885080	36.13715516210	4122
47	-90.23232202660	36.16121379310	4123
47	-90.21932120650	36.17263095220	4124
47	-90.16140488320	36.19700664150	4125
47	-90.13131377420	36.21213558150	4126
47	-90.11001223370	36.25805978930	4127
47	-90.06618774030	36.27233828940	4128
47	-90.04984511690	36.30053604710	4129
47	-90.06772899500	36.32539574690	4130
47	-90.05029531240	36.36266845230	4131
47	-90.05215696160	36.38261505060	4132
47	-90.08027223920	36.39744993140	4133
47	-90.11692510710	36.40497598280	4134
47	-90.12392918610	36.42262619530	4135
47	-90.11732199700	36.45395569600	4136
47	-90.13737277190	36.45747651750	4137
47	-90.15025942110	36.49187292690	4138
47	-90.22447328200	36.49281112860	4139
47	-90.58173216670	36.49102227480	4140
47	-90.80443385160	36.48926546850	4141
47	-91.13395636440	36.48801569220	4142
47	-91.41179667360	36.49110177070	4143
47	-91.45298901370	36.49043802080	4144
47	-91.68856055220	36.49101856050	4145
47	-92.12764226130	36.49143545150	4146
47	-92.14631944770	36.49166055160	4147
47	-92.52305071340	36.49092136380	4148
47	-92.77763547120	36.48998351560	4149
47	-92.85227573630	36.48988452760	4150
47	-93.29732441370	36.49068090200	4151
47	-93.32834621480	36.49026147530	4152
47	-93.59644966960	36.48995882130	4153
47	-93.85751984140	36.48978637010	4154
47	-94.08105216030	36.49102425850	4155
47	-94.61725709590	36.48941416140	4156
38	-100.00155069400	36.49255478320	4157
38	-100.00727294900	36.49391271670	4158
38	-100.54983932300	36.48947909030	4159
38	-100.95734140900	36.48963767160	4160
38	-101.09010236700	36.48805027220	4161
38	-101.62075555500	36.49203144550	4162
38	-102.03465838800	36.49298096060	4163
38	-102.16567360700	36.49023413710	4164
38	-102.99740099900	36.49237018490	4165
41	-100.00155069400	36.49255478320	4166
41	-100.00727294900	36.49391271670	4167
41	-100.54983932300	36.48947909030	4168
41	-100.95734140900	36.48963767160	4169
41	-101.09010236700	36.48805027220	4170
41	-101.62075555500	36.49203144550	4171
41	-102.03465838800	36.49298096060	4172
41	-102.16567360700	36.49023413710	4173
41	-102.99740099900	36.49237018490	4174
36	-89.53327228840	36.49817014420	4175
36	-89.51609800410	36.47187227950	4176
36	-89.54525826950	36.44102344840	4177
36	-89.52008048280	36.40112270410	4178
36	-89.51940896700	36.35599587470	4179
36	-89.54463245290	36.34578792060	4180
36	-89.60576857460	36.35481695440	4181
36	-89.62287415960	36.33484744360	4182
36	-89.60684431000	36.30810326490	4183
36	-89.54231291810	36.28093194210	4184
36	-89.53545385010	36.26460542820	4185
36	-89.54172538890	36.25734621510	4186
36	-89.61815895510	36.24096611420	4187
36	-89.67066610760	36.25496184570	4188
36	-89.69462314340	36.25220384120	4189
36	-89.69573701290	36.24086298940	4190
36	-89.67686882350	36.22093545680	4191
36	-89.61863933730	36.18381163820	4192
36	-89.58953219290	36.15208925180	4193
36	-89.58950157500	36.12986144130	4194
36	-89.66746841820	36.09938646400	4195
36	-89.67824895830	36.08304083320	4196
36	-89.68892242540	36.02586735990	4197
36	-89.72183634480	35.99995092410	4198
40	-89.53327228840	36.49817014420	4199
40	-89.51609800410	36.47187227950	4200
40	-89.54525826950	36.44102344840	4201
40	-89.52008048280	36.40112270410	4202
40	-89.51940896700	36.35599587470	4203
40	-89.54463245290	36.34578792060	4204
40	-89.60576857460	36.35481695440	4205
40	-89.62287415960	36.33484744360	4206
40	-89.60684431000	36.30810326490	4207
40	-89.54231291810	36.28093194210	4208
40	-89.53545385010	36.26460542820	4209
40	-89.54172538890	36.25734621510	4210
40	-89.61815895510	36.24096611420	4211
40	-89.67066610760	36.25496184570	4212
40	-89.69462314340	36.25220384120	4213
40	-89.69573701290	36.24086298940	4214
40	-89.67686882350	36.22093545680	4215
40	-89.61863933730	36.18381163820	4216
40	-89.58953219290	36.15208925180	4217
40	-89.58950157500	36.12986144130	4218
40	-89.66746841820	36.09938646400	4219
40	-89.67824895830	36.08304083320	4220
40	-89.68892242540	36.02586735990	4221
40	-89.72183634480	35.99995092410	4222
33	-89.47589772480	36.49860898580	4223
33	-89.53327228840	36.49817014420	4224
40	-89.47589772480	36.49860898580	4225
40	-89.53327228840	36.49817014420	4226
36	-89.41478465490	36.50267931080	4227
36	-89.44859131100	36.45644234740	4228
36	-89.47090784610	36.44601696700	4229
36	-89.49206475540	36.46552483500	4230
36	-89.47589772480	36.49860898580	4231
40	-89.41478465490	36.50267931080	4232
40	-89.44859131100	36.45644234740	4233
40	-89.47090784610	36.44601696700	4234
40	-89.49206475540	36.46552483500	4235
40	-89.47589772480	36.49860898580	4236
39	-75.87781108460	36.55602830590	4237
39	-75.77278830490	36.22941829190	4238
39	-75.77278830490	36.22941829190	4239
39	-75.54457867120	35.78853804950	4240
39	-75.70235881370	36.05002803360	4241
39	-75.74049206430	36.05048873460	4242
39	-75.78280608070	36.22535551770	4243
39	-75.90163103700	36.55635232550	4244
35	-75.87781108460	36.55602830590	4245
35	-75.90163103700	36.55635232550	4246
39	-75.87781108460	36.55602830590	4247
39	-75.90163103700	36.55635232550	4248
39	-75.99831470320	36.55680535770	4249
39	-75.91156474870	36.54268439960	4250
39	-75.91156474870	36.54268439960	4251
39	-75.92445033890	36.47413160820	4252
39	-75.97692756990	36.47817074130	4253
39	-75.97593627380	36.51807938020	4254
39	-76.02681923540	36.55687003600	4255
35	-75.99831470320	36.55680535770	4256
35	-76.02681923540	36.55687003600	4257
39	-75.99831470320	36.55680535770	4258
39	-76.02681923540	36.55687003600	4259
39	-76.04561116900	36.55710643410	4260
39	-76.03286144100	36.51452753930	4261
39	-76.09071734980	36.50372036570	4262
39	-75.97572143410	36.43637015280	4263
39	-75.96941132120	36.41527537920	4264
39	-76.00125787770	36.41907057010	4265
39	-75.95090077260	36.36562833980	4266
39	-75.92776837910	36.42340099040	4267
39	-75.92423454110	36.35110642540	4268
39	-75.79968678690	36.11297896710	4269
39	-75.79847982620	36.07298221510	4270
39	-75.85479703500	36.10582891950	4271
39	-75.91340594710	36.24496096020	4272
39	-75.95715545460	36.25961239030	4273
39	-75.94157602020	36.29449728640	4274
39	-76.00861914580	36.31975304000	4275
39	-75.95682579940	36.19393094370	4276
39	-75.98098123450	36.16988634010	4277
39	-76.18282097980	36.31539548760	4278
39	-76.21855841130	36.29676457890	4279
39	-76.11235845120	36.17457806260	4280
39	-76.14158771170	36.14784869470	4281
39	-76.23463300000	36.16351944060	4282
39	-76.29858527950	36.21438736730	4283
39	-76.27516144870	36.11053049660	4284
39	-76.48019206250	36.07995236460	4285
39	-76.42008567740	36.05876601610	4286
39	-76.52267294280	36.00732958710	4287
39	-76.59366647340	36.01029309070	4288
39	-76.64868435300	36.06586799990	4289
39	-76.63287539650	36.03727748460	4290
39	-76.68982300060	36.04977005310	4291
39	-76.72617977440	36.15698001150	4292
39	-76.68840787200	36.29467322480	4293
39	-76.77631799230	36.35848470620	4294
39	-76.92376088440	36.39259883760	4295
39	-76.74102237740	36.31532190700	4296
39	-76.70716852170	36.26628836380	4297
39	-76.74473625840	36.23407363230	4298
39	-76.76034506320	36.14475018860	4299
39	-76.69343093820	35.99313037480	4300
39	-76.74079457330	35.93678738820	4301
39	-76.69688620930	35.94170483250	4302
39	-76.40912835320	35.97762892630	4303
39	-76.37113919170	35.93250547740	4304
39	-76.21341991430	35.97703702910	4305
39	-76.08928223910	35.96307330480	4306
39	-76.02568691040	35.92058488400	4307
39	-76.07555189100	35.75696477990	4308
39	-76.04270403380	35.68401436380	4309
39	-76.16694655520	35.69700780770	4310
39	-76.10438202170	35.66380504570	4311
39	-76.02084452400	35.66925949410	4312
39	-75.98749155590	35.89286780300	4313
39	-75.81768108060	35.92368433890	4314
39	-75.74858448060	35.86950791030	4315
39	-75.72898900660	35.66534635540	4316
39	-75.77867286690	35.57885966310	4317
39	-75.89112185480	35.63143733080	4318
39	-76.05260831540	35.41477488430	4319
39	-76.18125223740	35.34170188420	4320
39	-76.49845096950	35.41638375610	4321
39	-76.53340213380	35.45036528360	4322
39	-76.45808223190	35.50459172510	4323
39	-76.44617368460	35.55103163560	4324
39	-76.51859537890	35.57781016450	4325
39	-76.49218803430	35.54195240150	4326
39	-76.63785283910	35.52050156800	4327
39	-76.62842111270	35.43806312330	4328
39	-76.70502927860	35.41210107530	4329
39	-77.10344387900	35.55034880310	4330
39	-76.98285399040	35.43666367060	4331
39	-76.69455249970	35.35059412430	4332
39	-76.61416703630	35.27308673340	4333
39	-76.59085946710	35.31224756140	4334
39	-76.54062699190	35.30385424520	4335
39	-76.50677514180	35.24893309650	4336
39	-76.63974135860	35.17268630050	4337
39	-76.60487483160	35.13872633560	4338
39	-76.62387295510	35.06451336630	4339
39	-76.67766211290	35.02424808720	4340
39	-76.84912528630	34.98237992130	4341
39	-76.94115554340	35.02758753390	4342
39	-76.94291003880	35.07019458800	4343
39	-77.04755214740	35.09231509670	4344
39	-77.10434752720	35.08814549360	4345
39	-77.11026055450	35.06619545090	4346
39	-77.00085863030	35.05304632300	4347
39	-76.91277290520	34.93663000820	4348
39	-76.64670099890	34.90649525380	4349
39	-76.66971229430	34.97015866100	4350
39	-76.52942593220	34.97479779820	4351
39	-76.44467469010	35.01682161340	4352
39	-76.42369964110	34.94641010600	4353
39	-76.36365276310	34.94327532000	4354
39	-76.32904391770	34.97612042640	4355
39	-76.31434874290	34.94897903630	4356
39	-76.46954580420	34.78522340040	4357
39	-76.62496301330	34.71991523200	4358
39	-77.05019906690	34.69907928720	4359
39	-77.14863009580	34.76449287940	4360
39	-77.12906705260	34.68507580540	4361
39	-77.15627434130	34.66079945510	4362
39	-77.53832636640	34.45717574510	4363
39	-77.58645506570	34.42110445590	4364
39	-77.60942063170	34.43521111820	4365
39	-77.60230975760	34.41279616190	4366
39	-77.75022859520	34.30521525560	4367
39	-77.86409438790	34.19290806370	4368
39	-77.89410931320	34.06935174450	4369
39	-77.92646682060	34.06220687810	4370
39	-77.96044223030	34.18941383940	4371
39	-77.95823664380	33.99275359510	4372
39	-78.03451790360	33.91446550360	4373
39	-78.57945349610	33.88216461350	4374
35	-76.04561116900	36.55710643410	4375
35	-76.12705050060	36.55731576490	4376
35	-76.32991657780	36.55620883590	4377
35	-76.49722852790	36.55596475490	4378
35	-76.56325568180	36.55540419760	4379
35	-76.92131386590	36.55430944000	4380
35	-76.92381636630	36.55429798830	4381
35	-77.17704200080	36.55643754960	4382
35	-77.31974636570	36.55406840750	4383
35	-77.76363863650	36.55358911280	4384
35	-77.89856872880	36.55309211150	4385
35	-78.05138167560	36.55262138910	4386
35	-78.32096963280	36.54567556730	4387
35	-78.45852951750	36.54162347390	4388
35	-78.73711601970	36.54621467230	4389
35	-78.79642840680	36.54367391200	4390
35	-79.14406277060	36.54619837120	4391
35	-79.21680327610	36.54992131920	4392
35	-79.51004778120	36.54779562320	4393
35	-79.71720163880	36.54802787020	4394
35	-80.02382231810	36.54516300130	4395
35	-80.04786338900	36.54727247470	4396
39	-76.04561116900	36.55710643410	4397
39	-76.12705050060	36.55731576490	4398
39	-76.32991657780	36.55620883590	4399
39	-76.49722852790	36.55596475490	4400
39	-76.56325568180	36.55540419760	4401
39	-76.92131386590	36.55430944000	4402
39	-76.92381636630	36.55429798830	4403
39	-77.17704200080	36.55643754960	4404
39	-77.31974636570	36.55406840750	4405
39	-77.76363863650	36.55358911280	4406
39	-77.89856872880	36.55309211150	4407
39	-78.05138167560	36.55262138910	4408
39	-78.32096963280	36.54567556730	4409
39	-78.45852951750	36.54162347390	4410
39	-78.73711601970	36.54621467230	4411
39	-78.79642840680	36.54367391200	4412
39	-79.14406277060	36.54619837120	4413
39	-79.21680327610	36.54992131920	4414
39	-79.51004778120	36.54779562320	4415
39	-79.71720163880	36.54802787020	4416
39	-80.02382231810	36.54516300130	4417
39	-80.04786338900	36.54727247470	4418
33	-89.53327228840	36.49817014420	4419
33	-89.56706382630	36.51879937710	4420
33	-89.56823122500	36.54146951460	4421
33	-89.55621466220	36.55780365670	4422
33	-89.53044190740	36.56461662110	4423
33	-89.49320183400	36.55917713460	4424
33	-89.48174977750	36.54783636310	4425
33	-89.47144975340	36.52561635480	4426
33	-89.48175727430	36.50475810850	4427
33	-89.47589772480	36.49860898580	4428
36	-89.53327228840	36.49817014420	4429
36	-89.56706382630	36.51879937710	4430
36	-89.56823122500	36.54146951460	4431
36	-89.55621466220	36.55780365670	4432
36	-89.53044190740	36.56461662110	4433
36	-89.49320183400	36.55917713460	4434
36	-89.48174977750	36.54783636310	4435
36	-89.47144975340	36.52561635480	4436
36	-89.48175727430	36.50475810850	4437
36	-89.47589772480	36.49860898580	4438
39	-84.32377349160	34.98909055620	4439
39	-84.29095951690	35.21062228010	4440
39	-84.22586311710	35.26168287180	4441
39	-84.17964266450	35.24106948200	4442
39	-84.10156069010	35.24563374190	4443
39	-84.04268972140	35.27265845430	4444
39	-84.03077168910	35.29260575950	4445
39	-84.02911525820	35.32537398210	4446
39	-84.00621731840	35.37294370310	4447
39	-84.01255674540	35.40770681200	4448
39	-83.95460784120	35.45554430930	4449
39	-83.90991262590	35.47656424310	4450
39	-83.88112540360	35.51067198680	4451
39	-83.83009809410	35.51914932900	4452
39	-83.77577472170	35.55269294320	4453
39	-83.67276627320	35.56506236860	4454
39	-83.61375062830	35.57183087540	4455
39	-83.56092262750	35.55526878540	4456
39	-83.50568367530	35.55964541750	4457
39	-83.45817314090	35.59737330300	4458
39	-83.38697214370	35.62531319220	4459
39	-83.34290282420	35.65335549440	4460
39	-83.29829158160	35.65642331140	4461
39	-83.25899879190	35.69110674500	4462
39	-83.25317743900	35.70080366100	4463
39	-83.24372453190	35.71831299600	4464
39	-83.18522054120	35.72898338590	4465
39	-83.14353299790	35.76278188570	4466
39	-83.11805764540	35.76390760450	4467
39	-83.05982874330	35.78267680950	4468
39	-82.98687383790	35.77409106980	4469
39	-82.96261977110	35.79195194090	4470
39	-82.90668913770	35.87231719420	4471
39	-82.91393874470	35.92796974500	4472
39	-82.89584178130	35.94846257860	4473
39	-82.85613712220	35.94752855350	4474
39	-82.80853516140	35.92097516430	4475
39	-82.77630844180	35.95667734120	4476
39	-82.77346332680	35.98760689580	4477
39	-82.76309492860	35.99965001570	4478
39	-82.64375534820	36.05182903600	4479
39	-82.62790881110	36.05444614890	4480
39	-82.60426425650	36.04309406930	4481
39	-82.59209423820	36.02255609690	4482
39	-82.60566647100	36.00365419660	4483
39	-82.59916490140	35.96340574760	4484
39	-82.55400523340	35.95621592940	4485
39	-82.50679391970	35.97265032810	4486
39	-82.47505521280	35.99328442460	4487
39	-82.40828291070	36.07542660470	4488
39	-82.37371342840	36.09880716080	4489
39	-82.31178368640	36.12226057250	4490
39	-82.26215993700	36.12048756610	4491
39	-82.20758457680	36.14712753320	4492
39	-82.15390096060	36.13973763770	4493
39	-82.11792560520	36.09637483840	4494
39	-82.07760212350	36.10026025550	4495
39	-82.02029495980	36.12983431270	4496
39	-81.93295169920	36.26344422490	4497
39	-81.91099403830	36.29087529930	4498
39	-81.83041040530	36.33477898110	4499
39	-81.73032462270	36.32946718400	4500
39	-81.70928987930	36.33385027430	4501
39	-81.74021317630	36.36198253430	4502
39	-81.74090801040	36.39190784960	4503
39	-81.69811489910	36.47189997970	4504
39	-81.70263269640	36.51946026460	4505
39	-81.66983503100	36.58976781060	4506
40	-84.32377349160	34.98909055620	4507
40	-84.29095951690	35.21062228010	4508
40	-84.22586311710	35.26168287180	4509
40	-84.17964266450	35.24106948200	4510
40	-84.10156069010	35.24563374190	4511
40	-84.04268972140	35.27265845430	4512
40	-84.03077168910	35.29260575950	4513
40	-84.02911525820	35.32537398210	4514
40	-84.00621731840	35.37294370310	4515
40	-84.01255674540	35.40770681200	4516
40	-83.95460784120	35.45554430930	4517
40	-83.90991262590	35.47656424310	4518
40	-83.88112540360	35.51067198680	4519
40	-83.83009809410	35.51914932900	4520
40	-83.77577472170	35.55269294320	4521
40	-83.67276627320	35.56506236860	4522
40	-83.61375062830	35.57183087540	4523
40	-83.56092262750	35.55526878540	4524
40	-83.50568367530	35.55964541750	4525
40	-83.45817314090	35.59737330300	4526
40	-83.38697214370	35.62531319220	4527
40	-83.34290282420	35.65335549440	4528
40	-83.29829158160	35.65642331140	4529
40	-83.25899879190	35.69110674500	4530
40	-83.25317743900	35.70080366100	4531
40	-83.24372453190	35.71831299600	4532
40	-83.18522054120	35.72898338590	4533
40	-83.14353299790	35.76278188570	4534
40	-83.11805764540	35.76390760450	4535
40	-83.05982874330	35.78267680950	4536
40	-82.98687383790	35.77409106980	4537
40	-82.96261977110	35.79195194090	4538
40	-82.90668913770	35.87231719420	4539
40	-82.91393874470	35.92796974500	4540
40	-82.89584178130	35.94846257860	4541
40	-82.85613712220	35.94752855350	4542
40	-82.80853516140	35.92097516430	4543
40	-82.77630844180	35.95667734120	4544
40	-82.77346332680	35.98760689580	4545
40	-82.76309492860	35.99965001570	4546
40	-82.64375534820	36.05182903600	4547
40	-82.62790881110	36.05444614890	4548
40	-82.60426425650	36.04309406930	4549
40	-82.59209423820	36.02255609690	4550
40	-82.60566647100	36.00365419660	4551
40	-82.59916490140	35.96340574760	4552
40	-82.55400523340	35.95621592940	4553
40	-82.50679391970	35.97265032810	4554
40	-82.47505521280	35.99328442460	4555
40	-82.40828291070	36.07542660470	4556
40	-82.37371342840	36.09880716080	4557
40	-82.31178368640	36.12226057250	4558
40	-82.26215993700	36.12048756610	4559
40	-82.20758457680	36.14712753320	4560
40	-82.15390096060	36.13973763770	4561
40	-82.11792560520	36.09637483840	4562
40	-82.07760212350	36.10026025550	4563
40	-82.02029495980	36.12983431270	4564
40	-81.93295169920	36.26344422490	4565
40	-81.91099403830	36.29087529930	4566
40	-81.83041040530	36.33477898110	4567
40	-81.73032462270	36.32946718400	4568
40	-81.70928987930	36.33385027430	4569
40	-81.74021317630	36.36198253430	4570
40	-81.74090801040	36.39190784960	4571
40	-81.69811489910	36.47189997970	4572
40	-81.70263269640	36.51946026460	4573
40	-81.66983503100	36.58976781060	4574
35	-80.04786338900	36.54727247470	4575
35	-80.43509198240	36.55118112400	4576
35	-80.61084107900	36.55743043890	4577
35	-80.83795316000	36.56356848260	4578
35	-80.90324049840	36.56534208770	4579
35	-81.34512100940	36.57298830100	4580
35	-81.66983503100	36.58976781060	4581
39	-80.04786338900	36.54727247470	4582
39	-80.43509198240	36.55118112400	4583
39	-80.61084107900	36.55743043890	4584
39	-80.83795316000	36.56356848260	4585
39	-80.90324049840	36.56534208770	4586
39	-81.34512100940	36.57298830100	4587
39	-81.66983503100	36.58976781060	4588
35	-76.02681923540	36.55687003600	4589
35	-76.06151197120	36.60374407160	4590
35	-76.04561116900	36.55710643410	4591
35	-81.66983503100	36.58976781060	4592
35	-81.65227218140	36.60767380880	4593
35	-81.82889791680	36.61159636630	4594
35	-81.91829414270	36.61360879710	4595
35	-81.92930330610	36.59595065380	4596
35	-82.15418130780	36.59515033660	4597
35	-82.21666130340	36.59407235960	4598
35	-82.29685801730	36.59180094610	4599
35	-82.61083891210	36.59154554480	4600
35	-82.84982262110	36.59104133080	4601
35	-82.98669719000	36.59128970020	4602
35	-83.21092650570	36.58808965320	4603
35	-83.24838839960	36.58993541990	4604
35	-83.27503143510	36.60046745720	4605
35	-83.46420986020	36.59884012800	4606
35	-83.67517677790	36.59870387510	4607
40	-81.66983503100	36.58976781060	4608
40	-81.65227218140	36.60767380880	4609
40	-81.82889791680	36.61159636630	4610
40	-81.91829414270	36.61360879710	4611
40	-81.92930330610	36.59595065380	4612
40	-82.15418130780	36.59515033660	4613
40	-82.21666130340	36.59407235960	4614
40	-82.29685801730	36.59180094610	4615
40	-82.61083891210	36.59154554480	4616
40	-82.84982262110	36.59104133080	4617
40	-82.98669719000	36.59128970020	4618
40	-83.21092650570	36.58808965320	4619
40	-83.24838839960	36.58993541990	4620
40	-83.27503143510	36.60046745720	4621
40	-83.46420986020	36.59884012800	4622
40	-83.67517677790	36.59870387510	4623
33	-83.67517677790	36.59870387510	4624
33	-83.69560863360	36.58424940580	4625
33	-83.93559984650	36.59129080420	4626
33	-84.00674657150	36.59208811630	4627
33	-84.25448859480	36.59545257580	4628
33	-84.25677745830	36.59549832540	4629
33	-84.78187078410	36.60507615990	4630
33	-84.79105687240	36.60543835940	4631
33	-84.99846119620	36.62098264280	4632
33	-85.27249827730	36.62561680400	4633
33	-85.30009463820	36.62610092370	4634
33	-85.43737461760	36.61819898100	4635
33	-85.78547638470	36.62668526610	4636
33	-85.98061067820	36.63311265760	4637
33	-86.19899252720	36.64329066400	4638
33	-86.41544363790	36.65093213670	4639
33	-86.51066817300	36.65507421410	4640
40	-83.67517677790	36.59870387510	4641
40	-83.69560863360	36.58424940580	4642
40	-83.93559984650	36.59129080420	4643
40	-84.00674657150	36.59208811630	4644
40	-84.25448859480	36.59545257580	4645
40	-84.25677745830	36.59549832540	4646
40	-84.78187078410	36.60507615990	4647
40	-84.79105687240	36.60543835940	4648
40	-84.99846119620	36.62098264280	4649
40	-85.27249827730	36.62561680400	4650
40	-85.30009463820	36.62610092370	4651
40	-85.43737461760	36.61819898100	4652
40	-85.78547638470	36.62668526610	4653
40	-85.98061067820	36.63311265760	4654
40	-86.19899252720	36.64329066400	4655
40	-86.41544363790	36.65093213670	4656
40	-86.51066817300	36.65507421410	4657
33	-86.51066817300	36.65507421410	4658
33	-86.77053521360	36.65210078010	4659
33	-87.06818400990	36.65081124460	4660
33	-87.11270271490	36.65130776610	4661
33	-87.34661094360	36.64927738050	4662
33	-87.64065539760	36.64521697610	4663
33	-87.69352843550	36.64448866920	4664
33	-87.85353741920	36.64152240350	4665
33	-87.87071142010	36.66942319180	4666
33	-88.07134106980	36.67968325630	4667
33	-88.04109107680	36.58272119250	4668
33	-88.03507963830	36.53819990520	4669
33	-88.04276340430	36.49657034000	4670
33	-88.49602562200	36.49820760270	4671
33	-88.51268114390	36.49954670040	4672
33	-88.81071857600	36.49904581430	4673
33	-88.82635932940	36.49990804930	4674
33	-88.83037252100	36.49985467660	4675
33	-89.34666760180	36.50261080900	4676
33	-89.41478465490	36.50267931080	4677
40	-86.51066817300	36.65507421410	4678
40	-86.77053521360	36.65210078010	4679
40	-87.06818400990	36.65081124460	4680
40	-87.11270271490	36.65130776610	4681
40	-87.34661094360	36.64927738050	4682
40	-87.64065539760	36.64521697610	4683
40	-87.69352843550	36.64448866920	4684
40	-87.85353741920	36.64152240350	4685
40	-87.87071142010	36.66942319180	4686
40	-88.07134106980	36.67968325630	4687
40	-88.04109107680	36.58272119250	4688
40	-88.03507963830	36.53819990520	4689
40	-88.04276340430	36.49657034000	4690
40	-88.49602562200	36.49820760270	4691
40	-88.51268114390	36.49954670040	4692
40	-88.81071857600	36.49904581430	4693
40	-88.82635932940	36.49990804930	4694
40	-88.83037252100	36.49985467660	4695
40	-89.34666760180	36.50261080900	4696
40	-89.41478465490	36.50267931080	4697
35	-75.90163103700	36.55635232550	4698
35	-75.89249879710	36.59917548040	4699
35	-75.95044799300	36.72171630560	4700
35	-75.99831470320	36.55680535770	4701
33	-89.41478465490	36.50267931080	4702
33	-89.41821037310	36.51062511110	4703
33	-89.37395149640	36.61624763720	4704
33	-89.36362106870	36.62576127270	4705
33	-89.34239556140	36.62890837110	4706
33	-89.32234496820	36.62207647590	4707
33	-89.28349487170	36.57530958930	4708
33	-89.24168468010	36.56932837070	4709
33	-89.21012877800	36.58195467440	4710
33	-89.20018763330	36.63135762380	4711
33	-89.17716160770	36.65306276550	4712
33	-89.16789934680	36.67162848480	4713
33	-89.19756338990	36.71342505740	4714
33	-89.19636559960	36.72747807040	4715
33	-89.17726893230	36.76098187620	4716
33	-89.15143504920	36.75909758300	4717
33	-89.12554025830	36.76808877390	4718
33	-89.12590676130	36.79246801840	4719
33	-89.16444412190	36.80447621460	4720
33	-89.17353133410	36.82943901460	4721
33	-89.16656566580	36.84347685440	4722
33	-89.12965376960	36.86649453610	4723
33	-89.10503386540	36.95392207700	4724
33	-89.10721620550	36.97750405710	4725
33	-89.12992986030	36.98816569150	4726
36	-89.41478465490	36.50267931080	4727
36	-89.41821037310	36.51062511110	4728
36	-89.37395149640	36.61624763720	4729
36	-89.36362106870	36.62576127270	4730
36	-89.34239556140	36.62890837110	4731
36	-89.32234496820	36.62207647590	4732
36	-89.28349487170	36.57530958930	4733
36	-89.24168468010	36.56932837070	4734
36	-89.21012877800	36.58195467440	4735
36	-89.20018763330	36.63135762380	4736
36	-89.17716160770	36.65306276550	4737
36	-89.16789934680	36.67162848480	4738
36	-89.19756338990	36.71342505740	4739
36	-89.19636559960	36.72747807040	4740
36	-89.17726893230	36.76098187620	4741
36	-89.15143504920	36.75909758300	4742
36	-89.12554025830	36.76808877390	4743
36	-89.12590676130	36.79246801840	4744
36	-89.16444412190	36.80447621460	4745
36	-89.17353133410	36.82943901460	4746
36	-89.16656566580	36.84347685440	4747
36	-89.12965376960	36.86649453610	4748
36	-89.10503386540	36.95392207700	4749
36	-89.10721620550	36.97750405710	4750
36	-89.12992986030	36.98816569150	4751
23	-114.04393938400	36.99653793710	4752
23	-114.04371643600	36.84184894590	4753
23	-114.03739207400	36.21602289700	4754
23	-114.04510555700	36.19397788400	4755
23	-114.10777518600	36.12109070710	4756
23	-114.12902308400	36.04173049390	4757
23	-114.20676887000	36.01725541650	4758
23	-114.23347261500	36.01833105960	4759
23	-114.30758759800	36.06223309940	4760
23	-114.30385705600	36.08710840410	4761
23	-114.31609537500	36.11143803670	4762
23	-114.34423394200	36.13748025210	4763
23	-114.38080311700	36.15099127180	4764
23	-114.44394569800	36.12105328420	4765
23	-114.46661347500	36.12471125910	4766
23	-114.53057356900	36.15509020470	4767
23	-114.59893524200	36.13833545290	4768
23	-114.62161074700	36.14196668350	4769
23	-114.71276172500	36.10518105240	4770
23	-114.72815031100	36.08596277120	4771
23	-114.72896601300	36.05875303610	4772
23	-114.71767356800	36.03675804370	4773
23	-114.73621249400	35.98764835030	4774
23	-114.69927590600	35.91161195370	4775
23	-114.66160012200	35.88047358540	4776
23	-114.66246209600	35.87095990700	4777
23	-114.68986734300	35.84744249450	4778
23	-114.68273970500	35.76470341760	4779
23	-114.68882002800	35.73259574000	4780
23	-114.66509134600	35.69309941070	4781
23	-114.66848606500	35.65639898820	4782
23	-114.65406592500	35.64658408000	4783
23	-114.63986672200	35.61134856980	4784
23	-114.65313432100	35.58483310560	4785
23	-114.64979205300	35.54663738670	4786
23	-114.67221515600	35.51575416480	4787
23	-114.64539616800	35.45076082610	4788
23	-114.58958427500	35.35837873070	4789
23	-114.58788984000	35.30476812920	4790
23	-114.55958304600	35.22018287150	4791
23	-114.56103996400	35.17434616160	4792
23	-114.57225526100	35.14006774460	4793
23	-114.58261623900	35.13256046940	4794
23	-114.62644082500	35.13390675300	4795
23	-114.63590908400	35.11865577680	4796
23	-114.59563197200	35.07605797470	4797
23	-114.63377987300	35.04186335040	4798
23	-114.62106860600	34.99891442860	4799
37	-114.04393938400	36.99653793710	4800
37	-114.04371643600	36.84184894590	4801
37	-114.03739207400	36.21602289700	4802
37	-114.04510555700	36.19397788400	4803
37	-114.10777518600	36.12109070710	4804
37	-114.12902308400	36.04173049390	4805
37	-114.20676887000	36.01725541650	4806
37	-114.23347261500	36.01833105960	4807
37	-114.30758759800	36.06223309940	4808
37	-114.30385705600	36.08710840410	4809
37	-114.31609537500	36.11143803670	4810
37	-114.34423394200	36.13748025210	4811
37	-114.38080311700	36.15099127180	4812
37	-114.44394569800	36.12105328420	4813
37	-114.46661347500	36.12471125910	4814
37	-114.53057356900	36.15509020470	4815
37	-114.59893524200	36.13833545290	4816
37	-114.62161074700	36.14196668350	4817
37	-114.71276172500	36.10518105240	4818
37	-114.72815031100	36.08596277120	4819
37	-114.72896601300	36.05875303610	4820
37	-114.71767356800	36.03675804370	4821
37	-114.73621249400	35.98764835030	4822
37	-114.69927590600	35.91161195370	4823
37	-114.66160012200	35.88047358540	4824
37	-114.66246209600	35.87095990700	4825
37	-114.68986734300	35.84744249450	4826
37	-114.68273970500	35.76470341760	4827
37	-114.68882002800	35.73259574000	4828
37	-114.66509134600	35.69309941070	4829
37	-114.66848606500	35.65639898820	4830
37	-114.65406592500	35.64658408000	4831
37	-114.63986672200	35.61134856980	4832
37	-114.65313432100	35.58483310560	4833
37	-114.64979205300	35.54663738670	4834
37	-114.67221515600	35.51575416480	4835
37	-114.64539616800	35.45076082610	4836
37	-114.58958427500	35.35837873070	4837
37	-114.58788984000	35.30476812920	4838
37	-114.55958304600	35.22018287150	4839
37	-114.56103996400	35.17434616160	4840
37	-114.57225526100	35.14006774460	4841
37	-114.58261623900	35.13256046940	4842
37	-114.62644082500	35.13390675300	4843
37	-114.63590908400	35.11865577680	4844
37	-114.59563197200	35.07605797470	4845
37	-114.63377987300	35.04186335040	4846
37	-114.62106860600	34.99891442860	4847
37	-109.04848011500	36.99664090060	4848
37	-109.04784650700	35.99666398170	4849
37	-109.04664081000	34.95464624400	4850
37	-109.04865275100	34.59178057750	4851
37	-109.05034925300	33.78330192390	4852
37	-109.05052583400	33.20516482280	4853
37	-109.05134615600	32.77955055380	4854
37	-109.04949530900	32.44204449590	4855
37	-109.04561505000	31.34345305050	4856
42	-109.04848011500	36.99664090060	4857
42	-109.04784650700	35.99666398170	4858
42	-109.04664081000	34.95464624400	4859
42	-109.04865275100	34.59178057750	4860
42	-109.05034925300	33.78330192390	4861
42	-109.05052583400	33.20516482280	4862
42	-109.05134615600	32.77955055380	4863
42	-109.04949530900	32.44204449590	4864
42	-109.04561505000	31.34345305050	4865
36	-94.61725709590	36.48941416140	4866
36	-94.62107340360	36.67054287010	4867
36	-94.62168441550	36.76360771080	4868
36	-94.62037963770	36.99704682370	4869
38	-94.61725709590	36.48941416140	4870
38	-94.62107340360	36.67054287010	4871
38	-94.62168441550	36.76360771080	4872
38	-94.62037963770	36.99704682370	4873
38	-102.99740099900	36.49237018490	4874
38	-102.99770944300	36.99852383540	4875
42	-102.99740099900	36.49237018490	4876
42	-102.99770944300	36.99852383540	4877
32	-102.03720760300	36.98899391980	4878
32	-102.99770944300	36.99852383540	4879
38	-102.03720760300	36.98899391980	4880
38	-102.99770944300	36.99852383540	4881
32	-102.99770944300	36.99852383540	4882
32	-103.07786588500	36.99976018370	4883
32	-103.99363503600	36.99446906220	4884
32	-105.14617254700	36.99320737270	4885
32	-105.21309146500	36.99260452170	4886
32	-105.71345999800	36.99456036150	4887
32	-105.99200008600	36.99228965040	4888
32	-106.47217693900	36.99150424400	4889
32	-106.86124887700	36.98950159420	4890
32	-106.89037023600	36.99908379070	4891
32	-107.41082054400	36.99752578500	4892
32	-107.47246029400	36.99877675670	4893
32	-108.37247292400	36.99947157560	4894
32	-109.04848011500	36.99664090060	4895
42	-102.99770944300	36.99852383540	4896
42	-103.07786588500	36.99976018370	4897
42	-103.99363503600	36.99446906220	4898
42	-105.14617254700	36.99320737270	4899
42	-105.21309146500	36.99260452170	4900
42	-105.71345999800	36.99456036150	4901
42	-105.99200008600	36.99228965040	4902
42	-106.47217693900	36.99150424400	4903
42	-106.86124887700	36.98950159420	4904
42	-106.89037023600	36.99908379070	4905
42	-107.41082054400	36.99752578500	4906
42	-107.47246029400	36.99877675670	4907
42	-108.37247292400	36.99947157560	4908
42	-109.04848011500	36.99664090060	4909
34	-94.62037963770	36.99704682370	4910
34	-95.03274508160	37.00077943930	4911
34	-95.07193109810	37.00147806740	4912
34	-95.40662244590	37.00061558450	4913
34	-95.52601878620	37.00101883690	4914
34	-95.78574861210	36.99811394060	4915
34	-95.95796094480	37.00008289500	4916
34	-96.00604971220	36.99833380980	4917
34	-96.51918769130	37.00057780200	4918
34	-96.74869619590	37.00016606300	4919
34	-97.13769282650	36.99980824380	4920
34	-97.46540491810	36.99646713940	4921
34	-97.80424993770	36.99856762830	4922
34	-98.10452907290	36.99867134500	4923
34	-98.34714359760	36.99906150910	4924
34	-98.54021961840	36.99837591400	4925
34	-98.99951613990	36.99807279350	4926
34	-99.43747360820	36.99455839660	4927
34	-99.54463969240	36.99546291080	4928
34	-99.99926174790	36.99541752570	4929
34	-100.08857398100	36.99765249560	4930
34	-100.63424561800	36.99783233350	4931
34	-100.95058686000	36.99666168930	4932
34	-101.07160419200	36.99746671270	4933
34	-101.55367610900	36.99669304590	4934
34	-102.02451946500	36.98887574910	4935
34	-102.03720760300	36.98899391980	4936
38	-94.62037963770	36.99704682370	4937
38	-95.03274508160	37.00077943930	4938
38	-95.07193109810	37.00147806740	4939
38	-95.40662244590	37.00061558450	4940
38	-95.52601878620	37.00101883690	4941
38	-95.78574861210	36.99811394060	4942
38	-95.95796094480	37.00008289500	4943
38	-96.00604971220	36.99833380980	4944
38	-96.51918769130	37.00057780200	4945
38	-96.74869619590	37.00016606300	4946
38	-97.13769282650	36.99980824380	4947
38	-97.46540491810	36.99646713940	4948
38	-97.80424993770	36.99856762830	4949
38	-98.10452907290	36.99867134500	4950
38	-98.34714359760	36.99906150910	4951
38	-98.54021961840	36.99837591400	4952
38	-98.99951613990	36.99807279350	4953
38	-99.43747360820	36.99455839660	4954
38	-99.54463969240	36.99546291080	4955
38	-99.99926174790	36.99541752570	4956
38	-100.08857398100	36.99765249560	4957
38	-100.63424561800	36.99783233350	4958
38	-100.95058686000	36.99666168930	4959
38	-101.07160419200	36.99746671270	4960
38	-101.55367610900	36.99669304590	4961
38	-102.02451946500	36.98887574910	4962
38	-102.03720760300	36.98899391980	4963
24	-109.04848011500	36.99664090060	4964
24	-109.99707671300	36.99206755930	4965
24	-110.45223581900	36.99174630400	4966
24	-110.48408895600	37.00392602380	4967
24	-110.74006296100	37.00248804240	4968
24	-111.35616399400	37.00170975240	4969
24	-112.23725786100	36.99549217520	4970
24	-112.54252157900	36.99799448640	4971
24	-112.89998347400	36.99622687660	4972
24	-114.04393938400	36.99653793710	4973
37	-109.04848011500	36.99664090060	4974
37	-109.99707671300	36.99206755930	4975
37	-110.45223581900	36.99174630400	4976
37	-110.48408895600	37.00392602380	4977
37	-110.74006296100	37.00248804240	4978
37	-111.35616399400	37.00170975240	4979
37	-112.23725786100	36.99549217520	4980
37	-112.54252157900	36.99799448640	4981
37	-112.89998347400	36.99622687660	4982
37	-114.04393938400	36.99653793710	4983
33	-81.95957525590	37.53117261960	4984
33	-82.28895093420	37.30486121920	4985
33	-82.35384234350	37.26051960050	4986
33	-82.40588500380	37.25070419760	4987
33	-82.55003991650	37.19937838140	4988
33	-82.56802270090	37.19391905180	4989
33	-82.71909582560	37.11001729150	4990
33	-82.72137726020	37.09311774960	4991
33	-82.70917013110	37.07548228140	4992
33	-82.72005765480	37.06592981730	4993
33	-82.72359815600	37.03399236820	4994
33	-82.81222270860	37.00560075950	4995
33	-82.86655984330	36.97458576520	4996
33	-82.86063208410	36.93216237180	4997
33	-82.87804287270	36.89369423810	4998
33	-82.95080569150	36.86407845870	4999
33	-83.04663415240	36.85879355040	5000
33	-83.06795192810	36.85099615390	5001
33	-83.12822065070	36.77915269390	5002
33	-83.12439086410	36.75116764780	5003
33	-83.13851356410	36.74005926090	5004
33	-83.20365656290	36.73426062780	5005
33	-83.32138369860	36.70953295010	5006
33	-83.38585480000	36.68821963470	5007
33	-83.40415058520	36.67232739090	5008
33	-83.46022130760	36.66183256520	5009
33	-83.53089494700	36.66148096020	5010
33	-83.64680262240	36.61697697180	5011
33	-83.67517677790	36.59870387510	5012
35	-81.95957525590	37.53117261960	5013
35	-82.28895093420	37.30486121920	5014
35	-82.35384234350	37.26051960050	5015
35	-82.40588500380	37.25070419760	5016
35	-82.55003991650	37.19937838140	5017
35	-82.56802270090	37.19391905180	5018
35	-82.71909582560	37.11001729150	5019
35	-82.72137726020	37.09311774960	5020
35	-82.70917013110	37.07548228140	5021
35	-82.72005765480	37.06592981730	5022
35	-82.72359815600	37.03399236820	5023
35	-82.81222270860	37.00560075950	5024
35	-82.86655984330	36.97458576520	5025
35	-82.86063208410	36.93216237180	5026
35	-82.87804287270	36.89369423810	5027
35	-82.95080569150	36.86407845870	5028
35	-83.04663415240	36.85879355040	5029
35	-83.06795192810	36.85099615390	5030
35	-83.12822065070	36.77915269390	5031
35	-83.12439086410	36.75116764780	5032
35	-83.13851356410	36.74005926090	5033
35	-83.20365656290	36.73426062780	5034
35	-83.32138369860	36.70953295010	5035
35	-83.38585480000	36.68821963470	5036
35	-83.40415058520	36.67232739090	5037
35	-83.46022130760	36.66183256520	5038
35	-83.53089494700	36.66148096020	5039
35	-83.64680262240	36.61697697180	5040
35	-83.67517677790	36.59870387510	5041
27	-88.03560734400	37.80572790500	5042
27	-88.07250396380	37.73544619990	5043
27	-88.13367030450	37.70079077860	5044
27	-88.15940438690	37.66073353960	5045
27	-88.15766418950	37.62852655950	5046
27	-88.13420205770	37.58362042180	5047
27	-88.07159147140	37.51103860320	5048
27	-88.08791056560	37.47632169740	5049
27	-88.31174248200	37.44290330250	5050
27	-88.35921416810	37.40936105670	5051
27	-88.41989355440	37.42034324120	5052
27	-88.46768595620	37.40080843710	5053
27	-88.51136517820	37.29690576320	5054
27	-88.50146891520	37.25783644710	5055
27	-88.45073896130	37.20572443850	5056
27	-88.42255499110	37.15696542460	5057
27	-88.45051103900	37.09872731020	5058
27	-88.47684172650	37.07220043880	5059
27	-88.49074326680	37.06823713090	5060
27	-88.51731763780	37.06482673640	5061
27	-88.55931900020	37.07287141320	5062
27	-88.61426795300	37.10910252880	5063
27	-88.68842120870	37.13546510440	5064
27	-88.73916655930	37.14123633770	5065
27	-88.74655985820	37.15216153190	5066
27	-88.86334984720	37.20224755760	5067
27	-88.93256776620	37.21845950360	5068
27	-88.99324011840	37.22008798030	5069
27	-89.06510404170	37.18591159070	5070
27	-89.11689313810	37.11218855620	5071
27	-89.14641970200	37.09323691700	5072
27	-89.16962098940	37.06428705610	5073
27	-89.17440395580	37.02576253080	5074
27	-89.15031647720	36.99849165260	5075
27	-89.12992986030	36.98816569150	5076
33	-88.03560734400	37.80572790500	5077
33	-88.07250396380	37.73544619990	5078
33	-88.13367030450	37.70079077860	5079
33	-88.15940438690	37.66073353960	5080
33	-88.15766418950	37.62852655950	5081
33	-88.13420205770	37.58362042180	5082
33	-88.07159147140	37.51103860320	5083
33	-88.08791056560	37.47632169740	5084
33	-88.31174248200	37.44290330250	5085
33	-88.35921416810	37.40936105670	5086
33	-88.41989355440	37.42034324120	5087
33	-88.46768595620	37.40080843710	5088
33	-88.51136517820	37.29690576320	5089
33	-88.50146891520	37.25783644710	5090
33	-88.45073896130	37.20572443850	5091
33	-88.42255499110	37.15696542460	5092
33	-88.45051103900	37.09872731020	5093
33	-88.47684172650	37.07220043880	5094
33	-88.49074326680	37.06823713090	5095
33	-88.51731763780	37.06482673640	5096
33	-88.55931900020	37.07287141320	5097
33	-88.61426795300	37.10910252880	5098
33	-88.68842120870	37.13546510440	5099
33	-88.73916655930	37.14123633770	5100
33	-88.74655985820	37.15216153190	5101
33	-88.86334984720	37.20224755760	5102
33	-88.93256776620	37.21845950360	5103
33	-88.99324011840	37.22008798030	5104
33	-89.06510404170	37.18591159070	5105
33	-89.11689313810	37.11218855620	5106
33	-89.14641970200	37.09323691700	5107
33	-89.16962098940	37.06428705610	5108
33	-89.17440395580	37.02576253080	5109
33	-89.15031647720	36.99849165260	5110
33	-89.12992986030	36.98816569150	5111
35	-75.69914364060	37.58964538800	5112
35	-75.64991760170	37.55988796830	5113
35	-75.72717419320	37.55831602200	5114
35	-75.75615075890	37.51067528550	5115
35	-75.70491805680	37.49360915460	5116
35	-75.81267774260	37.46917942130	5117
35	-75.82013856450	37.42634129540	5118
35	-75.79042061880	37.40824511510	5119
35	-75.82632603780	37.41828477690	5120
35	-75.89676220340	37.36753063540	5121
35	-75.93103997880	37.14264414140	5122
35	-75.97063819950	37.12637454000	5123
35	-76.01812688220	37.30891799620	5124
35	-75.93410350970	37.48477610770	5125
35	-75.96510259720	37.47948492310	5126
35	-75.95436060320	37.52196452870	5127
35	-75.93041165730	37.55702101120	5128
35	-75.86702474820	37.55231440550	5129
35	-75.94075747320	37.56168617570	5130
35	-75.92921414750	37.58601585440	5131
35	-75.88693073370	37.58047744950	5132
35	-75.90564632470	37.59230636610	5133
35	-75.79937456350	37.71192191270	5134
35	-75.78225398870	37.78996139850	5135
35	-75.69573483570	37.82464377280	5136
35	-75.68635807370	37.85825047310	5137
35	-75.73363064670	37.93069421350	5138
35	-75.65809797640	37.94130587960	5139
35	-75.64786661290	37.97025490870	5140
31	-75.37242058360	38.01683386160	5141
31	-75.62608404750	37.99654123520	5142
31	-75.64786661290	37.97025490870	5143
35	-75.37242058360	38.01683386160	5144
35	-75.62608404750	37.99654123520	5145
35	-75.64786661290	37.97025490870	5146
35	-75.37242058360	38.01683386160	5147
35	-75.61757013460	37.69726237770	5148
35	-75.58955432920	37.67732353340	5149
35	-75.69914364060	37.58964538800	5150
35	-75.29849658660	37.96299810270	5151
35	-75.33882056570	37.88890697210	5152
35	-75.38572070570	37.87577713340	5153
35	-75.34445116720	37.90203686590	5154
35	-75.37821276540	37.90109850710	5155
35	-75.34632789660	37.91892033210	5156
35	-75.27035768490	38.02770917330	5157
31	-75.24221928000	38.02864750700	5158
31	-75.27035768490	38.02770917330	5159
35	-75.24221928000	38.02864750700	5160
35	-75.27035768490	38.02770917330	5161
35	-75.24221928000	38.02864750700	5162
35	-75.29849658660	37.96299810270	5163
31	-75.27035768490	38.02770917330	5164
31	-75.24409619310	38.03802383460	5165
31	-75.20938868500	38.09429690900	5166
31	-75.16437344960	38.20496245150	5167
31	-75.09402696540	38.32031659110	5168
31	-75.17281187760	38.12430633590	5169
31	-75.24221928000	38.02864750700	5170
30	-81.95957525590	37.53117261960	5171
30	-81.97657427560	37.54325344830	5172
30	-82.02635116940	37.53051952500	5173
30	-82.04913418090	37.55145382030	5174
30	-82.05566534080	37.52534253220	5175
30	-82.08439205040	37.54830990910	5176
30	-82.14250917270	37.55745249800	5177
30	-82.14652250530	37.56592089830	5178
30	-82.13747341920	37.56989591170	5179
30	-82.13178149470	37.59053697800	5180
30	-82.15931022000	37.59356908030	5181
30	-82.18554940130	37.64066776780	5182
30	-82.20544059750	37.62401653350	5183
30	-82.23837115630	37.65677587220	5184
30	-82.29562477450	37.66905803270	5185
30	-82.32940120310	37.74417148720	5186
30	-82.31949788660	37.75842685210	5187
30	-82.33984657600	37.78440030830	5188
30	-82.40580574320	37.81171971370	5189
30	-82.42150832590	37.87235652850	5190
30	-82.43760727650	37.89485486010	5191
30	-82.50020946920	37.92226189810	5192
30	-82.49339635190	37.94251372890	5193
30	-82.48017416170	37.95439642270	5194
30	-82.47577967120	37.97590704930	5195
30	-82.52467860530	38.01566234780	5196
30	-82.59320869770	38.10996258440	5197
30	-82.64612798320	38.14633070050	5198
30	-82.64715826030	38.16943565050	5199
30	-82.61376363890	38.17809486810	5200
30	-82.60664541860	38.19382624900	5201
30	-82.61622873190	38.23881164630	5202
30	-82.58911323210	38.24538808570	5203
30	-82.57457895080	38.25597371630	5204
30	-82.58004962600	38.29251044650	5205
30	-82.57229805470	38.30781104300	5206
30	-82.59823915720	38.36846396210	5207
30	-82.58660430880	38.41251942250	5208
33	-81.95957525590	37.53117261960	5209
33	-81.97657427560	37.54325344830	5210
33	-82.02635116940	37.53051952500	5211
33	-82.04913418090	37.55145382030	5212
33	-82.05566534080	37.52534253220	5213
33	-82.08439205040	37.54830990910	5214
33	-82.14250917270	37.55745249800	5215
33	-82.14652250530	37.56592089830	5216
33	-82.13747341920	37.56989591170	5217
33	-82.13178149470	37.59053697800	5218
33	-82.15931022000	37.59356908030	5219
33	-82.18554940130	37.64066776780	5220
33	-82.20544059750	37.62401653350	5221
33	-82.23837115630	37.65677587220	5222
33	-82.29562477450	37.66905803270	5223
33	-82.32940120310	37.74417148720	5224
33	-82.31949788660	37.75842685210	5225
33	-82.33984657600	37.78440030830	5226
33	-82.40580574320	37.81171971370	5227
33	-82.42150832590	37.87235652850	5228
33	-82.43760727650	37.89485486010	5229
33	-82.50020946920	37.92226189810	5230
33	-82.49339635190	37.94251372890	5231
33	-82.48017416170	37.95439642270	5232
33	-82.47577967120	37.97590704930	5233
33	-82.52467860530	38.01566234780	5234
33	-82.59320869770	38.10996258440	5235
33	-82.64612798320	38.14633070050	5236
33	-82.64715826030	38.16943565050	5237
33	-82.61376363890	38.17809486810	5238
33	-82.60664541860	38.19382624900	5239
33	-82.61622873190	38.23881164630	5240
33	-82.58911323210	38.24538808570	5241
33	-82.57457895080	38.25597371630	5242
33	-82.58004962600	38.29251044650	5243
33	-82.57229805470	38.30781104300	5244
33	-82.59823915720	38.36846396210	5245
33	-82.58660430880	38.41251942250	5246
31	-75.04562301250	38.44960216090	5247
31	-75.08732042620	38.32305928010	5248
31	-75.06792466470	38.45007536410	5249
29	-75.04562301250	38.44960216090	5250
29	-75.06792466470	38.45007536410	5251
31	-75.04562301250	38.44960216090	5252
31	-75.06792466470	38.45007536410	5253
31	-75.09272123350	38.45056384720	5254
31	-75.15487352920	38.36973956830	5255
31	-75.15061690900	38.27388120830	5256
31	-75.26249902930	38.20153359670	5257
31	-75.37306873130	38.06904090290	5258
31	-75.37242058360	38.01683386160	5259
29	-75.06792466470	38.45007536410	5260
29	-75.09272123350	38.45056384720	5261
35	-77.12969069320	38.64824189150	5262
35	-77.19696081950	38.62281757570	5263
35	-77.19445111080	38.66088329860	5264
35	-77.22729654270	38.65083944210	5265
35	-77.30332287240	38.50203312490	5266
35	-77.33818962710	38.43694878830	5267
35	-77.28918500850	38.36279642780	5268
35	-77.32152662970	38.34410893740	5269
35	-77.24040149880	38.33149745170	5270
35	-77.05423208030	38.37547640290	5271
35	-76.99905430240	38.28040195500	5272
35	-76.93615516770	38.20260308890	5273
35	-76.59528337460	38.12035284970	5274
35	-76.54871173330	38.07424085560	5275
35	-76.55772185770	38.02545933900	5276
35	-76.57336977570	38.00330026060	5277
35	-76.52422056290	38.01287446600	5278
35	-76.36741460880	37.95707994000	5279
35	-76.25886650740	37.89015820420	5280
35	-76.25158778370	37.85030678660	5281
35	-76.32420691490	37.79894531590	5282
35	-76.30961091920	37.71924580830	5283
35	-76.35667039520	37.70026545780	5284
35	-76.32272586700	37.67794843190	5285
35	-76.34453850660	37.62305950140	5286
35	-76.50676055160	37.65652291870	5287
35	-76.58013584450	37.77025422080	5288
35	-76.63145292140	37.79648704300	5289
35	-76.77153220520	37.91681070400	5290
35	-76.81818811700	37.91964156160	5291
35	-76.73203439800	37.79861972280	5292
35	-76.68141185640	37.77489296880	5293
35	-76.56917134360	37.64204684150	5294
35	-76.31430907780	37.55133490890	5295
35	-76.34830661550	37.52528520300	5296
35	-76.51252787650	37.55271304160	5297
35	-76.43385037340	37.51533842150	5298
35	-76.35533345050	37.51588977280	5299
35	-76.25425523470	37.39032578160	5300
35	-76.27485534880	37.33045986740	5301
35	-76.30063613540	37.33470986810	5302
35	-76.33868544120	37.39368441600	5303
35	-76.44653855360	37.45810393990	5304
35	-76.46360632030	37.41903130000	5305
35	-76.41675242030	37.41227463600	5306
35	-76.40342345470	37.37316702850	5307
35	-76.45522146380	37.37763120570	5308
35	-76.39240635490	37.29356745350	5309
35	-76.46080692880	37.25557538050	5310
35	-76.65316606910	37.41234464750	5311
35	-76.70436134400	37.41863614060	5312
35	-76.66966133210	37.37179153780	5313
35	-76.59471505360	37.29144255480	5314
35	-76.42433690120	37.20744176070	5315
35	-76.41266346970	37.15253773470	5316
35	-76.39654183630	37.17317458000	5317
35	-76.36345172990	37.14657099660	5318
35	-76.33698418030	37.17715229540	5319
35	-76.28533859100	37.12224047920	5320
35	-76.39535928660	37.10785308480	5321
35	-76.27859394160	37.07448939080	5322
35	-76.29300653600	37.02063512690	5323
35	-76.38421988470	36.99056108830	5324
35	-76.42578636800	36.96540730840	5325
35	-76.53079429860	37.06778931930	5326
35	-76.51493987190	37.08851415250	5327
35	-76.56416627310	37.11791785910	5328
35	-76.56811849500	37.08032071940	5329
35	-76.62459298870	37.13242172110	5330
35	-76.60970745890	37.17872384150	5331
35	-76.64777158530	37.22598404650	5332
35	-76.69683009610	37.23266793710	5333
35	-76.74578195240	37.19353767380	5334
35	-76.79561107370	37.24053466310	5335
35	-76.85685438460	37.24404826340	5336
35	-76.87517354260	37.32309186490	5337
35	-76.87811073080	37.25957402950	5338
35	-76.94117727910	37.23675884560	5339
35	-76.90054884750	37.20120217010	5340
35	-76.79707590250	37.20745005920	5341
35	-76.72889009060	37.15081702910	5342
35	-76.68564516140	37.19813366360	5343
35	-76.67121766850	37.14786009120	5344
35	-76.66532022220	37.05428261830	5345
35	-76.57750306260	37.02464216860	5346
35	-76.61304959590	36.99499104930	5347
35	-76.55472096580	37.00634316590	5348
35	-76.48918167770	36.96187138170	5349
35	-76.51684627000	36.91233412860	5350
35	-76.48184897150	36.91923472680	5351
35	-76.48628915860	36.89571727390	5352
35	-76.56018962410	36.84194968250	5353
35	-76.56152429280	36.79576537510	5354
35	-76.50686609930	36.86962116370	5355
35	-76.41047285380	36.90156103560	5356
35	-76.34781018400	36.91348925600	5357
35	-76.34158391240	36.86033556430	5358
35	-76.39375552600	36.83607445160	5359
35	-76.40085103770	36.82628602620	5360
35	-76.31710011800	36.84599229030	5361
35	-76.29236454700	36.82849046730	5362
35	-76.30728137280	36.94214872580	5363
35	-76.28388879260	36.96288137440	5364
35	-76.20199158110	36.93521716320	5365
35	-76.19132517430	36.90458922500	5366
35	-76.11808814540	36.93176481230	5367
35	-75.99501397330	36.92328099610	5368
35	-75.87781108460	36.55602830590	5369
31	-77.12969069320	38.64824189150	5370
31	-77.12481562050	38.67791554520	5371
31	-77.09284764250	38.70409891160	5372
31	-77.08157873830	38.71539391820	5373
31	-77.05682051430	38.71213631490	5374
31	-77.04616956660	38.71889578090	5375
31	-77.04514742260	38.78823394320	5376
35	-77.12969069320	38.64824189150	5377
35	-77.12481562050	38.67791554520	5378
35	-77.09284764250	38.70409891160	5379
35	-77.08157873830	38.71539391820	5380
35	-77.05682051430	38.71213631490	5381
35	-77.04616956660	38.71889578090	5382
35	-77.04514742260	38.78823394320	5383
28	-77.04514742260	38.78823394320	5384
28	-77.03494665070	38.81402849250	5385
28	-77.04488807400	38.82947772560	5386
28	-77.04010432000	38.83852603730	5387
28	-77.03877681160	38.86254295090	5388
28	-77.06758617980	38.88621268410	5389
28	-77.07864905840	38.91571120610	5390
28	-77.12232830290	38.93217127620	5391
35	-77.04514742260	38.78823394320	5392
35	-77.03494665070	38.81402849250	5393
35	-77.04488807400	38.82947772560	5394
35	-77.04010432000	38.83852603730	5395
35	-77.03877681160	38.86254295090	5396
35	-77.06758617980	38.88621268410	5397
35	-77.07864905840	38.91571120610	5398
35	-77.12232830290	38.93217127620	5399
28	-77.00793074390	38.96666713330	5400
28	-76.91090469130	38.89010008050	5401
28	-77.04514742260	38.78823394320	5402
31	-77.00793074390	38.96666713330	5403
31	-76.91090469130	38.89010008050	5404
31	-77.04514742260	38.78823394320	5405
28	-77.12232830290	38.93217127620	5406
28	-77.04208827010	38.99354115980	5407
28	-77.00793074390	38.96666713330	5408
31	-77.12232830290	38.93217127620	5409
31	-77.04208827010	38.99354115980	5410
31	-77.00793074390	38.96666713330	5411
31	-76.24782176950	38.97900958060	5412
31	-76.24640880850	38.92369409720	5413
31	-76.27318950160	38.94934340730	5414
31	-76.29280413060	38.90783672810	5415
31	-76.29418669440	38.96768013500	5416
31	-76.33874335830	38.95677410810	5417
31	-76.31412982030	38.94203836660	5418
31	-76.32230796030	38.91220056240	5419
31	-76.34222157560	38.92417072810	5420
31	-76.32938725970	38.87600382370	5421
31	-76.37524061900	38.85421854160	5422
31	-76.35647462720	38.95829991100	5423
31	-76.29949023160	39.04070730590	5424
31	-76.24782176950	38.97900958060	5425
22	-84.81148058300	39.10258551150	5426
22	-84.82786135480	39.10368776740	5427
22	-84.88670796680	39.06504500150	5428
22	-84.88999612560	39.05064857320	5429
22	-84.87629314650	39.03289544750	5430
22	-84.84422566680	39.00583100250	5431
22	-84.83444439660	38.98277550250	5432
22	-84.84631584740	38.95463107800	5433
22	-84.87588014930	38.92760417010	5434
22	-84.87525438600	38.90943130240	5435
22	-84.85974351140	38.90204252230	5436
22	-84.80322400510	38.89719085950	5437
22	-84.78866686780	38.88438529800	5438
22	-84.78744612600	38.86664348230	5439
22	-84.82442619110	38.83446294970	5440
22	-84.81878023030	38.79340999830	5441
22	-84.97561118770	38.78064101840	5442
22	-85.02507307260	38.76429111390	5443
22	-85.06845466110	38.75042460340	5444
22	-85.11965707810	38.71413936280	5445
22	-85.16093321350	38.69517650520	5446
22	-85.20516184380	38.69581704140	5447
22	-85.27139393300	38.74437675930	5448
22	-85.33500919580	38.73700640250	5449
22	-85.41818661630	38.73841716700	5450
22	-85.44669062130	38.72484068030	5451
22	-85.45367924830	38.69467453900	5452
22	-85.42440459910	38.58484015990	5453
22	-85.41746171920	38.56147561420	5454
22	-85.43236978070	38.53701609290	5455
22	-85.46638212810	38.51817536280	5456
22	-85.50720002380	38.47141955190	5457
22	-85.61264028940	38.44667037580	5458
22	-85.64359297480	38.38368793780	5459
22	-85.65422823870	38.33775286920	5460
22	-85.68138899780	38.30095370370	5461
22	-85.74692600840	38.27031509500	5462
22	-85.78621080310	38.28239159400	5463
22	-85.80655131330	38.28617922490	5464
22	-85.83990769670	38.27629148130	5465
22	-85.85233575220	38.23856104130	5466
22	-85.91207454520	38.18000148390	5467
22	-85.91475111520	38.06487485910	5468
22	-85.93087193560	38.03404887620	5469
22	-85.95858209410	38.01184060960	5470
22	-86.00666332010	38.00176707370	5471
22	-86.03161981580	37.99295066000	5472
22	-86.05271568930	37.96678448060	5473
22	-86.10498657340	38.01133614520	5474
22	-86.19062168410	38.01775843080	5475
22	-86.25215493570	38.04072150210	5476
22	-86.27769895780	38.05817297520	5477
22	-86.29144007500	38.07848952780	5478
22	-86.29767433250	38.15030409590	5479
22	-86.34160589000	38.17728814950	5480
22	-86.36434994290	38.19329023250	5481
22	-86.38830691000	38.19480803280	5482
22	-86.38710104680	38.16802148350	5483
22	-86.34312388820	38.15555981920	5484
22	-86.33541784560	38.14402825290	5485
22	-86.34403915320	38.13427018510	5486
22	-86.39367710680	38.12329441540	5487
22	-86.40718125380	38.10821858480	5488
22	-86.45252422390	38.12975528960	5489
22	-86.46484600100	38.12915614170	5490
22	-86.47433692400	38.11170764020	5491
22	-86.44252118850	38.08869819970	5492
22	-86.44246758230	38.07599535120	5493
22	-86.45836735730	38.05916086990	5494
22	-86.50311474410	38.05164879740	5495
22	-86.51909122840	38.04704791410	5496
22	-86.52783439060	38.01869320300	5497
22	-86.53084787600	37.98747730370	5498
22	-86.51690101080	37.94224204860	5499
22	-86.52273778730	37.92787165850	5500
22	-86.54108720280	37.92151583080	5501
22	-86.58178391510	37.92566537880	5502
22	-86.59830982180	37.92107202740	5503
22	-86.61478246080	37.85797548990	5504
22	-86.64556820340	37.84600033650	5505
22	-86.66592415780	37.84738087140	5506
22	-86.67066979690	37.86064086430	5507
22	-86.66030864550	37.90257287690	5508
22	-86.66865550170	37.91319678710	5509
22	-86.68912593630	37.91185353830	5510
22	-86.72887656810	37.89462144130	5511
22	-86.75382558480	37.89835936380	5512
22	-86.80281549730	37.97879988460	5513
22	-86.82630715520	37.99155970770	5514
22	-86.86327270130	37.98692023270	5515
22	-86.90007789990	37.95369698800	5516
22	-86.93157291370	37.93804072460	5517
22	-86.98903154900	37.93061616650	5518
22	-87.01315637770	37.92476392680	5519
22	-87.03648000840	37.90800543460	5520
22	-87.07130830410	37.80713614310	5521
22	-87.10642706750	37.78425117620	5522
22	-87.13187941920	37.78973636160	5523
22	-87.15807987420	37.82696748600	5524
22	-87.17578068830	37.83864019480	5525
22	-87.22676182560	37.84911834700	5526
22	-87.27274593890	37.87081941030	5527
22	-87.31055891190	37.89371841660	5528
22	-87.38755062900	37.93496921550	5529
22	-87.45228840370	37.93652075060	5530
22	-87.50480294850	37.91562700310	5531
22	-87.60432572400	37.97115731980	5532
22	-87.62713757370	37.92345466590	5533
22	-87.59471837830	37.89076664630	5534
22	-87.59363445090	37.86491071540	5535
22	-87.60758877770	37.84381928960	5536
22	-87.65169586570	37.82817513500	5537
22	-87.68471741160	37.83637281620	5538
22	-87.67972095690	37.89704933790	5539
22	-87.70940815020	37.89975392450	5540
22	-87.72820001540	37.89458498930	5541
22	-87.75378243270	37.89812886190	5542
22	-87.82364719940	37.87825502170	5543
22	-87.85718741420	37.89094691570	5544
22	-87.89903644650	37.92459694630	5545
22	-87.92189490990	37.91990893000	5546
22	-87.93448378930	37.90420389640	5547
22	-87.93684884850	37.87522353620	5548
22	-87.91022864130	37.83861345660	5549
22	-87.92016997870	37.80972854600	5550
22	-87.93961043840	37.79955106780	5551
22	-87.95873804940	37.77622425170	5552
22	-88.01122289680	37.80135224740	5553
22	-88.03560734400	37.80572790500	5554
33	-84.81148058300	39.10258551150	5555
33	-84.82786135480	39.10368776740	5556
33	-84.88670796680	39.06504500150	5557
33	-84.88999612560	39.05064857320	5558
33	-84.87629314650	39.03289544750	5559
33	-84.84422566680	39.00583100250	5560
33	-84.83444439660	38.98277550250	5561
33	-84.84631584740	38.95463107800	5562
33	-84.87588014930	38.92760417010	5563
33	-84.87525438600	38.90943130240	5564
33	-84.85974351140	38.90204252230	5565
33	-84.80322400510	38.89719085950	5566
33	-84.78866686780	38.88438529800	5567
33	-84.78744612600	38.86664348230	5568
33	-84.82442619110	38.83446294970	5569
33	-84.81878023030	38.79340999830	5570
33	-84.97561118770	38.78064101840	5571
33	-85.02507307260	38.76429111390	5572
33	-85.06845466110	38.75042460340	5573
33	-85.11965707810	38.71413936280	5574
33	-85.16093321350	38.69517650520	5575
33	-85.20516184380	38.69581704140	5576
33	-85.27139393300	38.74437675930	5577
33	-85.33500919580	38.73700640250	5578
33	-85.41818661630	38.73841716700	5579
33	-85.44669062130	38.72484068030	5580
33	-85.45367924830	38.69467453900	5581
33	-85.42440459910	38.58484015990	5582
33	-85.41746171920	38.56147561420	5583
33	-85.43236978070	38.53701609290	5584
33	-85.46638212810	38.51817536280	5585
33	-85.50720002380	38.47141955190	5586
33	-85.61264028940	38.44667037580	5587
33	-85.64359297480	38.38368793780	5588
33	-85.65422823870	38.33775286920	5589
33	-85.68138899780	38.30095370370	5590
33	-85.74692600840	38.27031509500	5591
33	-85.78621080310	38.28239159400	5592
33	-85.80655131330	38.28617922490	5593
33	-85.83990769670	38.27629148130	5594
33	-85.85233575220	38.23856104130	5595
33	-85.91207454520	38.18000148390	5596
33	-85.91475111520	38.06487485910	5597
33	-85.93087193560	38.03404887620	5598
33	-85.95858209410	38.01184060960	5599
33	-86.00666332010	38.00176707370	5600
33	-86.03161981580	37.99295066000	5601
33	-86.05271568930	37.96678448060	5602
33	-86.10498657340	38.01133614520	5603
33	-86.19062168410	38.01775843080	5604
33	-86.25215493570	38.04072150210	5605
33	-86.27769895780	38.05817297520	5606
33	-86.29144007500	38.07848952780	5607
33	-86.29767433250	38.15030409590	5608
33	-86.34160589000	38.17728814950	5609
33	-86.36434994290	38.19329023250	5610
33	-86.38830691000	38.19480803280	5611
33	-86.38710104680	38.16802148350	5612
33	-86.34312388820	38.15555981920	5613
33	-86.33541784560	38.14402825290	5614
33	-86.34403915320	38.13427018510	5615
33	-86.39367710680	38.12329441540	5616
33	-86.40718125380	38.10821858480	5617
33	-86.45252422390	38.12975528960	5618
33	-86.46484600100	38.12915614170	5619
33	-86.47433692400	38.11170764020	5620
33	-86.44252118850	38.08869819970	5621
33	-86.44246758230	38.07599535120	5622
33	-86.45836735730	38.05916086990	5623
33	-86.50311474410	38.05164879740	5624
33	-86.51909122840	38.04704791410	5625
33	-86.52783439060	38.01869320300	5626
33	-86.53084787600	37.98747730370	5627
33	-86.51690101080	37.94224204860	5628
33	-86.52273778730	37.92787165850	5629
33	-86.54108720280	37.92151583080	5630
33	-86.58178391510	37.92566537880	5631
33	-86.59830982180	37.92107202740	5632
33	-86.61478246080	37.85797548990	5633
33	-86.64556820340	37.84600033650	5634
33	-86.66592415780	37.84738087140	5635
33	-86.67066979690	37.86064086430	5636
33	-86.66030864550	37.90257287690	5637
33	-86.66865550170	37.91319678710	5638
33	-86.68912593630	37.91185353830	5639
33	-86.72887656810	37.89462144130	5640
33	-86.75382558480	37.89835936380	5641
33	-86.80281549730	37.97879988460	5642
33	-86.82630715520	37.99155970770	5643
33	-86.86327270130	37.98692023270	5644
33	-86.90007789990	37.95369698800	5645
33	-86.93157291370	37.93804072460	5646
33	-86.98903154900	37.93061616650	5647
33	-87.01315637770	37.92476392680	5648
33	-87.03648000840	37.90800543460	5649
33	-87.07130830410	37.80713614310	5650
33	-87.10642706750	37.78425117620	5651
33	-87.13187941920	37.78973636160	5652
33	-87.15807987420	37.82696748600	5653
33	-87.17578068830	37.83864019480	5654
33	-87.22676182560	37.84911834700	5655
33	-87.27274593890	37.87081941030	5656
33	-87.31055891190	37.89371841660	5657
33	-87.38755062900	37.93496921550	5658
33	-87.45228840370	37.93652075060	5659
33	-87.50480294850	37.91562700310	5660
33	-87.60432572400	37.97115731980	5661
33	-87.62713757370	37.92345466590	5662
33	-87.59471837830	37.89076664630	5663
33	-87.59363445090	37.86491071540	5664
33	-87.60758877770	37.84381928960	5665
33	-87.65169586570	37.82817513500	5666
33	-87.68471741160	37.83637281620	5667
33	-87.67972095690	37.89704933790	5668
33	-87.70940815020	37.89975392450	5669
33	-87.72820001540	37.89458498930	5670
33	-87.75378243270	37.89812886190	5671
33	-87.82364719940	37.87825502170	5672
33	-87.85718741420	37.89094691570	5673
33	-87.89903644650	37.92459694630	5674
33	-87.92189490990	37.91990893000	5675
33	-87.93448378930	37.90420389640	5676
33	-87.93684884850	37.87522353620	5677
33	-87.91022864130	37.83861345660	5678
33	-87.92016997870	37.80972854600	5679
33	-87.93961043840	37.79955106780	5680
33	-87.95873804940	37.77622425170	5681
33	-88.01122289680	37.80135224740	5682
33	-88.03560734400	37.80572790500	5683
26	-84.74287558790	39.14206377480	5684
26	-84.78992699890	39.10703359120	5685
26	-84.81148058300	39.10258551150	5686
33	-84.74287558790	39.14206377480	5687
33	-84.78992699890	39.10703359120	5688
33	-84.81148058300	39.10258551150	5689
26	-82.58660430880	38.41251942250	5690
26	-82.61374333800	38.47266883370	5691
26	-82.66976035740	38.50214077220	5692
26	-82.69557936430	38.53914282950	5693
26	-82.74194481630	38.55306620730	5694
26	-82.80236391080	38.55728867760	5695
26	-82.82699248540	38.57166211840	5696
26	-82.85385666400	38.60045873720	5697
26	-82.86002948590	38.65239514670	5698
26	-82.88001174460	38.68330132260	5699
26	-82.87319116780	38.71900647800	5700
26	-82.89031224800	38.74277546900	5701
26	-82.92130380870	38.74641448470	5702
26	-82.97248310330	38.71964299600	5703
26	-83.02694343470	38.71451199910	5704
26	-83.06087991710	38.68572646300	5705
26	-83.11124311370	38.66483336520	5706
26	-83.14314997510	38.61933969660	5707
26	-83.18193907430	38.60984103470	5708
26	-83.24501356060	38.62417236300	5709
26	-83.27275487480	38.60925692230	5710
26	-83.29004357860	38.59663796020	5711
26	-83.30653126540	38.59631742480	5712
26	-83.32032576530	38.60656347660	5713
26	-83.33002325650	38.63198803060	5714
26	-83.37142194900	38.65499770350	5715
26	-83.45361630000	38.66377465970	5716
26	-83.50007346800	38.69013735710	5717
26	-83.52655598200	38.69611104100	5718
26	-83.61837851960	38.67797227180	5719
26	-83.63324094670	38.66497196640	5720
26	-83.64318975620	38.63586246360	5721
26	-83.65575566660	38.62388068090	5722
26	-83.67853010000	38.62092813530	5723
26	-83.71282542860	38.63555340980	5724
26	-83.77022323290	38.65081940530	5725
26	-83.79046498150	38.69384453780	5726
26	-83.83753224360	38.71187990400	5727
26	-83.85755268900	38.74491839390	5728
26	-83.91253950470	38.75796038010	5729
26	-83.96216278920	38.77764740560	5730
26	-84.05380160130	38.76373499340	5731
26	-84.08886710720	38.76550473940	5732
26	-84.17675226260	38.78849859450	5733
26	-84.22870211030	38.81269044590	5734
26	-84.23529444750	38.87455562220	5735
26	-84.26152509820	38.91747731250	5736
26	-84.29013610300	38.94453786370	5737
26	-84.31331512780	39.01407413820	5738
26	-84.34577901160	39.03781231760	5739
26	-84.39131227400	39.03574443610	5740
26	-84.41974011050	39.04733689040	5741
26	-84.42568374950	39.08472408190	5742
26	-84.44491807600	39.11182693770	5743
26	-84.49205360990	39.10736350390	5744
26	-84.51530079690	39.09419523410	5745
26	-84.59306865950	39.07026561130	5746
26	-84.62264847600	39.07493457280	5747
26	-84.66748748710	39.08962448830	5748
26	-84.74287558790	39.14206377480	5749
33	-82.58660430880	38.41251942250	5750
33	-82.61374333800	38.47266883370	5751
33	-82.66976035740	38.50214077220	5752
33	-82.69557936430	38.53914282950	5753
33	-82.74194481630	38.55306620730	5754
33	-82.80236391080	38.55728867760	5755
33	-82.82699248540	38.57166211840	5756
33	-82.85385666400	38.60045873720	5757
33	-82.86002948590	38.65239514670	5758
33	-82.88001174460	38.68330132260	5759
33	-82.87319116780	38.71900647800	5760
33	-82.89031224800	38.74277546900	5761
33	-82.92130380870	38.74641448470	5762
33	-82.97248310330	38.71964299600	5763
33	-83.02694343470	38.71451199910	5764
33	-83.06087991710	38.68572646300	5765
33	-83.11124311370	38.66483336520	5766
33	-83.14314997510	38.61933969660	5767
33	-83.18193907430	38.60984103470	5768
33	-83.24501356060	38.62417236300	5769
33	-83.27275487480	38.60925692230	5770
33	-83.29004357860	38.59663796020	5771
33	-83.30653126540	38.59631742480	5772
33	-83.32032576530	38.60656347660	5773
33	-83.33002325650	38.63198803060	5774
33	-83.37142194900	38.65499770350	5775
33	-83.45361630000	38.66377465970	5776
33	-83.50007346800	38.69013735710	5777
33	-83.52655598200	38.69611104100	5778
33	-83.61837851960	38.67797227180	5779
33	-83.63324094670	38.66497196640	5780
33	-83.64318975620	38.63586246360	5781
33	-83.65575566660	38.62388068090	5782
33	-83.67853010000	38.62092813530	5783
33	-83.71282542860	38.63555340980	5784
33	-83.77022323290	38.65081940530	5785
33	-83.79046498150	38.69384453780	5786
33	-83.83753224360	38.71187990400	5787
33	-83.85755268900	38.74491839390	5788
33	-83.91253950470	38.75796038010	5789
33	-83.96216278920	38.77764740560	5790
33	-84.05380160130	38.76373499340	5791
33	-84.08886710720	38.76550473940	5792
33	-84.17675226260	38.78849859450	5793
33	-84.22870211030	38.81269044590	5794
33	-84.23529444750	38.87455562220	5795
33	-84.26152509820	38.91747731250	5796
33	-84.29013610300	38.94453786370	5797
33	-84.31331512780	39.01407413820	5798
33	-84.34577901160	39.03781231760	5799
33	-84.39131227400	39.03574443610	5800
33	-84.41974011050	39.04733689040	5801
33	-84.42568374950	39.08472408190	5802
33	-84.44491807600	39.11182693770	5803
33	-84.49205360990	39.10736350390	5804
33	-84.51530079690	39.09419523410	5805
33	-84.59306865950	39.07026561130	5806
33	-84.62264847600	39.07493457280	5807
33	-84.66748748710	39.08962448830	5808
33	-84.74287558790	39.14206377480	5809
30	-77.72746748090	39.31779658680	5810
30	-77.75945827040	39.28464331530	5811
30	-77.76823224560	39.24655025220	5812
30	-77.80544928140	39.19660593890	5813
30	-77.82004468310	39.14172544690	5814
30	-77.83068022890	39.13218134110	5815
30	-78.03332834360	39.26563931810	5816
35	-77.72746748090	39.31779658680	5817
35	-77.75945827040	39.28464331530	5818
35	-77.76823224560	39.24655025220	5819
35	-77.80544928140	39.19660593890	5820
35	-77.82004468310	39.14172544690	5821
35	-77.83068022890	39.13218134110	5822
35	-78.03332834360	39.26563931810	5823
31	-77.12232830290	38.93217127620	5824
31	-77.15174771820	38.96488933360	5825
31	-77.24343186650	38.97598980110	5826
31	-77.25569271530	39.02768186200	5827
31	-77.32430657760	39.06269605580	5828
31	-77.34622656860	39.06862005820	5829
31	-77.43274673540	39.06688401350	5830
31	-77.45940455590	39.08094449810	5831
31	-77.47895899130	39.10406465290	5832
31	-77.51275784420	39.11675945730	5833
31	-77.51632784840	39.15754886530	5834
31	-77.47834764320	39.17703784630	5835
31	-77.46170712200	39.21873536080	5836
31	-77.46466724860	39.22916062050	5837
31	-77.49377347760	39.25001465960	5838
31	-77.54190078250	39.26904207370	5839
31	-77.56867296490	39.29849509000	5840
31	-77.61623578580	39.29981857740	5841
31	-77.67930191750	39.31878100100	5842
31	-77.72746748090	39.31779658680	5843
35	-77.12232830290	38.93217127620	5844
35	-77.15174771820	38.96488933360	5845
35	-77.24343186650	38.97598980110	5846
35	-77.25569271530	39.02768186200	5847
35	-77.32430657760	39.06269605580	5848
35	-77.34622656860	39.06862005820	5849
35	-77.43274673540	39.06688401350	5850
35	-77.45940455590	39.08094449810	5851
35	-77.47895899130	39.10406465290	5852
35	-77.51275784420	39.11675945730	5853
35	-77.51632784840	39.15754886530	5854
35	-77.47834764320	39.17703784630	5855
35	-77.46170712200	39.21873536080	5856
35	-77.46466724860	39.22916062050	5857
35	-77.49377347760	39.25001465960	5858
35	-77.54190078250	39.26904207370	5859
35	-77.56867296490	39.29849509000	5860
35	-77.61623578580	39.29981857740	5861
35	-77.67930191750	39.31878100100	5862
35	-77.72746748090	39.31779658680	5863
30	-78.03332834360	39.26563931810	5864
30	-78.22950862540	39.39111326310	5865
30	-78.27688107310	39.42346463720	5866
30	-78.34754648130	39.45699817480	5867
30	-78.35023112210	39.38082845290	5868
30	-78.36547474970	39.36168676850	5869
30	-78.34392872340	39.35095644280	5870
30	-78.34084625800	39.34145813020	5871
30	-78.41354738200	39.25754083520	5872
30	-78.39912739580	39.24495270770	5873
30	-78.42306900170	39.21214323010	5874
30	-78.42406847870	39.19762864790	5875
30	-78.40236228260	39.17059456160	5876
30	-78.43056890430	39.14862619290	5877
30	-78.44797968480	39.11903625740	5878
30	-78.48525034690	39.11194484450	5879
30	-78.50160066910	39.09368430460	5880
30	-78.53665142490	39.05713284920	5881
30	-78.56417931950	39.03514553400	5882
30	-78.54920234000	39.02348804780	5883
30	-78.55320794970	39.01393628160	5884
30	-78.59869613850	38.96730673780	5885
30	-78.63084754390	38.97971187420	5886
30	-78.64696914600	38.95055307370	5887
30	-78.68022705070	38.92168414500	5888
30	-78.71898595280	38.90499138580	5889
30	-78.72414346440	38.93032424240	5890
30	-78.73773193670	38.92928285440	5891
30	-78.74925288430	38.91149147300	5892
30	-78.79305533450	38.88021927330	5893
30	-78.81586084110	38.83374576220	5894
30	-78.86656063070	38.76340413250	5895
30	-78.98745308660	38.84676138180	5896
30	-79.03374251690	38.79995968420	5897
30	-79.05480043930	38.79063289480	5898
30	-79.05655527880	38.76205367160	5899
30	-79.08723423170	38.70726869020	5900
30	-79.08854658620	38.65920522710	5901
30	-79.12106415160	38.66376738020	5902
30	-79.12742728030	38.65824388350	5903
30	-79.23166287930	38.48049617450	5904
30	-79.27235884060	38.43730670750	5905
30	-79.31699959770	38.41263322980	5906
30	-79.48634757120	38.46214488800	5907
30	-79.53651375430	38.55380557410	5908
30	-79.64240656330	38.59235526080	5909
30	-79.66943003350	38.55017702670	5910
30	-79.66561463510	38.52077790630	5911
30	-79.69265373170	38.50035433770	5912
30	-79.68409241270	38.43023815580	5913
30	-79.72003522710	38.39468582040	5914
30	-79.73282959080	38.35184011760	5915
30	-79.76400445280	38.35399131100	5916
30	-79.80032894260	38.31432671730	5917
30	-79.80277785840	38.29886992530	5918
30	-79.78651114680	38.28511844200	5919
30	-79.79362179590	38.26866599340	5920
30	-79.83115199550	38.25027925100	5921
30	-79.91616151690	38.17926486170	5922
30	-79.91033993760	38.16260633250	5923
30	-79.93532691260	38.12130863740	5924
30	-79.92829220090	38.10331117810	5925
30	-79.95751372030	38.06736537770	5926
30	-79.96649369190	38.03862185750	5927
30	-80.00049896010	37.98987011890	5928
30	-80.05480723300	37.95564795330	5929
30	-80.10649074190	37.91465859720	5930
30	-80.11850733470	37.89127829770	5931
30	-80.16000537210	37.87722832150	5932
30	-80.17222039080	37.86018419910	5933
30	-80.17159454260	37.84296857920	5934
30	-80.22373568870	37.80236452900	5935
30	-80.22054615570	37.77885854530	5936
30	-80.25468885610	37.75723277930	5937
30	-80.25003314410	37.72605198680	5938
30	-80.30310971920	37.68267185410	5939
30	-80.29570065300	37.67150266810	5940
30	-80.30486267870	37.65224638390	5941
30	-80.30093269030	37.64054694910	5942
30	-80.25442229990	37.64070364150	5943
30	-80.21892800370	37.62426681890	5944
30	-80.24639306020	37.59689660730	5945
30	-80.31672163770	37.56671854210	5946
30	-80.32590580740	37.53340149580	5947
30	-80.30830375010	37.52837016880	5948
30	-80.28073044680	37.53625907480	5949
30	-80.28791607510	37.51115114820	5950
30	-80.34751090020	37.49117712190	5951
30	-80.35215686060	37.47610161880	5952
30	-80.38830615510	37.46572538070	5953
30	-80.42537790890	37.43490640130	5954
30	-80.47476472990	37.42282094430	5955
30	-80.48679721640	37.43386040430	5956
30	-80.48788160340	37.46059732420	5957
30	-80.50876479010	37.47504700320	5958
30	-80.54275538200	37.46921015330	5959
30	-80.59749089520	37.44605441560	5960
30	-80.70520707610	37.38837873870	5961
30	-80.72973711170	37.39271948230	5962
30	-80.74632424420	37.38773724280	5963
30	-80.74768976450	37.37908168320	5964
30	-80.76299496700	37.37141397720	5965
30	-80.77002238190	37.38619584120	5966
30	-80.79924465000	37.39175354380	5967
30	-80.79961138570	37.41306242160	5968
30	-80.85052522870	37.42346075080	5969
30	-80.87735846960	37.38869715430	5970
30	-80.84841780420	37.35094342230	5971
30	-80.85542934710	37.33941152470	5972
30	-80.93418353900	37.30137053250	5973
30	-80.96789191930	37.29179146380	5974
30	-80.97853560770	37.29647579580	5975
30	-80.98593670750	37.30624133970	5976
30	-81.02493235900	37.28606119890	5977
30	-81.14073757540	37.27492501640	5978
30	-81.22293346260	37.24021448000	5979
30	-81.31187279010	37.29370701210	5980
30	-81.35879480240	37.33895252580	5981
30	-81.39094596040	37.31115476860	5982
30	-81.40334417790	37.28262473860	5983
30	-81.47536033270	37.25442235750	5984
30	-81.49553307850	37.25285057210	5985
30	-81.50553589340	37.23437210780	5986
30	-81.55665428000	37.20635276370	5987
30	-81.66588576060	37.20491001560	5988
30	-81.70172833920	37.23543483950	5989
30	-81.73845636800	37.25049108070	5990
30	-81.75185411200	37.27225747600	5991
30	-81.79265913820	37.28715347020	5992
30	-81.81538106530	37.27953922800	5993
30	-81.83888889770	37.28550520380	5994
30	-81.85868084130	37.30703124280	5995
30	-81.86381566880	37.32545605980	5996
30	-81.89715813620	37.34058861560	5997
30	-81.92682264000	37.37172755040	5998
30	-81.92073343410	37.41551618410	5999
30	-81.98820252940	37.46658649440	6000
30	-81.97642186310	37.48290573440	6001
30	-81.94799334310	37.49302625630	6002
30	-81.93545002160	37.50664466640	6003
30	-81.95957525590	37.53117261960	6004
35	-78.03332834360	39.26563931810	6005
35	-78.22950862540	39.39111326310	6006
35	-78.27688107310	39.42346463720	6007
35	-78.34754648130	39.45699817480	6008
35	-78.35023112210	39.38082845290	6009
35	-78.36547474970	39.36168676850	6010
35	-78.34392872340	39.35095644280	6011
35	-78.34084625800	39.34145813020	6012
35	-78.41354738200	39.25754083520	6013
35	-78.39912739580	39.24495270770	6014
35	-78.42306900170	39.21214323010	6015
35	-78.42406847870	39.19762864790	6016
35	-78.40236228260	39.17059456160	6017
35	-78.43056890430	39.14862619290	6018
35	-78.44797968480	39.11903625740	6019
35	-78.48525034690	39.11194484450	6020
35	-78.50160066910	39.09368430460	6021
35	-78.53665142490	39.05713284920	6022
35	-78.56417931950	39.03514553400	6023
35	-78.54920234000	39.02348804780	6024
35	-78.55320794970	39.01393628160	6025
35	-78.59869613850	38.96730673780	6026
35	-78.63084754390	38.97971187420	6027
35	-78.64696914600	38.95055307370	6028
35	-78.68022705070	38.92168414500	6029
35	-78.71898595280	38.90499138580	6030
35	-78.72414346440	38.93032424240	6031
35	-78.73773193670	38.92928285440	6032
35	-78.74925288430	38.91149147300	6033
35	-78.79305533450	38.88021927330	6034
35	-78.81586084110	38.83374576220	6035
35	-78.86656063070	38.76340413250	6036
35	-78.98745308660	38.84676138180	6037
35	-79.03374251690	38.79995968420	6038
35	-79.05480043930	38.79063289480	6039
35	-79.05655527880	38.76205367160	6040
35	-79.08723423170	38.70726869020	6041
35	-79.08854658620	38.65920522710	6042
35	-79.12106415160	38.66376738020	6043
35	-79.12742728030	38.65824388350	6044
35	-79.23166287930	38.48049617450	6045
35	-79.27235884060	38.43730670750	6046
35	-79.31699959770	38.41263322980	6047
35	-79.48634757120	38.46214488800	6048
35	-79.53651375430	38.55380557410	6049
35	-79.64240656330	38.59235526080	6050
35	-79.66943003350	38.55017702670	6051
35	-79.66561463510	38.52077790630	6052
35	-79.69265373170	38.50035433770	6053
35	-79.68409241270	38.43023815580	6054
35	-79.72003522710	38.39468582040	6055
35	-79.73282959080	38.35184011760	6056
35	-79.76400445280	38.35399131100	6057
35	-79.80032894260	38.31432671730	6058
35	-79.80277785840	38.29886992530	6059
35	-79.78651114680	38.28511844200	6060
35	-79.79362179590	38.26866599340	6061
35	-79.83115199550	38.25027925100	6062
35	-79.91616151690	38.17926486170	6063
35	-79.91033993760	38.16260633250	6064
35	-79.93532691260	38.12130863740	6065
35	-79.92829220090	38.10331117810	6066
35	-79.95751372030	38.06736537770	6067
35	-79.96649369190	38.03862185750	6068
35	-80.00049896010	37.98987011890	6069
35	-80.05480723300	37.95564795330	6070
35	-80.10649074190	37.91465859720	6071
35	-80.11850733470	37.89127829770	6072
35	-80.16000537210	37.87722832150	6073
35	-80.17222039080	37.86018419910	6074
35	-80.17159454260	37.84296857920	6075
35	-80.22373568870	37.80236452900	6076
35	-80.22054615570	37.77885854530	6077
35	-80.25468885610	37.75723277930	6078
35	-80.25003314410	37.72605198680	6079
35	-80.30310971920	37.68267185410	6080
35	-80.29570065300	37.67150266810	6081
35	-80.30486267870	37.65224638390	6082
35	-80.30093269030	37.64054694910	6083
35	-80.25442229990	37.64070364150	6084
35	-80.21892800370	37.62426681890	6085
35	-80.24639306020	37.59689660730	6086
35	-80.31672163770	37.56671854210	6087
35	-80.32590580740	37.53340149580	6088
35	-80.30830375010	37.52837016880	6089
35	-80.28073044680	37.53625907480	6090
35	-80.28791607510	37.51115114820	6091
35	-80.34751090020	37.49117712190	6092
35	-80.35215686060	37.47610161880	6093
35	-80.38830615510	37.46572538070	6094
35	-80.42537790890	37.43490640130	6095
35	-80.47476472990	37.42282094430	6096
35	-80.48679721640	37.43386040430	6097
35	-80.48788160340	37.46059732420	6098
35	-80.50876479010	37.47504700320	6099
35	-80.54275538200	37.46921015330	6100
35	-80.59749089520	37.44605441560	6101
35	-80.70520707610	37.38837873870	6102
35	-80.72973711170	37.39271948230	6103
35	-80.74632424420	37.38773724280	6104
35	-80.74768976450	37.37908168320	6105
35	-80.76299496700	37.37141397720	6106
35	-80.77002238190	37.38619584120	6107
35	-80.79924465000	37.39175354380	6108
35	-80.79961138570	37.41306242160	6109
35	-80.85052522870	37.42346075080	6110
35	-80.87735846960	37.38869715430	6111
35	-80.84841780420	37.35094342230	6112
35	-80.85542934710	37.33941152470	6113
35	-80.93418353900	37.30137053250	6114
35	-80.96789191930	37.29179146380	6115
35	-80.97853560770	37.29647579580	6116
35	-80.98593670750	37.30624133970	6117
35	-81.02493235900	37.28606119890	6118
35	-81.14073757540	37.27492501640	6119
35	-81.22293346260	37.24021448000	6120
35	-81.31187279010	37.29370701210	6121
35	-81.35879480240	37.33895252580	6122
35	-81.39094596040	37.31115476860	6123
35	-81.40334417790	37.28262473860	6124
35	-81.47536033270	37.25442235750	6125
35	-81.49553307850	37.25285057210	6126
35	-81.50553589340	37.23437210780	6127
35	-81.55665428000	37.20635276370	6128
35	-81.66588576060	37.20491001560	6129
35	-81.70172833920	37.23543483950	6130
35	-81.73845636800	37.25049108070	6131
35	-81.75185411200	37.27225747600	6132
35	-81.79265913820	37.28715347020	6133
35	-81.81538106530	37.27953922800	6134
35	-81.83888889770	37.28550520380	6135
35	-81.85868084130	37.30703124280	6136
35	-81.86381566880	37.32545605980	6137
35	-81.89715813620	37.34058861560	6138
35	-81.92682264000	37.37172755040	6139
35	-81.92073343410	37.41551618410	6140
35	-81.98820252940	37.46658649440	6141
35	-81.97642186310	37.48290573440	6142
35	-81.94799334310	37.49302625630	6143
35	-81.93545002160	37.50664466640	6144
35	-81.95957525590	37.53117261960	6145
31	-75.64786661290	37.97025490870	6146
31	-75.86538493140	37.97978046550	6147
31	-75.76920640210	38.09737126980	6148
31	-75.89745125560	38.17505726260	6149
31	-75.83772668650	38.23171633880	6150
31	-75.86132498500	38.24016596780	6151
31	-75.79382611890	38.26372476550	6152
31	-75.89461301260	38.25899528170	6153
31	-75.87209188370	38.35735134180	6154
31	-75.88648151160	38.37558154670	6155
31	-75.94958453520	38.28217712520	6156
31	-75.99494245700	38.28264663570	6157
31	-76.02046402370	38.32201757370	6158
31	-76.06511989490	38.25905709370	6159
31	-76.29394177820	38.43705771540	6160
31	-76.29165294580	38.47885118530	6161
31	-76.19188078860	38.54346297100	6162
31	-76.25072102930	38.59520172340	6163
31	-76.03159766630	38.57204048260	6164
31	-76.02772203140	38.62212288410	6165
31	-76.04658236760	38.59197598100	6166
31	-76.07565903120	38.61090077020	6167
31	-76.12370357750	38.70809470530	6168
31	-76.17370840260	38.70921303040	6169
31	-76.22298148340	38.76290850690	6170
31	-76.26679112000	38.77000393800	6171
31	-76.33729508140	38.67949399620	6172
31	-76.35020456070	38.69914319170	6173
31	-76.27208777080	38.83411586350	6174
31	-76.19484328040	38.76537240010	6175
31	-76.16552288980	38.78872512970	6176
31	-76.11403931380	38.88557037970	6177
31	-76.07553203210	38.88966330430	6178
31	-76.10256436980	38.89813190740	6179
31	-76.09516426580	38.94824471660	6180
31	-76.11353633130	38.92082899370	6181
31	-76.19934189430	38.97346700270	6182
31	-76.11095200110	39.11870584420	6183
31	-76.22144635530	39.09302919370	6184
31	-76.23856768600	39.13093531250	6185
31	-76.21811250340	39.20496242050	6186
31	-76.11204481120	39.32140689080	6187
31	-76.03709097680	39.35847992610	6188
31	-75.84939918570	39.37925101420	6189
31	-75.97846466170	39.39466383510	6190
31	-75.95230315350	39.47129518080	6191
31	-75.97442992070	39.52413687280	6192
31	-76.03108047890	39.57004100390	6193
31	-76.07817856600	39.54247535950	6194
31	-76.15419977290	39.40204620040	6195
31	-76.22633835480	39.37499839310	6196
31	-76.36371048040	39.39338795030	6197
31	-76.39872143780	39.23125237190	6198
31	-76.53098123980	39.24272629670	6199
31	-76.60371536120	39.25946086090	6200
31	-76.56481891480	39.23155304280	6201
31	-76.57666765720	39.19822827620	6202
31	-76.60701843860	39.18109275440	6203
31	-76.59482606960	39.15879623660	6204
31	-76.56360562350	39.19637442610	6205
31	-76.42361665440	39.11846472330	6206
31	-76.47171855920	38.90835129890	6207
31	-76.54880523630	38.75908926160	6208
31	-76.52493097710	38.70975126310	6209
31	-76.50857122280	38.52222087080	6210
31	-76.38548234000	38.39140436850	6211
31	-76.40512883420	38.34614354520	6212
31	-76.42113596910	38.32062358210	6213
31	-76.47159857410	38.33578339470	6214
31	-76.51975690160	38.41026104840	6215
31	-76.64693759970	38.45054798670	6216
31	-76.34345051330	38.21318692850	6217
31	-76.32983854060	38.04583024000	6218
31	-76.57695052720	38.22276431130	6219
31	-76.75992761100	38.23440933090	6220
31	-76.86387331330	38.39147141900	6221
31	-76.90826995830	38.29997847790	6222
31	-76.97272486490	38.33115498770	6223
31	-77.00209178320	38.42697720120	6224
31	-77.22062586750	38.39078770180	6225
31	-77.25557706750	38.41371718720	6226
31	-77.27745879190	38.48722079310	6227
31	-77.12969069320	38.64824189150	6228
29	-75.48928066070	39.71485821860	6229
29	-75.61037459220	39.61290531180	6230
29	-75.56264295940	39.56683525990	6231
29	-75.58983584100	39.46387997930	6232
29	-75.51521742650	39.36705167120	6233
29	-75.40212247090	39.25775000460	6234
29	-75.39736827080	39.07314895930	6235
29	-75.32448866540	39.01249892560	6236
29	-75.30753525090	38.94602393110	6237
29	-75.19057085490	38.80878225080	6238
29	-75.08276247970	38.79992446220	6239
29	-75.04562301250	38.44960216090	6240
30	-79.48097111310	39.72027405810	6241
30	-79.48986479560	39.19739575110	6242
30	-79.46119198920	39.21326462150	6243
30	-79.44928184480	39.21209348200	6244
30	-79.38484764950	39.26930063010	6245
30	-79.34619461540	39.29209200710	6246
30	-79.29527324450	39.30054096220	6247
30	-79.27982260450	39.32524357080	6248
30	-79.26016804650	39.34864165450	6249
30	-79.16301834700	39.39349585390	6250
30	-79.15812754870	39.41396064240	6251
30	-79.13140064920	39.41703119170	6252
30	-79.10407848540	39.44730681850	6253
30	-79.09671572880	39.46462847610	6254
30	-79.10459717300	39.47087285560	6255
30	-79.07062975930	39.47084984950	6256
30	-79.06441149100	39.48582560280	6257
30	-79.04885455280	39.48381530500	6258
30	-78.97043660670	39.43852530030	6259
30	-78.95539080450	39.46045873000	6260
30	-78.87081551260	39.52579022210	6261
30	-78.83811458660	39.56331820540	6262
30	-78.80655063800	39.56682381400	6263
30	-78.82241268170	39.58569848090	6264
30	-78.79847077820	39.61541810400	6265
30	-78.79815032020	39.63083293620	6266
30	-78.77270545820	39.64424135940	6267
30	-78.76761647690	39.62661404720	6268
30	-78.73238303980	39.62696519040	6269
30	-78.73049853220	39.62154464070	6270
30	-78.73625116840	39.60879232990	6271
30	-78.77374307480	39.60161688040	6272
30	-78.76145168070	39.58179234490	6273
30	-78.73271861230	39.57664279250	6274
30	-78.71631501810	39.55957256830	6275
30	-78.66642518570	39.53692958570	6276
30	-78.64914421970	39.53799786990	6277
30	-78.63708180450	39.52994918630	6278
30	-78.60436625720	39.53568290780	6279
30	-78.56418875650	39.52107344370	6280
30	-78.50878283760	39.52515951770	6281
30	-78.48127818430	39.51993762230	6282
30	-78.45581096470	39.53373525830	6283
30	-78.44586990100	39.54831855040	6284
30	-78.42082209540	39.54940977040	6285
30	-78.46181621220	39.58083399660	6286
30	-78.45063148660	39.59270512550	6287
30	-78.40399957400	39.58761310460	6288
30	-78.43189377960	39.62095238560	6289
30	-78.38463622300	39.61449474930	6290
30	-78.37767072600	39.63131718420	6291
30	-78.35678102980	39.63237022250	6292
30	-78.34792325910	39.64059076510	6293
30	-78.27301593700	39.61840964140	6294
30	-78.25772670390	39.64116767780	6295
30	-78.22923031050	39.65856637450	6296
30	-78.22759781070	39.67398882010	6297
30	-78.20430444430	39.67593836830	6298
30	-78.18297213870	39.69464164330	6299
30	-78.09433793400	39.67560022590	6300
30	-78.02641818070	39.62286766580	6301
30	-77.99520515110	39.59896930170	6302
30	-77.96423675780	39.61132498040	6303
30	-77.94497955110	39.58601116680	6304
30	-77.93545786950	39.59193912890	6305
30	-77.94754325590	39.61501377540	6306
30	-77.93860903450	39.61821808880	6307
30	-77.90325343610	39.59612387640	6308
30	-77.89074094900	39.60070146650	6309
30	-77.88843689880	39.61657031610	6310
30	-77.85552281380	39.60216639110	6311
30	-77.84240758080	39.60537452990	6312
30	-77.83986677290	39.57274043310	6313
30	-77.85295909360	39.56545445660	6314
30	-77.88517116660	39.56445109820	6315
30	-77.88991673080	39.55809210070	6316
30	-77.86956095610	39.54591207610	6317
30	-77.86463209210	39.51465124570	6318
30	-77.84384921450	39.53193157490	6319
30	-77.83546428030	39.52561077620	6320
30	-77.82892575140	39.52925376680	6321
30	-77.82526347400	39.51203838750	6322
30	-77.84787748400	39.50200583500	6323
30	-77.82518711280	39.49390744300	6324
30	-77.77155121700	39.49811522210	6325
30	-77.79949832670	39.48082710590	6326
30	-77.78510893810	39.45910270880	6327
30	-77.80419049290	39.46313855180	6328
30	-77.79579795510	39.45091643340	6329
30	-77.80469401790	39.44001795050	6330
30	-77.80227543710	39.43231617570	6331
30	-77.75698633950	39.42516379850	6332
30	-77.74083452240	39.40343940550	6333
30	-77.73723335650	39.39619539510	6334
30	-77.75622337000	39.37847622270	6335
30	-77.74545041640	39.36037189130	6336
30	-77.75430071170	39.33859399130	6337
30	-77.75008919710	39.32681814400	6338
30	-77.72746748090	39.31779658680	6339
31	-79.48097111310	39.72027405810	6340
31	-79.48986479560	39.19739575110	6341
31	-79.46119198920	39.21326462150	6342
31	-79.44928184480	39.21209348200	6343
31	-79.38484764950	39.26930063010	6344
31	-79.34619461540	39.29209200710	6345
31	-79.29527324450	39.30054096220	6346
31	-79.27982260450	39.32524357080	6347
31	-79.26016804650	39.34864165450	6348
31	-79.16301834700	39.39349585390	6349
31	-79.15812754870	39.41396064240	6350
31	-79.13140064920	39.41703119170	6351
31	-79.10407848540	39.44730681850	6352
31	-79.09671572880	39.46462847610	6353
31	-79.10459717300	39.47087285560	6354
31	-79.07062975930	39.47084984950	6355
31	-79.06441149100	39.48582560280	6356
31	-79.04885455280	39.48381530500	6357
31	-78.97043660670	39.43852530030	6358
31	-78.95539080450	39.46045873000	6359
31	-78.87081551260	39.52579022210	6360
31	-78.83811458660	39.56331820540	6361
31	-78.80655063800	39.56682381400	6362
31	-78.82241268170	39.58569848090	6363
31	-78.79847077820	39.61541810400	6364
31	-78.79815032020	39.63083293620	6365
31	-78.77270545820	39.64424135940	6366
31	-78.76761647690	39.62661404720	6367
31	-78.73238303980	39.62696519040	6368
31	-78.73049853220	39.62154464070	6369
31	-78.73625116840	39.60879232990	6370
31	-78.77374307480	39.60161688040	6371
31	-78.76145168070	39.58179234490	6372
31	-78.73271861230	39.57664279250	6373
31	-78.71631501810	39.55957256830	6374
31	-78.66642518570	39.53692958570	6375
31	-78.64914421970	39.53799786990	6376
31	-78.63708180450	39.52994918630	6377
31	-78.60436625720	39.53568290780	6378
31	-78.56418875650	39.52107344370	6379
31	-78.50878283760	39.52515951770	6380
31	-78.48127818430	39.51993762230	6381
31	-78.45581096470	39.53373525830	6382
31	-78.44586990100	39.54831855040	6383
31	-78.42082209540	39.54940977040	6384
31	-78.46181621220	39.58083399660	6385
31	-78.45063148660	39.59270512550	6386
31	-78.40399957400	39.58761310460	6387
31	-78.43189377960	39.62095238560	6388
31	-78.38463622300	39.61449474930	6389
31	-78.37767072600	39.63131718420	6390
31	-78.35678102980	39.63237022250	6391
31	-78.34792325910	39.64059076510	6392
31	-78.27301593700	39.61840964140	6393
31	-78.25772670390	39.64116767780	6394
31	-78.22923031050	39.65856637450	6395
31	-78.22759781070	39.67398882010	6396
31	-78.20430444430	39.67593836830	6397
31	-78.18297213870	39.69464164330	6398
31	-78.09433793400	39.67560022590	6399
31	-78.02641818070	39.62286766580	6400
31	-77.99520515110	39.59896930170	6401
31	-77.96423675780	39.61132498040	6402
31	-77.94497955110	39.58601116680	6403
31	-77.93545786950	39.59193912890	6404
31	-77.94754325590	39.61501377540	6405
31	-77.93860903450	39.61821808880	6406
31	-77.90325343610	39.59612387640	6407
31	-77.89074094900	39.60070146650	6408
31	-77.88843689880	39.61657031610	6409
31	-77.85552281380	39.60216639110	6410
31	-77.84240758080	39.60537452990	6411
31	-77.83986677290	39.57274043310	6412
31	-77.85295909360	39.56545445660	6413
31	-77.88517116660	39.56445109820	6414
31	-77.88991673080	39.55809210070	6415
31	-77.86956095610	39.54591207610	6416
31	-77.86463209210	39.51465124570	6417
31	-77.84384921450	39.53193157490	6418
31	-77.83546428030	39.52561077620	6419
31	-77.82892575140	39.52925376680	6420
31	-77.82526347400	39.51203838750	6421
31	-77.84787748400	39.50200583500	6422
31	-77.82518711280	39.49390744300	6423
31	-77.77155121700	39.49811522210	6424
31	-77.79949832670	39.48082710590	6425
31	-77.78510893810	39.45910270880	6426
31	-77.80419049290	39.46313855180	6427
31	-77.79579795510	39.45091643340	6428
31	-77.80469401790	39.44001795050	6429
31	-77.80227543710	39.43231617570	6430
31	-77.75698633950	39.42516379850	6431
31	-77.74083452240	39.40343940550	6432
31	-77.73723335650	39.39619539510	6433
31	-77.75622337000	39.37847622270	6434
31	-77.74545041640	39.36037189130	6435
31	-77.75430071170	39.33859399130	6436
31	-77.75008919710	39.32681814400	6437
31	-77.72746748090	39.31779658680	6438
29	-75.09272123350	38.45056384720	6439
29	-75.34984232280	38.45532279050	6440
29	-75.69880244220	38.46318271090	6441
29	-75.70707355670	38.55759136690	6442
29	-75.71071273270	38.64966585580	6443
29	-75.72459062630	38.83028330000	6444
29	-75.75257640040	39.14166033310	6445
29	-75.76131293280	39.24786393250	6446
29	-75.76431924120	39.29595982360	6447
29	-75.77235374670	39.38311853920	6448
29	-75.79109457630	39.72386603730	6449
31	-75.09272123350	38.45056384720	6450
31	-75.34984232280	38.45532279050	6451
31	-75.69880244220	38.46318271090	6452
31	-75.70707355670	38.55759136690	6453
31	-75.71071273270	38.64966585580	6454
31	-75.72459062630	38.83028330000	6455
31	-75.75257640040	39.14166033310	6456
31	-75.76131293280	39.24786393250	6457
31	-75.76431924120	39.29595982360	6458
31	-75.77235374670	39.38311853920	6459
31	-75.79109457630	39.72386603730	6460
18	-78.09594831370	39.72546106870	6461
18	-78.33455007290	39.72409621570	6462
18	-78.38478303010	39.72374856970	6463
18	-78.81775834660	39.72311581280	6464
18	-78.93017305240	39.72233692610	6465
18	-79.39661009300	39.71931360350	6466
18	-79.48097111310	39.72027405810	6467
31	-78.09594831370	39.72546106870	6468
31	-78.33455007290	39.72409621570	6469
31	-78.38478303010	39.72374856970	6470
31	-78.81775834660	39.72311581280	6471
31	-78.93017305240	39.72233692610	6472
31	-79.39661009300	39.71931360350	6473
31	-79.48097111310	39.72027405810	6474
18	-75.79109457630	39.72386603730	6475
18	-76.13922316660	39.72222928080	6476
18	-76.23312186460	39.72185358610	6477
18	-76.56983441660	39.72026536990	6478
18	-76.79049160380	39.72125614360	6479
18	-76.99681222140	39.72089165770	6480
18	-77.22105087450	39.72067933490	6481
18	-77.46443302070	39.72007347210	6482
18	-77.47579339860	39.71962320130	6483
18	-78.09594831370	39.72546106870	6484
31	-75.79109457630	39.72386603730	6485
31	-76.13922316660	39.72222928080	6486
31	-76.23312186460	39.72185358610	6487
31	-76.56983441660	39.72026536990	6488
31	-76.79049160380	39.72125614360	6489
31	-76.99681222140	39.72089165770	6490
31	-77.22105087450	39.72067933490	6491
31	-77.46443302070	39.72007347210	6492
31	-77.47579339860	39.71962320130	6493
31	-78.09594831370	39.72546106870	6494
21	-75.48928066070	39.71485821860	6495
21	-75.47597426840	39.72008438420	6496
21	-75.47476845720	39.74183209330	6497
21	-75.46039411890	39.76336202750	6498
21	-75.42764730430	39.77824290310	6499
21	-75.41175457040	39.78977075480	6500
21	-75.42046794790	39.79898309910	6501
29	-75.48928066070	39.71485821860	6502
29	-75.47597426840	39.72008438420	6503
29	-75.47476845720	39.74183209330	6504
29	-75.46039411890	39.76336202750	6505
29	-75.42764730430	39.77824290310	6506
29	-75.41175457040	39.78977075480	6507
29	-75.42046794790	39.79898309910	6508
18	-75.42046794790	39.79898309910	6509
18	-75.46998611330	39.82654749940	6510
18	-75.58344324960	39.84011904170	6511
18	-75.64399431470	39.83830654720	6512
18	-75.69477085160	39.82045745230	6513
18	-75.74559200380	39.77492939830	6514
18	-75.77492719600	39.72455278470	6515
18	-75.79109457630	39.72386603730	6516
29	-75.42046794790	39.79898309910	6517
29	-75.46998611330	39.82654749940	6518
29	-75.58344324960	39.84011904170	6519
29	-75.64399431470	39.83830654720	6520
29	-75.69477085160	39.82045745230	6521
29	-75.74559200380	39.77492939830	6522
29	-75.77492719600	39.72455278470	6523
29	-75.79109457630	39.72386603730	6524
32	-102.05153559600	39.99891827280	6525
32	-102.04944250800	39.56869336220	6526
32	-102.04880158400	39.56280351810	6527
32	-102.04787471900	39.12675348320	6528
32	-102.04897253900	39.03700291890	6529
32	-102.04756844100	38.69255051500	6530
32	-102.04758416100	38.61549936400	6531
32	-102.04554964000	38.26334361930	6532
32	-102.04606090400	38.25382208060	6533
32	-102.04397657400	37.73439862140	6534
32	-102.04445591000	37.64147422110	6535
32	-102.04201065000	37.38627944340	6536
32	-102.03720760300	36.98899391980	6537
34	-102.05153559600	39.99891827280	6538
34	-102.04944250800	39.56869336220	6539
34	-102.04880158400	39.56280351810	6540
34	-102.04787471900	39.12675348320	6541
34	-102.04897253900	39.03700291890	6542
34	-102.04756844100	38.69255051500	6543
34	-102.04758416100	38.61549936400	6544
34	-102.04554964000	38.26334361930	6545
34	-102.04606090400	38.25382208060	6546
34	-102.04397657400	37.73439862140	6547
34	-102.04445591000	37.64147422110	6548
34	-102.04201065000	37.38627944340	6549
34	-102.03720760300	36.98899391980	6550
34	-95.30869720970	39.99940757490	6551
34	-95.24096151970	39.94210583840	6552
34	-95.20759760970	39.93817626300	6553
34	-95.19396340230	39.91018009370	6554
34	-95.15055140130	39.90805467610	6555
34	-95.10072255580	39.86986499550	6556
34	-95.06324626970	39.86653797400	6557
34	-95.03350651060	39.87784428810	6558
34	-95.02177255030	39.89697868500	6559
34	-94.96502375520	39.90082354100	6560
34	-94.93824372030	39.89608182800	6561
34	-94.93651115590	39.84938605450	6562
34	-94.92387628030	39.83313162420	6563
34	-94.89832461320	39.82833276920	6564
34	-94.88850514060	39.81739986800	6565
34	-94.89932361920	39.79377543060	6566
34	-94.93326765320	39.78277373290	6567
34	-94.93511392080	39.77542661050	6568
34	-94.92179999040	39.75784089100	6569
34	-94.87706755970	39.76067921580	6570
34	-94.87118503160	39.75411796960	6571
34	-94.87786073250	39.73930556280	6572
34	-94.90567811070	39.72675518200	6573
34	-94.93085583700	39.72702590510	6574
34	-94.95314211360	39.73650143230	6575
34	-94.96178638300	39.73203823200	6576
34	-94.97857059180	39.68498805290	6577
34	-95.02829206740	39.66191347180	6578
34	-95.05601718340	39.62568973310	6579
34	-95.05361309260	39.58677617850	6580
34	-95.10898807300	39.56069201760	6581
34	-95.10203699870	39.53284854790	6582
34	-95.04759928390	39.48532880640	6583
34	-95.04051146090	39.46294072840	6584
34	-94.98620425980	39.43946162160	6585
34	-94.95849388560	39.41144722340	6586
34	-94.92574800010	39.38126613770	6587
34	-94.89828165940	39.38064066790	6588
34	-94.91134353680	39.34012175080	6589
34	-94.90768139950	39.32302847000	6590
34	-94.88110777320	39.28604587090	6591
34	-94.83347653320	39.26176602060	6592
34	-94.82081928430	39.21100465060	6593
34	-94.79004929150	39.19688297570	6594
34	-94.73053094620	39.17125641600	6595
34	-94.67551379840	39.17492232760	6596
34	-94.64640684970	39.15842784190	6597
34	-94.61265345220	39.15164925270	6598
34	-94.60122430940	39.14122766470	6599
34	-94.60813678640	39.11280095860	6600
34	-94.60928134250	39.04466766520	6601
34	-94.61246966550	38.83710890970	6602
34	-94.61314819480	38.73722243080	6603
34	-94.61871770650	38.47147372590	6604
34	-94.61905349920	38.39203202730	6605
34	-94.61733032640	38.05578483740	6606
34	-94.61673533720	38.03038774110	6607
34	-94.61929367850	37.67986892810	6608
34	-94.61899604290	37.65037432200	6609
34	-94.61876444140	37.36076648220	6610
34	-94.61897752220	37.32773228580	6611
34	-94.62066386770	37.06014755340	6612
34	-94.62037963770	36.99704682370	6613
36	-95.30869720970	39.99940757490	6614
36	-95.24096151970	39.94210583840	6615
36	-95.20759760970	39.93817626300	6616
36	-95.19396340230	39.91018009370	6617
36	-95.15055140130	39.90805467610	6618
36	-95.10072255580	39.86986499550	6619
36	-95.06324626970	39.86653797400	6620
36	-95.03350651060	39.87784428810	6621
36	-95.02177255030	39.89697868500	6622
36	-94.96502375520	39.90082354100	6623
36	-94.93824372030	39.89608182800	6624
36	-94.93651115590	39.84938605450	6625
36	-94.92387628030	39.83313162420	6626
36	-94.89832461320	39.82833276920	6627
36	-94.88850514060	39.81739986800	6628
36	-94.89932361920	39.79377543060	6629
36	-94.93326765320	39.78277373290	6630
36	-94.93511392080	39.77542661050	6631
36	-94.92179999040	39.75784089100	6632
36	-94.87706755970	39.76067921580	6633
36	-94.87118503160	39.75411796960	6634
36	-94.87786073250	39.73930556280	6635
36	-94.90567811070	39.72675518200	6636
36	-94.93085583700	39.72702590510	6637
36	-94.95314211360	39.73650143230	6638
36	-94.96178638300	39.73203823200	6639
36	-94.97857059180	39.68498805290	6640
36	-95.02829206740	39.66191347180	6641
36	-95.05601718340	39.62568973310	6642
36	-95.05361309260	39.58677617850	6643
36	-95.10898807300	39.56069201760	6644
36	-95.10203699870	39.53284854790	6645
36	-95.04759928390	39.48532880640	6646
36	-95.04051146090	39.46294072840	6647
36	-94.98620425980	39.43946162160	6648
36	-94.95849388560	39.41144722340	6649
36	-94.92574800010	39.38126613770	6650
36	-94.89828165940	39.38064066790	6651
36	-94.91134353680	39.34012175080	6652
36	-94.90768139950	39.32302847000	6653
36	-94.88110777320	39.28604587090	6654
36	-94.83347653320	39.26176602060	6655
36	-94.82081928430	39.21100465060	6656
36	-94.79004929150	39.19688297570	6657
36	-94.73053094620	39.17125641600	6658
36	-94.67551379840	39.17492232760	6659
36	-94.64640684970	39.15842784190	6660
36	-94.61265345220	39.15164925270	6661
36	-94.60122430940	39.14122766470	6662
36	-94.60813678640	39.11280095860	6663
36	-94.60928134250	39.04466766520	6664
36	-94.61246966550	38.83710890970	6665
36	-94.61314819480	38.73722243080	6666
36	-94.61871770650	38.47147372590	6667
36	-94.61905349920	38.39203202730	6668
36	-94.61733032640	38.05578483740	6669
36	-94.61673533720	38.03038774110	6670
36	-94.61929367850	37.67986892810	6671
36	-94.61899604290	37.65037432200	6672
36	-94.61876444140	37.36076648220	6673
36	-94.61897752220	37.32773228580	6674
36	-94.62066386770	37.06014755340	6675
36	-94.62037963770	36.99704682370	6676
16	-95.30869720970	39.99940757490	6677
16	-95.32970135270	39.99259503200	6678
16	-95.78070022390	39.99348948340	6679
16	-96.00125373220	39.99515894160	6680
16	-96.24059856330	39.99450319060	6681
16	-96.45403830190	39.99417275230	6682
16	-96.80142032690	39.99447596810	6683
16	-96.90828756780	39.99615480300	6684
16	-97.36191186280	39.99738023290	6685
16	-97.81658932110	39.99972918960	6686
16	-97.92958870500	39.99845285840	6687
16	-98.26416577650	39.99843478160	6688
16	-98.50447916170	39.99712968150	6689
16	-98.72063235130	39.99846130830	6690
16	-99.06474699470	39.99833798480	6691
16	-99.17820103600	39.99957704880	6692
16	-99.62785939030	40.00298786140	6693
16	-100.18091066300	40.00047872390	6694
16	-100.19111165100	40.00058552470	6695
16	-100.73504947200	39.99917231170	6696
16	-100.75485587800	40.00019828220	6697
16	-101.32214863500	40.00182104470	6698
16	-101.40739333800	40.00100371200	6699
16	-102.05153559600	39.99891827280	6700
34	-95.30869720970	39.99940757490	6701
34	-95.32970135270	39.99259503200	6702
34	-95.78070022390	39.99348948340	6703
34	-96.00125373220	39.99515894160	6704
34	-96.24059856330	39.99450319060	6705
34	-96.45403830190	39.99417275230	6706
34	-96.80142032690	39.99447596810	6707
34	-96.90828756780	39.99615480300	6708
34	-97.36191186280	39.99738023290	6709
34	-97.81658932110	39.99972918960	6710
34	-97.92958870500	39.99845285840	6711
34	-98.26416577650	39.99843478160	6712
34	-98.50447916170	39.99712968150	6713
34	-98.72063235130	39.99846130830	6714
34	-99.06474699470	39.99833798480	6715
34	-99.17820103600	39.99957704880	6716
34	-99.62785939030	40.00298786140	6717
34	-100.18091066300	40.00047872390	6718
34	-100.19111165100	40.00058552470	6719
34	-100.73504947200	39.99917231170	6720
34	-100.75485587800	40.00019828220	6721
34	-101.32214863500	40.00182104470	6722
34	-101.40739333800	40.00100371200	6723
34	-102.05153559600	39.99891827280	6724
27	-89.12992986030	36.98816569150	6725
27	-89.19358420980	36.98682228070	6726
27	-89.21012621180	37.02902370520	6727
27	-89.23775361030	37.04178352820	6728
27	-89.26413039670	37.08717428770	6729
27	-89.28431079350	37.09129410610	6730
27	-89.30336936540	37.08543470080	6731
27	-89.30977751430	37.06095962180	6732
27	-89.26431960660	37.02778344620	6733
27	-89.26207602720	37.00873673220	6734
27	-89.28284342370	36.99925714180	6735
27	-89.31105778910	37.00973211550	6736
27	-89.38302873360	37.04926350970	6737
27	-89.38007016560	37.09913311930	6738
27	-89.42388077880	37.13725341930	6739
27	-89.44060600450	37.16536782930	6740
27	-89.46830400030	37.22431662910	6741
27	-89.46539822680	37.25378143180	6742
27	-89.48968358550	37.25605125070	6743
27	-89.51397668380	37.27645225430	6744
27	-89.51397740320	37.30501268420	6745
27	-89.50067220800	37.32949131880	6746
27	-89.46883367400	37.33945899530	6747
27	-89.43582789430	37.35576667960	6748
27	-89.42766534380	37.41106803470	6749
27	-89.45371427510	37.45323544160	6750
27	-89.49487777300	37.49177501360	6751
27	-89.52506805860	37.57200636620	6752
27	-89.51346361380	37.61597865700	6753
27	-89.51927739010	37.65042567910	6754
27	-89.51347129810	37.67989059570	6755
27	-89.52161976070	37.69484819240	6756
27	-89.58153539400	37.70615542490	6757
27	-89.66656101420	37.74550489470	6758
27	-89.67596044970	37.78402180750	6759
27	-89.69115851660	37.80484618960	6760
27	-89.72855112790	37.84104372780	6761
27	-89.85182219990	37.90511567120	6762
27	-89.86115321940	37.90553917070	6763
27	-89.86692137100	37.89192850200	6764
27	-89.90065971860	37.87595677920	6765
27	-89.93798377620	37.87809709810	6766
27	-89.97902314780	37.91193726420	6767
27	-89.95833872050	37.96368677980	6768
27	-90.01092211730	37.96937097920	6769
27	-90.04203572240	37.99325859200	6770
27	-90.11945356020	38.03232527460	6771
27	-90.13482705650	38.05400425080	6772
27	-90.20764422450	38.08895892110	6773
27	-90.25417712910	38.12222350690	6774
27	-90.28975334490	38.16687077390	6775
27	-90.33683536740	38.18876726080	6776
27	-90.36488893880	38.23435319600	6777
27	-90.36946594650	38.32361309420	6778
27	-90.35880701470	38.36538379670	6779
27	-90.33972509250	38.39090009380	6780
27	-90.30195808270	38.42741018540	6781
27	-90.26589958640	38.51874092190	6782
27	-90.26134457450	38.53282080680	6783
27	-90.24105709170	38.56285730140	6784
27	-90.18381898340	38.61032262930	6785
27	-90.18368887380	38.65882222140	6786
27	-90.20235068500	38.70041362940	6787
27	-90.19668164830	38.72401488410	6788
27	-90.16350766750	38.77314737800	6789
27	-90.13528557180	38.78553332450	6790
27	-90.12183451380	38.80055914500	6791
27	-90.11322832920	38.83051557870	6792
27	-90.13292049440	38.85307942000	6793
27	-90.24403858010	38.91455711940	6794
27	-90.27904311020	38.92476527890	6795
27	-90.31985371570	38.92495618110	6796
27	-90.41318604000	38.96237824810	6797
27	-90.46995766840	38.95922757750	6798
27	-90.53054510700	38.89165909350	6799
27	-90.57044835790	38.87137686820	6800
27	-90.62733486230	38.88084518290	6801
27	-90.66899973920	38.93530341940	6802
27	-90.70619359870	39.03784169520	6803
27	-90.70771192640	39.05822728170	6804
27	-90.69052247710	39.09374935850	6805
27	-90.71685993550	39.14425948790	6806
27	-90.71831723960	39.19592150570	6807
27	-90.73246246780	39.22479474180	6808
27	-90.73820752500	39.24785821140	6809
27	-90.77946911190	39.29685023290	6810
27	-90.85062387110	39.35049972770	6811
27	-90.94802423780	39.40063190080	6812
27	-91.03647490820	39.44445850850	6813
27	-91.06452154350	39.47403002320	6814
27	-91.09375072630	39.52897317430	6815
27	-91.15632949740	39.55263941300	6816
27	-91.20338937870	39.60006747830	6817
27	-91.31781179940	39.68596258030	6818
27	-91.36723698710	39.72468549200	6819
27	-91.37356961740	39.76131817540	6820
27	-91.38186313270	39.80381776720	6821
27	-91.44934035910	39.86309424490	6822
27	-91.45114098550	39.88528819800	6823
27	-91.43420302570	39.90187458990	6824
27	-91.43054077300	39.92188273110	6825
27	-91.44739483170	39.94610987920	6826
27	-91.48744327770	40.00579845680	6827
27	-91.50416021000	40.06675712300	6828
27	-91.51628405060	40.13458982060	6829
27	-91.50670141480	40.20050391200	6830
27	-91.49908717470	40.25142242670	6831
27	-91.48684945730	40.30966841600	6832
27	-91.44874715640	40.37194661830	6833
36	-89.12992986030	36.98816569150	6834
36	-89.19358420980	36.98682228070	6835
36	-89.21012621180	37.02902370520	6836
36	-89.23775361030	37.04178352820	6837
36	-89.26413039670	37.08717428770	6838
36	-89.28431079350	37.09129410610	6839
36	-89.30336936540	37.08543470080	6840
36	-89.30977751430	37.06095962180	6841
36	-89.26431960660	37.02778344620	6842
36	-89.26207602720	37.00873673220	6843
36	-89.28284342370	36.99925714180	6844
36	-89.31105778910	37.00973211550	6845
36	-89.38302873360	37.04926350970	6846
36	-89.38007016560	37.09913311930	6847
36	-89.42388077880	37.13725341930	6848
36	-89.44060600450	37.16536782930	6849
36	-89.46830400030	37.22431662910	6850
36	-89.46539822680	37.25378143180	6851
36	-89.48968358550	37.25605125070	6852
36	-89.51397668380	37.27645225430	6853
36	-89.51397740320	37.30501268420	6854
36	-89.50067220800	37.32949131880	6855
36	-89.46883367400	37.33945899530	6856
36	-89.43582789430	37.35576667960	6857
36	-89.42766534380	37.41106803470	6858
36	-89.45371427510	37.45323544160	6859
36	-89.49487777300	37.49177501360	6860
36	-89.52506805860	37.57200636620	6861
36	-89.51346361380	37.61597865700	6862
36	-89.51927739010	37.65042567910	6863
36	-89.51347129810	37.67989059570	6864
36	-89.52161976070	37.69484819240	6865
36	-89.58153539400	37.70615542490	6866
36	-89.66656101420	37.74550489470	6867
36	-89.67596044970	37.78402180750	6868
36	-89.69115851660	37.80484618960	6869
36	-89.72855112790	37.84104372780	6870
36	-89.85182219990	37.90511567120	6871
36	-89.86115321940	37.90553917070	6872
36	-89.86692137100	37.89192850200	6873
36	-89.90065971860	37.87595677920	6874
36	-89.93798377620	37.87809709810	6875
36	-89.97902314780	37.91193726420	6876
36	-89.95833872050	37.96368677980	6877
36	-90.01092211730	37.96937097920	6878
36	-90.04203572240	37.99325859200	6879
36	-90.11945356020	38.03232527460	6880
36	-90.13482705650	38.05400425080	6881
36	-90.20764422450	38.08895892110	6882
36	-90.25417712910	38.12222350690	6883
36	-90.28975334490	38.16687077390	6884
36	-90.33683536740	38.18876726080	6885
36	-90.36488893880	38.23435319600	6886
36	-90.36946594650	38.32361309420	6887
36	-90.35880701470	38.36538379670	6888
36	-90.33972509250	38.39090009380	6889
36	-90.30195808270	38.42741018540	6890
36	-90.26589958640	38.51874092190	6891
36	-90.26134457450	38.53282080680	6892
36	-90.24105709170	38.56285730140	6893
36	-90.18381898340	38.61032262930	6894
36	-90.18368887380	38.65882222140	6895
36	-90.20235068500	38.70041362940	6896
36	-90.19668164830	38.72401488410	6897
36	-90.16350766750	38.77314737800	6898
36	-90.13528557180	38.78553332450	6899
36	-90.12183451380	38.80055914500	6900
36	-90.11322832920	38.83051557870	6901
36	-90.13292049440	38.85307942000	6902
36	-90.24403858010	38.91455711940	6903
36	-90.27904311020	38.92476527890	6904
36	-90.31985371570	38.92495618110	6905
36	-90.41318604000	38.96237824810	6906
36	-90.46995766840	38.95922757750	6907
36	-90.53054510700	38.89165909350	6908
36	-90.57044835790	38.87137686820	6909
36	-90.62733486230	38.88084518290	6910
36	-90.66899973920	38.93530341940	6911
36	-90.70619359870	39.03784169520	6912
36	-90.70771192640	39.05822728170	6913
36	-90.69052247710	39.09374935850	6914
36	-90.71685993550	39.14425948790	6915
36	-90.71831723960	39.19592150570	6916
36	-90.73246246780	39.22479474180	6917
36	-90.73820752500	39.24785821140	6918
36	-90.77946911190	39.29685023290	6919
36	-90.85062387110	39.35049972770	6920
36	-90.94802423780	39.40063190080	6921
36	-91.03647490820	39.44445850850	6922
36	-91.06452154350	39.47403002320	6923
36	-91.09375072630	39.52897317430	6924
36	-91.15632949740	39.55263941300	6925
36	-91.20338937870	39.60006747830	6926
36	-91.31781179940	39.68596258030	6927
36	-91.36723698710	39.72468549200	6928
36	-91.37356961740	39.76131817540	6929
36	-91.38186313270	39.80381776720	6930
36	-91.44934035910	39.86309424490	6931
36	-91.45114098550	39.88528819800	6932
36	-91.43420302570	39.90187458990	6933
36	-91.43054077300	39.92188273110	6934
36	-91.44739483170	39.94610987920	6935
36	-91.48744327770	40.00579845680	6936
36	-91.50416021000	40.06675712300	6937
36	-91.51628405060	40.13458982060	6938
36	-91.50670141480	40.20050391200	6939
36	-91.49908717470	40.25142242670	6940
36	-91.48684945730	40.30966841600	6941
36	-91.44874715640	40.37194661830	6942
16	-95.76747958520	40.58904799520	6943
16	-95.76341234310	40.54970717060	6944
16	-95.73703617460	40.53237331110	6945
16	-95.69206637450	40.52412984590	6946
16	-95.68741294530	40.56117034240	6947
16	-95.67569378230	40.56583569290	6948
16	-95.66294437400	40.55872896170	6949
16	-95.65806077090	40.53033254500	6950
16	-95.68497049100	40.51220518250	6951
16	-95.69536175840	40.48533827920	6952
16	-95.63681771610	40.39639045310	6953
16	-95.63418502300	40.35880016190	6954
16	-95.61620168210	40.34649754750	6955
16	-95.61793345550	40.33141794590	6956
16	-95.64555283170	40.32234677040	6957
16	-95.64682682750	40.30910970320	6958
16	-95.59553245640	40.30977678670	6959
16	-95.54713699430	40.26621577390	6960
16	-95.47682209290	40.22685489300	6961
16	-95.46663660600	40.21325554320	6962
16	-95.46095261350	40.17399524990	6963
16	-95.42247669410	40.13174361140	6964
16	-95.39281292190	40.11541636760	6965
16	-95.38454250630	40.09536265420	6966
16	-95.40378433050	40.08037917070	6967
16	-95.41376387850	40.04811138990	6968
16	-95.39053184310	40.04375075590	6969
16	-95.37124432590	40.02875118180	6970
16	-95.34506728400	40.02497411140	6971
16	-95.30869720970	39.99940757490	6972
36	-95.76747958520	40.58904799520	6973
36	-95.76341234310	40.54970717060	6974
36	-95.73703617460	40.53237331110	6975
36	-95.69206637450	40.52412984590	6976
36	-95.68741294530	40.56117034240	6977
36	-95.67569378230	40.56583569290	6978
36	-95.66294437400	40.55872896170	6979
36	-95.65806077090	40.53033254500	6980
36	-95.68497049100	40.51220518250	6981
36	-95.69536175840	40.48533827920	6982
36	-95.63681771610	40.39639045310	6983
36	-95.63418502300	40.35880016190	6984
36	-95.61620168210	40.34649754750	6985
36	-95.61793345550	40.33141794590	6986
36	-95.64555283170	40.32234677040	6987
36	-95.64682682750	40.30910970320	6988
36	-95.59553245640	40.30977678670	6989
36	-95.54713699430	40.26621577390	6990
36	-95.47682209290	40.22685489300	6991
36	-95.46663660600	40.21325554320	6992
36	-95.46095261350	40.17399524990	6993
36	-95.42247669410	40.13174361140	6994
36	-95.39281292190	40.11541636760	6995
36	-95.38454250630	40.09536265420	6996
36	-95.40378433050	40.08037917070	6997
36	-95.41376387850	40.04811138990	6998
36	-95.39053184310	40.04375075590	6999
36	-95.37124432590	40.02875118180	7000
36	-95.34506728400	40.02497411140	7001
36	-95.30869720970	39.99940757490	7002
14	-91.44874715640	40.37194661830	7003
14	-91.47703819350	40.39101215590	7004
14	-91.49031385160	40.39080610910	7005
14	-91.50037749540	40.40516060840	7006
14	-91.52769176910	40.41016890100	7007
14	-91.52960695320	40.43508617810	7008
14	-91.53884652190	40.44128867580	7009
14	-91.53320826890	40.45544110670	7010
14	-91.57938308500	40.46376020880	7011
14	-91.58602862470	40.48451941700	7012
14	-91.61686016130	40.50487382720	7013
14	-91.62253651310	40.53290331630	7014
14	-91.69208090370	40.55167762570	7015
14	-91.68995975600	40.58120253110	7016
14	-91.71697640480	40.59343546780	7017
14	-91.74171177860	40.60978436750	7018
14	-91.94637018360	40.60826662120	7019
14	-92.19317441670	40.60008871880	7020
14	-92.36151310930	40.59957624510	7021
14	-92.64643241660	40.59146190560	7022
14	-92.71781545760	40.58966717910	7023
14	-93.10093859120	40.58434726740	7024
14	-93.37027134830	40.58049112530	7025
14	-93.56291046100	40.58081386030	7026
14	-93.78630370100	40.57844849890	7027
14	-94.01805886240	40.57402210970	7028
14	-94.23839179790	40.57096614370	7029
14	-94.48523111560	40.57420486810	7030
14	-94.63987632090	40.57574485610	7031
14	-94.92061587220	40.57721831480	7032
14	-95.21742841470	40.58189259880	7033
14	-95.38255509590	40.58433400940	7034
14	-95.76747958520	40.58904799520	7035
36	-91.44874715640	40.37194661830	7036
36	-91.47703819350	40.39101215590	7037
36	-91.49031385160	40.39080610910	7038
36	-91.50037749540	40.40516060840	7039
36	-91.52769176910	40.41016890100	7040
36	-91.52960695320	40.43508617810	7041
36	-91.53884652190	40.44128867580	7042
36	-91.53320826890	40.45544110670	7043
36	-91.57938308500	40.46376020880	7044
36	-91.58602862470	40.48451941700	7045
36	-91.61686016130	40.50487382720	7046
36	-91.62253651310	40.53290331630	7047
36	-91.69208090370	40.55167762570	7048
36	-91.68995975600	40.58120253110	7049
36	-91.71697640480	40.59343546780	7050
36	-91.74171177860	40.60978436750	7051
36	-91.94637018360	40.60826662120	7052
36	-92.19317441670	40.60008871880	7053
36	-92.36151310930	40.59957624510	7054
36	-92.64643241660	40.59146190560	7055
36	-92.71781545760	40.58966717910	7056
36	-93.10093859120	40.58434726740	7057
36	-93.37027134830	40.58049112530	7058
36	-93.56291046100	40.58081386030	7059
36	-93.78630370100	40.57844849890	7060
36	-94.01805886240	40.57402210970	7061
36	-94.23839179790	40.57096614370	7062
36	-94.48523111560	40.57420486810	7063
36	-94.63987632090	40.57574485610	7064
36	-94.92061587220	40.57721831480	7065
36	-95.21742841470	40.58189259880	7066
36	-95.38255509590	40.58433400940	7067
36	-95.76747958520	40.58904799520	7068
26	-80.52199952850	40.63720317790	7069
26	-80.57441583560	40.61597416190	7070
26	-80.61154970180	40.62006308580	7071
26	-80.63733821930	40.61398230230	7072
26	-80.66772764960	40.58213746440	7073
26	-80.66862042460	40.56827890220	7074
26	-80.63343988240	40.53920406470	7075
26	-80.62525337270	40.50446424830	7076
26	-80.60183020020	40.48053905190	7077
26	-80.62784828940	40.39822684910	7078
26	-80.62924461100	40.38866357100	7079
26	-80.60924708010	40.37327546480	7080
26	-80.60451708240	40.30624483230	7081
26	-80.61468781190	40.27650213620	7082
26	-80.65011321370	40.24567981260	7083
26	-80.67855741940	40.19415149550	7084
26	-80.70089003590	40.16818129500	7085
26	-80.70206511170	40.15408998590	7086
26	-80.73823885470	40.03566406070	7087
26	-80.73888801150	39.98347594400	7088
26	-80.76306009950	39.94701550150	7089
26	-80.75888718440	39.92126678930	7090
26	-80.76812704030	39.91331318120	7091
26	-80.79602141130	39.91983970780	7092
26	-80.80784004130	39.91590287250	7093
26	-80.81213584450	39.90490141130	7094
26	-80.79084944270	39.87234756730	7095
26	-80.79852533630	39.85672272420	7096
26	-80.82591658360	39.83966711430	7097
26	-80.81910383480	39.80900133330	7098
26	-80.87072776140	39.75999383520	7099
26	-80.85645331630	39.73633559350	7100
26	-80.83229839370	39.71883434430	7101
26	-80.83278743430	39.70340022600	7102
26	-80.86341416400	39.68035152720	7103
26	-80.87274608450	39.66241101880	7104
26	-80.88110989300	39.62408116410	7105
26	-80.91259057010	39.60735331410	7106
26	-80.93261079630	39.60694097210	7107
26	-80.98364640850	39.58180523800	7108
26	-81.03256860920	39.54414253870	7109
26	-81.03738319920	39.53266417740	7110
26	-81.09824494330	39.49645113890	7111
26	-81.11708991320	39.46778391110	7112
26	-81.18056764400	39.43780018260	7113
26	-81.20030524610	39.41589622500	7114
26	-81.22494863280	39.40835820720	7115
26	-81.23762128010	39.38847223340	7116
26	-81.28401706960	39.38707203800	7117
26	-81.33883615540	39.35364395760	7118
26	-81.37591628780	39.34569026600	7119
26	-81.43397827480	39.40602298140	7120
26	-81.44795585610	39.41102780400	7121
26	-81.46500815140	39.40685832820	7122
26	-81.54064851310	39.35270892350	7123
26	-81.55738794830	39.33265519440	7124
26	-81.57268511110	39.26591753560	7125
26	-81.66752227260	39.27049531280	7126
26	-81.68952626670	39.26022628360	7127
26	-81.69790352800	39.22002003100	7128
26	-81.72307386220	39.21326816990	7129
26	-81.75891032660	39.17575125490	7130
26	-81.74470368600	39.12587494970	7131
26	-81.75356160170	39.09472081760	7132
26	-81.78636140600	39.07725731040	7133
26	-81.81956565340	39.07701687360	7134
26	-81.82427310350	39.06641598450	7135
26	-81.81346179030	39.04410803460	7136
26	-81.77567963800	39.01682972320	7137
26	-81.78172986190	38.96852902550	7138
26	-81.76229711590	38.93018089080	7139
26	-81.78322524610	38.92356243090	7140
26	-81.82377685940	38.94846779070	7141
26	-81.84091305040	38.93788978320	7142
26	-81.86680042710	38.88570953550	7143
26	-81.89269545750	38.87345300250	7144
26	-81.91524871420	38.88444657800	7145
26	-81.93185084220	38.89474212720	7146
26	-81.89860847230	38.93222476530	7147
26	-81.92783006840	38.98427127170	7148
26	-81.93773336010	38.99117569140	7149
26	-81.97518732050	38.99300655330	7150
26	-81.99967857660	39.01526103640	7151
26	-82.04288559330	39.01413927240	7152
26	-82.05850354360	38.98906559720	7153
26	-82.08501674940	38.97719813200	7154
26	-82.10120691700	38.95209396170	7155
26	-82.13931709210	38.89939842300	7156
26	-82.14609966840	38.83878771420	7157
26	-82.19772194530	38.80461968320	7158
26	-82.21675023060	38.77893943300	7159
26	-82.18397280990	38.71030296910	7160
26	-82.18897770390	38.67789377100	7161
26	-82.17365706200	38.63219077210	7162
26	-82.18424686030	38.59503228650	7163
26	-82.21365924500	38.58483541660	7164
26	-82.27089720220	38.59489008120	7165
26	-82.28997135410	38.58008135470	7166
26	-82.31424066870	38.46522958510	7167
26	-82.32917938870	38.44195234310	7168
26	-82.39476414190	38.42847032430	7169
26	-82.41489129700	38.43039258940	7170
26	-82.49498772360	38.40583259740	7171
26	-82.54754819920	38.40051097850	7172
26	-82.57541922390	38.40390214450	7173
26	-82.58660430880	38.41251942250	7174
30	-80.52199952850	40.63720317790	7175
30	-80.57441583560	40.61597416190	7176
30	-80.61154970180	40.62006308580	7177
30	-80.63733821930	40.61398230230	7178
30	-80.66772764960	40.58213746440	7179
30	-80.66862042460	40.56827890220	7180
30	-80.63343988240	40.53920406470	7181
30	-80.62525337270	40.50446424830	7182
30	-80.60183020020	40.48053905190	7183
30	-80.62784828940	40.39822684910	7184
30	-80.62924461100	40.38866357100	7185
30	-80.60924708010	40.37327546480	7186
30	-80.60451708240	40.30624483230	7187
30	-80.61468781190	40.27650213620	7188
30	-80.65011321370	40.24567981260	7189
30	-80.67855741940	40.19415149550	7190
30	-80.70089003590	40.16818129500	7191
30	-80.70206511170	40.15408998590	7192
30	-80.73823885470	40.03566406070	7193
30	-80.73888801150	39.98347594400	7194
30	-80.76306009950	39.94701550150	7195
30	-80.75888718440	39.92126678930	7196
30	-80.76812704030	39.91331318120	7197
30	-80.79602141130	39.91983970780	7198
30	-80.80784004130	39.91590287250	7199
30	-80.81213584450	39.90490141130	7200
30	-80.79084944270	39.87234756730	7201
30	-80.79852533630	39.85672272420	7202
30	-80.82591658360	39.83966711430	7203
30	-80.81910383480	39.80900133330	7204
30	-80.87072776140	39.75999383520	7205
30	-80.85645331630	39.73633559350	7206
30	-80.83229839370	39.71883434430	7207
30	-80.83278743430	39.70340022600	7208
30	-80.86341416400	39.68035152720	7209
30	-80.87274608450	39.66241101880	7210
30	-80.88110989300	39.62408116410	7211
30	-80.91259057010	39.60735331410	7212
30	-80.93261079630	39.60694097210	7213
30	-80.98364640850	39.58180523800	7214
30	-81.03256860920	39.54414253870	7215
30	-81.03738319920	39.53266417740	7216
30	-81.09824494330	39.49645113890	7217
30	-81.11708991320	39.46778391110	7218
30	-81.18056764400	39.43780018260	7219
30	-81.20030524610	39.41589622500	7220
30	-81.22494863280	39.40835820720	7221
30	-81.23762128010	39.38847223340	7222
30	-81.28401706960	39.38707203800	7223
30	-81.33883615540	39.35364395760	7224
30	-81.37591628780	39.34569026600	7225
30	-81.43397827480	39.40602298140	7226
30	-81.44795585610	39.41102780400	7227
30	-81.46500815140	39.40685832820	7228
30	-81.54064851310	39.35270892350	7229
30	-81.55738794830	39.33265519440	7230
30	-81.57268511110	39.26591753560	7231
30	-81.66752227260	39.27049531280	7232
30	-81.68952626670	39.26022628360	7233
30	-81.69790352800	39.22002003100	7234
30	-81.72307386220	39.21326816990	7235
30	-81.75891032660	39.17575125490	7236
30	-81.74470368600	39.12587494970	7237
30	-81.75356160170	39.09472081760	7238
30	-81.78636140600	39.07725731040	7239
30	-81.81956565340	39.07701687360	7240
30	-81.82427310350	39.06641598450	7241
30	-81.81346179030	39.04410803460	7242
30	-81.77567963800	39.01682972320	7243
30	-81.78172986190	38.96852902550	7244
30	-81.76229711590	38.93018089080	7245
30	-81.78322524610	38.92356243090	7246
30	-81.82377685940	38.94846779070	7247
30	-81.84091305040	38.93788978320	7248
30	-81.86680042710	38.88570953550	7249
30	-81.89269545750	38.87345300250	7250
30	-81.91524871420	38.88444657800	7251
30	-81.93185084220	38.89474212720	7252
30	-81.89860847230	38.93222476530	7253
30	-81.92783006840	38.98427127170	7254
30	-81.93773336010	38.99117569140	7255
30	-81.97518732050	38.99300655330	7256
30	-81.99967857660	39.01526103640	7257
30	-82.04288559330	39.01413927240	7258
30	-82.05850354360	38.98906559720	7259
30	-82.08501674940	38.97719813200	7260
30	-82.10120691700	38.95209396170	7261
30	-82.13931709210	38.89939842300	7262
30	-82.14609966840	38.83878771420	7263
30	-82.19772194530	38.80461968320	7264
30	-82.21675023060	38.77893943300	7265
30	-82.18397280990	38.71030296910	7266
30	-82.18897770390	38.67789377100	7267
30	-82.17365706200	38.63219077210	7268
30	-82.18424686030	38.59503228650	7269
30	-82.21365924500	38.58483541660	7270
30	-82.27089720220	38.59489008120	7271
30	-82.28997135410	38.58008135470	7272
30	-82.31424066870	38.46522958510	7273
30	-82.32917938870	38.44195234310	7274
30	-82.39476414190	38.42847032430	7275
30	-82.41489129700	38.43039258940	7276
30	-82.49498772360	38.40583259740	7277
30	-82.54754819920	38.40051097850	7278
30	-82.57541922390	38.40390214450	7279
30	-82.58660430880	38.41251942250	7280
18	-79.48097111310	39.72027405810	7281
18	-79.76513231850	39.72180708160	7282
18	-79.91826849220	39.72166696750	7283
18	-80.42908233260	39.71984260420	7284
18	-80.52426947400	39.72120899100	7285
18	-80.52465068040	39.95841956350	7286
18	-80.52496218530	40.02282532620	7287
18	-80.52604519020	40.16252112820	7288
18	-80.52356453440	40.40303385020	7289
18	-80.52435768300	40.47878483690	7290
18	-80.52199952850	40.63720317790	7291
30	-79.48097111310	39.72027405810	7292
30	-79.76513231850	39.72180708160	7293
30	-79.91826849220	39.72166696750	7294
30	-80.42908233260	39.71984260420	7295
30	-80.52426947400	39.72120899100	7296
30	-80.52465068040	39.95841956350	7297
30	-80.52496218530	40.02282532620	7298
30	-80.52604519020	40.16252112820	7299
30	-80.52356453440	40.40303385020	7300
30	-80.52435768300	40.47878483690	7301
30	-80.52199952850	40.63720317790	7302
17	-74.19364183380	40.51056194210	7303
17	-74.23693964920	40.50600329060	7304
17	-74.23693986280	40.53790496770	7305
17	-74.16629801450	40.62449713060	7306
17	-74.07286605950	40.64956333690	7307
17	-74.05919368630	40.60170899560	7308
17	-74.12299972780	40.54474122550	7309
17	-74.19364183380	40.51056194210	7310
21	-74.00618343750	40.70400198870	7311
21	-74.12905805380	40.64707218750	7312
21	-74.11553100620	40.70562664480	7313
21	-74.14685804270	40.67547959750	7314
21	-74.20825296050	40.59118770650	7315
21	-74.27891034740	40.51430364630	7316
21	-74.26891543550	40.46374861180	7317
21	-74.22450345530	40.44358480220	7318
21	-74.12188547930	40.45145858660	7319
21	-73.97844056950	40.32361600080	7320
21	-74.03923109820	40.10184196640	7321
21	-74.09142591270	40.11608560090	7322
21	-74.08377304310	40.08818174990	7323
21	-74.03429456370	40.09136705400	7324
21	-74.04979004680	40.05685623560	7325
21	-74.12218053670	40.05156143220	7326
21	-74.07733308350	40.04227293360	7327
21	-74.15922851870	39.87860541640	7328
21	-74.17142691850	39.71827467500	7329
21	-74.23767558990	39.62404676290	7330
21	-74.32334204910	39.57208621200	7331
21	-74.32885074380	39.52362773280	7332
21	-74.41238862640	39.54262121200	7333
21	-74.40111961070	39.50262764320	7334
21	-74.46041795910	39.42675659700	7335
21	-74.44750084320	39.38107531380	7336
21	-74.65823416200	39.28725140600	7337
21	-74.62252699890	39.28163245410	7338
21	-74.62458701840	39.25082853820	7339
21	-74.80229182970	39.02637356850	7340
21	-74.87925361350	38.98984361390	7341
21	-74.87630095720	38.95668239760	7342
21	-74.96812541790	38.97173877160	7343
21	-74.89020204400	39.11386022390	7344
21	-74.91665434170	39.17063854170	7345
21	-75.01440707700	39.19836383710	7346
21	-75.11995811220	39.18469178080	7347
21	-75.41567227470	39.37497184190	7348
21	-75.55276304020	39.49051430660	7349
21	-75.51668888360	39.56656841650	7350
21	-75.57023418700	39.61773496340	7351
21	-75.48928066070	39.71485821860	7352
17	-73.03093394570	40.67134101200	7353
17	-73.24905117310	40.62542443420	7354
17	-73.29305897060	40.62638221330	7355
17	-73.29114386690	40.63307688620	7356
17	-73.24043721230	40.63307658430	7357
17	-73.05102282400	40.67516712230	7358
17	-72.87690605510	40.73734633580	7359
17	-72.78219912070	40.76413331010	7360
17	-72.75732649480	40.76795951710	7361
17	-72.76402531190	40.75839228490	7362
17	-72.95631569210	40.70003874090	7363
17	-73.03093394570	40.67134101200	7364
17	-73.65315146090	40.99839244550	7365
17	-73.78004125280	40.88668879190	7366
17	-73.79634591860	40.83233410080	7367
17	-73.91986182480	40.80280480450	7368
17	-74.00618343750	40.70400198870	7369
24	-109.04831470500	40.99843339350	7370
24	-109.04615572600	40.66529094360	7371
24	-109.05126315000	40.21051137100	7372
24	-109.05255171200	39.65738242040	7373
24	-109.05352866200	39.51817014850	7374
24	-109.05141683800	39.36096608390	7375
24	-109.05394850200	38.49465091320	7376
24	-109.05586112100	38.24492016430	7377
24	-109.04346400000	38.15293369550	7378
24	-109.04320640900	37.88742006090	7379
24	-109.04560248000	37.63082060690	7380
24	-109.04848011500	36.99664090060	7381
32	-109.04831470500	40.99843339350	7382
32	-109.04615572600	40.66529094360	7383
32	-109.05126315000	40.21051137100	7384
32	-109.05255171200	39.65738242040	7385
32	-109.05352866200	39.51817014850	7386
32	-109.05141683800	39.36096608390	7387
32	-109.05394850200	38.49465091320	7388
32	-109.05586112100	38.24492016430	7389
32	-109.04346400000	38.15293369550	7390
32	-109.04320640900	37.88742006090	7391
32	-109.04560248000	37.63082060690	7392
32	-109.04848011500	36.99664090060	7393
16	-102.05153559600	39.99891827280	7394
16	-102.04754499500	40.34264450080	7395
16	-102.04762048800	40.43107778330	7396
16	-102.04603137500	40.69731928280	7397
16	-102.04699233300	40.74313033490	7398
16	-102.04773931400	40.99807086670	7399
16	-102.62125704700	41.00021481920	7400
16	-102.65227107000	40.99812416690	7401
16	-103.38295665400	41.00031635650	7402
16	-103.57231630200	40.99964843110	7403
16	-104.05170553500	41.00321132690	7404
32	-102.05153559600	39.99891827280	7405
32	-102.04754499500	40.34264450080	7406
32	-102.04762048800	40.43107778330	7407
32	-102.04603137500	40.69731928280	7408
32	-102.04699233300	40.74313033490	7409
32	-102.04773931400	40.99807086670	7410
32	-102.62125704700	41.00021481920	7411
32	-102.65227107000	40.99812416690	7412
32	-103.38295665400	41.00031635650	7413
32	-103.57231630200	40.99964843110	7414
32	-104.05170553500	41.00321132690	7415
7	-104.05170553500	41.00321132690	7416
7	-104.93449292300	40.99428914360	7417
7	-105.27879760500	40.99634916280	7418
7	-106.20347148100	41.00008500190	7419
7	-106.32912568300	41.00128896910	7420
7	-106.86543876400	40.99845738610	7421
7	-107.30405105300	41.00013334690	7422
7	-107.91867133700	41.00337511600	7423
7	-109.04831470500	40.99843339350	7424
32	-104.05170553500	41.00321132690	7425
32	-104.93449292300	40.99428914360	7426
32	-105.27879760500	40.99634916280	7427
32	-106.20347148100	41.00008500190	7428
32	-106.32912568300	41.00128896910	7429
32	-106.86543876400	40.99845738610	7430
32	-107.30405105300	41.00013334690	7431
32	-107.91867133700	41.00337511600	7432
32	-109.04831470500	40.99843339350	7433
17	-72.55097122610	40.96617991960	7434
17	-72.60481541610	40.90530059400	7435
17	-72.47610910890	40.92014831800	7436
17	-72.29308242780	41.02401744080	7437
17	-72.20335052500	41.03537392760	7438
17	-72.07701114490	41.00057428970	7439
17	-71.92370021340	41.08487180330	7440
17	-71.86998672140	41.07450768190	7441
17	-71.91870228700	41.03057406310	7442
17	-72.52116417620	40.81504157880	7443
17	-73.42252607220	40.66132514750	7444
17	-73.75220897730	40.59458721690	7445
17	-73.92759068800	40.55765030770	7446
17	-73.76139500980	40.61823794820	7447
17	-73.76493513800	40.63693346560	7448
17	-73.84606076250	40.65260012010	7449
17	-73.91573433660	40.63113138270	7450
17	-73.87981412650	40.59026911910	7451
17	-74.00403933590	40.58125903860	7452
17	-74.02772169510	40.63933650840	7453
17	-73.95560677740	40.73938268040	7454
17	-73.89901774530	40.79711722940	7455
17	-73.75391779050	40.78885121810	7456
17	-73.74947717190	40.84499875550	7457
17	-73.59827192990	40.90314439140	7458
17	-73.47808965150	40.87974472030	7459
17	-73.43064782240	40.92255662990	7460
17	-73.21452309640	40.90104172990	7461
17	-73.14097968580	40.95139600800	7462
17	-73.02126964950	40.96843308150	7463
17	-72.63157241250	40.98128518670	7464
17	-72.31703144470	41.14933336840	7465
17	-72.28114923720	41.14253531320	7466
17	-72.35427931570	41.11020278320	7467
17	-72.41634565620	41.02604011280	7468
17	-72.55097122610	40.96617991960	7469
18	-74.70006243970	41.35057311730	7470
18	-74.79166349120	41.31196464860	7471
18	-74.79414329350	41.29521453610	7472
18	-74.82519591440	41.28270604280	7473
18	-74.86641149320	41.22681732000	7474
18	-74.86288664890	41.20677136750	7475
18	-74.91476830630	41.14110569450	7476
18	-74.94999448230	41.11185483560	7477
18	-74.98459499570	41.09938080710	7478
18	-74.98888296570	41.08176098860	7479
18	-74.96629155990	41.08267659280	7480
18	-75.00115157190	41.06248557710	7481
18	-75.03525634670	41.02820291140	7482
18	-75.06997901730	41.01071604740	7483
18	-75.11661916360	41.00024790250	7484
18	-75.13930181220	40.97752748610	7485
18	-75.13552493500	40.96293651840	7486
18	-75.07973627570	40.90334863830	7487
18	-75.07368576450	40.88462638430	7488
18	-75.05648845800	40.87204585360	7489
18	-75.05461902330	40.85567335950	7490
18	-75.09954198810	40.83928510020	7491
18	-75.08921127930	40.82139066880	7492
18	-75.10054086990	40.79165915170	7493
18	-75.13031892790	40.77270770920	7494
18	-75.17031327810	40.77480924380	7495
18	-75.19364415900	40.74800358030	7496
18	-75.18775390480	40.72385701780	7497
18	-75.20535502860	40.68606153750	7498
18	-75.18406070420	40.66979229600	7499
18	-75.20891773660	40.65073804220	7500
18	-75.19793861180	40.63420551560	7501
18	-75.20038753870	40.61474325790	7502
18	-75.19351300350	40.58376851260	7503
18	-75.19757183100	40.57068430480	7504
18	-75.18228200400	40.55679915660	7505
18	-75.12452605800	40.56479882940	7506
18	-75.07978594230	40.54535595860	7507
18	-75.06367963820	40.52100345920	7508
18	-75.07011862400	40.45625392590	7509
18	-75.05745334550	40.42017145650	7510
18	-75.02126612530	40.40132360350	7511
18	-75.00047552390	40.40862110960	7512
18	-74.97284102600	40.40444795670	7513
18	-74.95018846400	40.34547384840	7514
18	-74.93250296210	40.33377441300	7515
18	-74.92115001560	40.31403373150	7516
18	-74.88065957300	40.29959161310	7517
18	-74.84276308320	40.24845275980	7518
18	-74.73882472660	40.17772564410	7519
18	-74.72548046620	40.14930666920	7520
18	-74.74629414860	40.12435869160	7521
18	-74.82902245970	40.11616098550	7522
18	-74.87192413630	40.07805654290	7523
18	-74.95620150340	40.05801447920	7524
18	-74.98348536640	40.03407384460	7525
18	-75.04567540520	40.00763471070	7526
18	-75.06804575300	39.98539152130	7527
18	-75.08458698550	39.97573281540	7528
18	-75.11096307160	39.97669033110	7529
18	-75.13986458710	39.95591948050	7530
18	-75.14715865900	39.93474042180	7531
18	-75.13580547670	39.89688743730	7532
18	-75.14290121500	39.88160203670	7533
18	-75.18560547800	39.87740581810	7534
18	-75.24699556470	39.85040536410	7535
18	-75.25374043640	39.84553779780	7536
18	-75.34593229450	39.84851658190	7537
18	-75.42046794790	39.79898309910	7538
21	-74.70006243970	41.35057311730	7539
21	-74.79166349120	41.31196464860	7540
21	-74.79414329350	41.29521453610	7541
21	-74.82519591440	41.28270604280	7542
21	-74.86641149320	41.22681732000	7543
21	-74.86288664890	41.20677136750	7544
21	-74.91476830630	41.14110569450	7545
21	-74.94999448230	41.11185483560	7546
21	-74.98459499570	41.09938080710	7547
21	-74.98888296570	41.08176098860	7548
21	-74.96629155990	41.08267659280	7549
21	-75.00115157190	41.06248557710	7550
21	-75.03525634670	41.02820291140	7551
21	-75.06997901730	41.01071604740	7552
21	-75.11661916360	41.00024790250	7553
21	-75.13930181220	40.97752748610	7554
21	-75.13552493500	40.96293651840	7555
21	-75.07973627570	40.90334863830	7556
21	-75.07368576450	40.88462638430	7557
21	-75.05648845800	40.87204585360	7558
21	-75.05461902330	40.85567335950	7559
21	-75.09954198810	40.83928510020	7560
21	-75.08921127930	40.82139066880	7561
21	-75.10054086990	40.79165915170	7562
21	-75.13031892790	40.77270770920	7563
21	-75.17031327810	40.77480924380	7564
21	-75.19364415900	40.74800358030	7565
21	-75.18775390480	40.72385701780	7566
21	-75.20535502860	40.68606153750	7567
21	-75.18406070420	40.66979229600	7568
21	-75.20891773660	40.65073804220	7569
21	-75.19793861180	40.63420551560	7570
21	-75.20038753870	40.61474325790	7571
21	-75.19351300350	40.58376851260	7572
21	-75.19757183100	40.57068430480	7573
21	-75.18228200400	40.55679915660	7574
21	-75.12452605800	40.56479882940	7575
21	-75.07978594230	40.54535595860	7576
21	-75.06367963820	40.52100345920	7577
21	-75.07011862400	40.45625392590	7578
21	-75.05745334550	40.42017145650	7579
21	-75.02126612530	40.40132360350	7580
21	-75.00047552390	40.40862110960	7581
21	-74.97284102600	40.40444795670	7582
21	-74.95018846400	40.34547384840	7583
21	-74.93250296210	40.33377441300	7584
21	-74.92115001560	40.31403373150	7585
21	-74.88065957300	40.29959161310	7586
21	-74.84276308320	40.24845275980	7587
21	-74.73882472660	40.17772564410	7588
21	-74.72548046620	40.14930666920	7589
21	-74.74629414860	40.12435869160	7590
21	-74.82902245970	40.11616098550	7591
21	-74.87192413630	40.07805654290	7592
21	-74.95620150340	40.05801447920	7593
21	-74.98348536640	40.03407384460	7594
21	-75.04567540520	40.00763471070	7595
21	-75.06804575300	39.98539152130	7596
21	-75.08458698550	39.97573281540	7597
21	-75.11096307160	39.97669033110	7598
21	-75.13986458710	39.95591948050	7599
21	-75.14715865900	39.93474042180	7600
21	-75.13580547670	39.89688743730	7601
21	-75.14290121500	39.88160203670	7602
21	-75.18560547800	39.87740581810	7603
21	-75.24699556470	39.85040536410	7604
21	-75.25374043640	39.84553779780	7605
21	-75.34593229450	39.84851658190	7606
21	-75.42046794790	39.79898309910	7607
17	-74.00618343750	40.70400198870	7608
17	-74.00625978510	40.73773083950	7609
17	-73.97706105610	40.79748709260	7610
17	-73.92239451150	40.88604007870	7611
17	-73.90896623050	40.92731442010	7612
17	-73.89614835450	40.96087175520	7613
17	-73.89669753520	40.99852980110	7614
17	-74.21303867810	41.12361164000	7615
17	-74.24235951790	41.13762659830	7616
17	-74.37198081600	41.19584995530	7617
17	-74.70006243970	41.35057311730	7618
21	-74.00618343750	40.70400198870	7619
21	-74.00625978510	40.73773083950	7620
21	-73.97706105610	40.79748709260	7621
21	-73.92239451150	40.88604007870	7622
21	-73.90896623050	40.92731442010	7623
21	-73.89614835450	40.96087175520	7624
21	-73.89669753520	40.99852980110	7625
21	-74.21303867810	41.12361164000	7626
21	-74.24235951790	41.13762659830	7627
21	-74.37198081600	41.19584995530	7628
21	-74.70006243970	41.35057311730	7629
19	-71.86667844290	41.32276964530	7630
19	-72.28141590250	41.28114547090	7631
19	-72.32635489780	41.28964123290	7632
19	-72.37841234980	41.35834827110	7633
19	-72.37815296610	41.27810222750	7634
19	-72.52724486230	41.26370258760	7635
19	-72.90673432360	41.27006319920	7636
19	-73.10441857410	41.16103944270	7637
19	-73.65315146090	40.99839244550	7638
15	-70.04926441840	41.39196124990	7639
15	-69.96598006460	41.29489118020	7640
15	-69.96844433870	41.25181676900	7641
15	-70.10310570520	41.23827968620	7642
15	-70.21326869350	41.27020493510	7643
15	-70.20709642970	41.29408778530	7644
15	-70.09787203770	41.27763094710	7645
15	-70.03171640760	41.31193118710	7646
15	-70.00650844930	41.32477476540	7647
15	-70.02661990820	41.33721043020	7648
15	-70.08763322770	41.29684869630	7649
15	-70.03448596910	41.34971849560	7650
15	-70.04926441840	41.39196124990	7651
15	-70.60584217850	41.47466325840	7652
15	-70.60433083350	41.42966307400	7653
15	-70.56769467360	41.46456670990	7654
15	-70.55283173970	41.41738877290	7655
15	-70.57585735940	41.41028569360	7656
15	-70.51515714890	41.39866012300	7657
15	-70.48614119010	41.34156102040	7658
15	-70.73867653010	41.33415517520	7659
15	-70.76971306660	41.29816390480	7660
15	-70.84391983990	41.34859888520	7661
15	-70.78252415010	41.35251767820	7662
15	-70.77092662880	41.32498041370	7663
15	-70.75176954710	41.38216903240	7664
15	-70.66748797350	41.45493729740	7665
15	-70.60584217850	41.47466325840	7666
20	-71.21944680060	41.63564231270	7667
20	-71.23867323400	41.47484977810	7668
20	-71.28800715290	41.48361933690	7669
20	-71.34952503330	41.44585774150	7670
20	-71.26916945490	41.62126831720	7671
20	-71.21944680060	41.63564231270	7672
20	-71.11713271550	41.49306195630	7673
20	-71.19993716530	41.46331848340	7674
20	-71.19880868070	41.67850034530	7675
15	-71.11713271550	41.49306195630	7676
15	-71.14121263450	41.65527305450	7677
15	-71.19880868070	41.67850034530	7678
20	-71.11713271550	41.49306195630	7679
20	-71.14121263450	41.65527305450	7680
20	-71.19880868070	41.67850034530	7681
22	-84.79037747300	41.69749473300	7682
22	-84.79136990400	41.53049193820	7683
22	-84.79189722380	41.42789946040	7684
22	-84.79097556660	41.28381802610	7685
22	-84.79158626710	41.25313253150	7686
22	-84.79052709600	40.98834123210	7687
22	-84.79102327250	40.93770849360	7688
22	-84.79306132190	40.72886037290	7689
22	-84.79325215380	40.58873823670	7690
22	-84.79455629400	40.35305075670	7691
22	-84.79538778830	40.31950053330	7692
22	-84.80356412640	40.01399063550	7693
22	-84.80614975880	39.91716654390	7694
22	-84.80869653270	39.73329927020	7695
22	-84.81103677940	39.56405068510	7696
22	-84.81110483410	39.51316320380	7697
22	-84.81202490220	39.31233316490	7698
22	-84.81207053340	39.30302922630	7699
22	-84.81148058300	39.10258551150	7700
26	-84.79037747300	41.69749473300	7701
26	-84.79136990400	41.53049193820	7702
26	-84.79189722380	41.42789946040	7703
26	-84.79097556660	41.28381802610	7704
26	-84.79158626710	41.25313253150	7705
26	-84.79052709600	40.98834123210	7706
26	-84.79102327250	40.93770849360	7707
26	-84.79306132190	40.72886037290	7708
26	-84.79325215380	40.58873823670	7709
26	-84.79455629400	40.35305075670	7710
26	-84.79538778830	40.31950053330	7711
26	-84.80356412640	40.01399063550	7712
26	-84.80614975880	39.91716654390	7713
26	-84.80869653270	39.73329927020	7714
26	-84.81103677940	39.56405068510	7715
26	-84.81110483410	39.51316320380	7716
26	-84.81202490220	39.31233316490	7717
26	-84.81207053340	39.30302922630	7718
26	-84.81148058300	39.10258551150	7719
15	-71.19880868070	41.67850034530	7720
15	-71.22897615920	41.70769396840	7721
22	-88.03560734400	37.80572790500	7722
22	-88.08606242250	37.81765686760	7723
22	-88.08929745610	37.83129447780	7724
22	-88.04216892230	37.82756719570	7725
22	-88.03427224650	37.84379113010	7726
22	-88.07577016190	37.86785458410	7727
22	-88.10148993940	37.89535114420	7728
22	-88.10011663860	37.90621542840	7729
22	-88.04490053510	37.89604897210	7730
22	-88.02661982180	37.90580311740	7731
22	-88.03047284450	37.91763638420	7732
22	-88.08403331280	37.92370580570	7733
22	-88.07897489690	37.94404582540	7734
22	-88.06465390890	37.92982834420	7735
22	-88.04180298420	37.93454324710	7736
22	-88.04254312340	37.95631001340	7737
22	-88.02173697380	37.97510124860	7738
22	-88.02924472850	38.00828167090	7739
22	-88.02172967420	38.03357704570	7740
22	-88.04150591050	38.03834928790	7741
22	-88.04312346320	38.04516618900	7742
22	-88.03476137880	38.05413076020	7743
22	-87.97532643810	38.07335277570	7744
22	-87.96489699680	38.09679410560	7745
22	-88.01236087970	38.09239233770	7746
22	-88.01857917800	38.10334821340	7747
22	-87.97353404590	38.13180569590	7748
22	-87.95059955980	38.13695913880	7749
22	-87.93202176220	38.15757370080	7750
22	-87.93231947700	38.17117700300	7751
22	-87.97795985950	38.20076060050	7752
22	-87.98603987230	38.23486044230	7753
22	-87.98005073660	38.24113178760	7754
22	-87.92595000850	38.30481838190	7755
22	-87.91368168820	38.30239210260	7756
22	-87.91413936140	38.28109440740	7757
22	-87.88849655220	38.30070577370	7758
22	-87.88347637620	38.31559847950	7759
22	-87.87406915090	38.31683437560	7760
22	-87.86303669730	38.28540844740	7761
22	-87.85011225300	38.28614458300	7762
22	-87.83453297800	38.35257053040	7763
22	-87.78404833400	38.37817082270	7764
22	-87.74845657700	38.41801167720	7765
22	-87.73898066730	38.44552738760	7766
22	-87.75868794190	38.45714336000	7767
22	-87.75612443730	38.46617282810	7768
22	-87.69284448660	38.48158044200	7769
22	-87.67993524330	38.50405300720	7770
22	-87.65355967550	38.50049005550	7771
22	-87.65141571260	38.51541692920	7772
22	-87.67296929730	38.54747178730	7773
22	-87.65288043790	38.57391899530	7774
22	-87.64061957990	38.59322511500	7775
22	-87.61985172550	38.59925610440	7776
22	-87.62867149820	38.62296440580	7777
22	-87.62521521550	38.64285799890	7778
22	-87.58850133770	38.67221577090	7779
22	-87.54391371400	38.68602104020	7780
22	-87.50833650080	38.73668000910	7781
22	-87.50802374400	38.76976835470	7782
22	-87.51904860250	38.77674534850	7783
22	-87.50790945750	38.79560490600	7784
22	-87.55052880340	38.85793612300	7785
22	-87.55908163530	38.86985686240	7786
22	-87.53922195440	38.90490574700	7787
22	-87.53020392080	38.93196297730	7788
22	-87.53349242840	38.96374653390	7789
22	-87.54792763020	38.97712062740	7790
22	-87.59188158990	38.99412618610	7791
22	-87.58177243000	38.99578557300	7792
22	-87.58534329880	39.06247690850	7793
22	-87.61203161810	39.08464750880	7794
22	-87.63089193810	39.08901520760	7795
22	-87.63169311280	39.10398384310	7796
22	-87.66228775750	39.11350888260	7797
22	-87.65948016440	39.13069382930	7798
22	-87.67035240350	39.14671907250	7799
22	-87.64428222970	39.16854653110	7800
22	-87.60795025540	39.19610745340	7801
22	-87.59423225930	39.19816742290	7802
22	-87.58861691820	39.20850512290	7803
22	-87.58458863710	39.24879155480	7804
22	-87.60692047640	39.25820214420	7805
22	-87.61582420750	39.28145612310	7806
22	-87.61064369980	39.29769887100	7807
22	-87.62526201040	39.30744138500	7808
22	-87.59768861380	39.33830573150	7809
22	-87.54023770310	39.35056239080	7810
22	-87.53858961580	39.47748286680	7811
22	-87.53559774320	39.60937614670	7812
22	-87.53579327460	39.88733918860	7813
22	-87.53535686970	40.16623170750	7814
22	-87.53569530460	40.48328221090	7815
22	-87.53719085030	40.49464618880	7816
22	-87.53269615000	40.74544790320	7817
22	-87.53205270700	41.00996292350	7818
22	-87.53176520320	41.17378991750	7819
22	-87.53248451080	41.30133872220	7820
22	-87.53268617450	41.46975038720	7821
22	-87.52990631080	41.72362608750	7822
27	-88.03560734400	37.80572790500	7823
27	-88.08606242250	37.81765686760	7824
27	-88.08929745610	37.83129447780	7825
27	-88.04216892230	37.82756719570	7826
27	-88.03427224650	37.84379113010	7827
27	-88.07577016190	37.86785458410	7828
27	-88.10148993940	37.89535114420	7829
27	-88.10011663860	37.90621542840	7830
27	-88.04490053510	37.89604897210	7831
27	-88.02661982180	37.90580311740	7832
27	-88.03047284450	37.91763638420	7833
27	-88.08403331280	37.92370580570	7834
27	-88.07897489690	37.94404582540	7835
27	-88.06465390890	37.92982834420	7836
27	-88.04180298420	37.93454324710	7837
27	-88.04254312340	37.95631001340	7838
27	-88.02173697380	37.97510124860	7839
27	-88.02924472850	38.00828167090	7840
27	-88.02172967420	38.03357704570	7841
27	-88.04150591050	38.03834928790	7842
27	-88.04312346320	38.04516618900	7843
27	-88.03476137880	38.05413076020	7844
27	-87.97532643810	38.07335277570	7845
27	-87.96489699680	38.09679410560	7846
27	-88.01236087970	38.09239233770	7847
27	-88.01857917800	38.10334821340	7848
27	-87.97353404590	38.13180569590	7849
27	-87.95059955980	38.13695913880	7850
27	-87.93202176220	38.15757370080	7851
27	-87.93231947700	38.17117700300	7852
27	-87.97795985950	38.20076060050	7853
27	-87.98603987230	38.23486044230	7854
27	-87.98005073660	38.24113178760	7855
27	-87.92595000850	38.30481838190	7856
27	-87.91368168820	38.30239210260	7857
27	-87.91413936140	38.28109440740	7858
27	-87.88849655220	38.30070577370	7859
27	-87.88347637620	38.31559847950	7860
27	-87.87406915090	38.31683437560	7861
27	-87.86303669730	38.28540844740	7862
27	-87.85011225300	38.28614458300	7863
27	-87.83453297800	38.35257053040	7864
27	-87.78404833400	38.37817082270	7865
27	-87.74845657700	38.41801167720	7866
27	-87.73898066730	38.44552738760	7867
27	-87.75868794190	38.45714336000	7868
27	-87.75612443730	38.46617282810	7869
27	-87.69284448660	38.48158044200	7870
27	-87.67993524330	38.50405300720	7871
27	-87.65355967550	38.50049005550	7872
27	-87.65141571260	38.51541692920	7873
27	-87.67296929730	38.54747178730	7874
27	-87.65288043790	38.57391899530	7875
27	-87.64061957990	38.59322511500	7876
27	-87.61985172550	38.59925610440	7877
27	-87.62867149820	38.62296440580	7878
27	-87.62521521550	38.64285799890	7879
27	-87.58850133770	38.67221577090	7880
27	-87.54391371400	38.68602104020	7881
27	-87.50833650080	38.73668000910	7882
27	-87.50802374400	38.76976835470	7883
27	-87.51904860250	38.77674534850	7884
27	-87.50790945750	38.79560490600	7885
27	-87.55052880340	38.85793612300	7886
27	-87.55908163530	38.86985686240	7887
27	-87.53922195440	38.90490574700	7888
27	-87.53020392080	38.93196297730	7889
27	-87.53349242840	38.96374653390	7890
27	-87.54792763020	38.97712062740	7891
27	-87.59188158990	38.99412618610	7892
27	-87.58177243000	38.99578557300	7893
27	-87.58534329880	39.06247690850	7894
27	-87.61203161810	39.08464750880	7895
27	-87.63089193810	39.08901520760	7896
27	-87.63169311280	39.10398384310	7897
27	-87.66228775750	39.11350888260	7898
27	-87.65948016440	39.13069382930	7899
27	-87.67035240350	39.14671907250	7900
27	-87.64428222970	39.16854653110	7901
27	-87.60795025540	39.19610745340	7902
27	-87.59423225930	39.19816742290	7903
27	-87.58861691820	39.20850512290	7904
27	-87.58458863710	39.24879155480	7905
27	-87.60692047640	39.25820214420	7906
27	-87.61582420750	39.28145612310	7907
27	-87.61064369980	39.29769887100	7908
27	-87.62526201040	39.30744138500	7909
27	-87.59768861380	39.33830573150	7910
27	-87.54023770310	39.35056239080	7911
27	-87.53858961580	39.47748286680	7912
27	-87.53559774320	39.60937614670	7913
27	-87.53579327460	39.88733918860	7914
27	-87.53535686970	40.16623170750	7915
27	-87.53569530460	40.48328221090	7916
27	-87.53719085030	40.49464618880	7917
27	-87.53269615000	40.74544790320	7918
27	-87.53205270700	41.00996292350	7919
27	-87.53176520320	41.17378991750	7920
27	-87.53248451080	41.30133872220	7921
27	-87.53268617450	41.46975038720	7922
27	-87.52990631080	41.72362608750	7923
26	-84.79037747300	41.69749473300	7924
26	-84.38439324270	41.70715033710	7925
26	-84.35920849220	41.70803917060	7926
26	-83.86863967520	41.71599338560	7927
26	-83.76395412120	41.71704221870	7928
26	-83.48269100200	41.72512992690	7929
50	-84.79037747300	41.69749473300	7930
50	-84.38439324270	41.70715033710	7931
50	-84.35920849220	41.70803917060	7932
50	-83.86863967520	41.71599338560	7933
50	-83.76395412120	41.71704221870	7934
50	-83.48269100200	41.72512992690	7935
20	-71.22897615920	41.70769396840	7936
20	-71.28400165200	41.67954897040	7937
20	-71.36738744520	41.74135020100	7938
20	-71.39358059770	41.76115583530	7939
20	-71.36901254750	41.70329110190	7940
20	-71.41924685150	41.65221223290	7941
20	-71.42731851960	41.48668937960	7942
20	-71.48988804010	41.39208531960	7943
20	-71.72226432270	41.32726431220	7944
20	-71.86667844290	41.32276964530	7945
22	-87.52990631080	41.72362608750	7946
22	-87.46371089170	41.67162454780	7947
22	-87.41930696190	41.67636635140	7948
22	-87.44197403870	41.65811297130	7949
22	-87.39474666510	41.63419121340	7950
22	-87.23385450440	41.62618872080	7951
22	-86.94245989280	41.71650348380	7952
22	-86.83482964130	41.76550475520	7953
22	-86.83482964130	41.76550475520	7954
22	-86.52518097640	41.76554033640	7955
22	-86.23456529190	41.76486424800	7956
22	-86.06830220540	41.76462843260	7957
22	-85.79922697230	41.76353496790	7958
22	-85.65945882920	41.76262751410	7959
22	-85.29720963580	41.76358100360	7960
22	-85.19314061440	41.76286754710	7961
22	-84.82600804630	41.76187510670	7962
22	-84.78847778580	41.76095945620	7963
22	-84.79037747300	41.69749473300	7964
50	-86.83482964130	41.76550475520	7965
50	-86.52518097640	41.76554033640	7966
50	-86.23456529190	41.76486424800	7967
50	-86.06830220540	41.76462843260	7968
50	-85.79922697230	41.76353496790	7969
50	-85.65945882920	41.76262751410	7970
50	-85.29720963580	41.76358100360	7971
50	-85.19314061440	41.76286754710	7972
50	-84.82600804630	41.76187510670	7973
50	-84.78847778580	41.76095945620	7974
50	-84.79037747300	41.69749473300	7975
15	-71.22897615920	41.70769396840	7976
15	-71.26662858160	41.74974305220	7977
15	-71.31932779030	41.77219586460	7978
15	-71.33979862310	41.78442556270	7979
15	-71.34548316620	41.81316138330	7980
15	-71.33454270950	41.85790360750	7981
15	-71.34249312020	41.87578289150	7982
15	-71.33308595030	41.89603115970	7983
15	-71.38395315470	41.88843975450	7984
15	-71.38240528220	41.97926307690	7985
20	-71.22897615920	41.70769396840	7986
20	-71.26662858160	41.74974305220	7987
20	-71.31932779030	41.77219586460	7988
20	-71.33979862310	41.78442556270	7989
20	-71.34548316620	41.81316138330	7990
20	-71.33454270950	41.85790360750	7991
20	-71.34249312020	41.87578289150	7992
20	-71.33308595030	41.89603115970	7993
20	-71.38395315470	41.88843975450	7994
20	-71.38240528220	41.97926307690	7995
26	-83.48269100200	41.72512992690	7996
26	-83.15374640170	41.62608980520	7997
26	-83.00343349580	41.53819377010	7998
26	-82.79583064050	41.53764833690	7999
26	-82.78470677380	41.50741728130	8000
26	-83.07039839200	41.45610993150	8001
26	-82.90893218460	41.42946858400	8002
26	-82.71694655070	41.45052477840	8003
26	-82.54883767800	41.39133761190	8004
26	-82.34138261830	41.43150112780	8005
26	-82.01560565330	41.51531014270	8006
26	-81.96190778410	41.50191861940	8007
26	-81.73850262730	41.49115473620	8008
26	-81.47826318430	41.63171600860	8009
26	-81.36226462870	41.72428347170	8010
26	-80.99977267500	41.85025716990	8011
26	-80.52059256950	41.98687210980	8012
18	-80.52199952850	40.63720317790	8013
18	-80.52030611120	40.85416882240	8014
18	-80.52092443010	40.89727051580	8015
18	-80.52293269350	41.12962781470	8016
18	-80.51999623500	41.48928857050	8017
18	-80.52392556260	41.49510214930	8018
18	-80.52264395730	41.85077475770	8019
18	-80.52059256950	41.98687210980	8020
26	-80.52199952850	40.63720317790	8021
26	-80.52030611120	40.85416882240	8022
26	-80.52092443010	40.89727051580	8023
26	-80.52293269350	41.12962781470	8024
26	-80.51999623500	41.48928857050	8025
26	-80.52392556260	41.49510214930	8026
26	-80.52264395730	41.85077475770	8027
26	-80.52059256950	41.98687210980	8028
23	-114.62106860600	34.99891442860	8029
23	-115.62619738300	35.79569831480	8030
23	-115.88576934400	36.00122595730	8031
23	-117.16042377200	36.95959414420	8032
23	-117.83868642300	37.45729823970	8033
23	-118.41741975600	37.88667674860	8034
23	-119.15245042100	38.41180095910	8035
23	-119.31882507000	38.52710862440	8036
23	-119.57568706300	38.70291012990	8037
23	-119.88934163900	38.92225156040	8038
23	-119.99525469400	38.99410615360	8039
23	-119.99515011400	39.06349135950	8040
23	-119.99454125800	39.10613180570	8041
23	-119.99552733600	39.15871328660	8042
23	-119.99530418100	39.31154543320	8043
23	-119.99601147900	39.44350097650	8044
23	-119.99616531100	39.72061080770	8045
23	-119.99632466000	41.17756626560	8046
23	-119.99345937000	41.98920495320	8047
25	-114.62106860600	34.99891442860	8048
25	-115.62619738300	35.79569831480	8049
25	-115.88576934400	36.00122595730	8050
25	-117.16042377200	36.95959414420	8051
25	-117.83868642300	37.45729823970	8052
25	-118.41741975600	37.88667674860	8053
25	-119.15245042100	38.41180095910	8054
25	-119.31882507000	38.52710862440	8055
25	-119.57568706300	38.70291012990	8056
25	-119.88934163900	38.92225156040	8057
25	-119.99525469400	38.99410615360	8058
25	-119.99515011400	39.06349135950	8059
25	-119.99454125800	39.10613180570	8060
25	-119.99552733600	39.15871328660	8061
25	-119.99530418100	39.31154543320	8062
25	-119.99601147900	39.44350097650	8063
25	-119.99616531100	39.72061080770	8064
25	-119.99632466000	41.17756626560	8065
25	-119.99345937000	41.98920495320	8066
12	-119.99345937000	41.98920495320	8067
12	-120.87190851900	41.98767217800	8068
12	-121.44150891100	41.99433453090	8069
25	-119.99345937000	41.98920495320	8070
25	-120.87190851900	41.98767217800	8071
25	-121.44150891100	41.99433453090	8072
23	-114.03907266200	41.99539089750	8073
23	-114.03815124900	40.99768684060	8074
23	-114.03810818900	40.11104665300	8075
23	-114.03984468400	39.90877886000	8076
23	-114.04010533900	39.53868492690	8077
23	-114.04426750100	38.67899588160	8078
23	-114.04509020600	38.57109505400	8079
23	-114.04727299900	38.13765244000	8080
23	-114.04726059500	37.59847848660	8081
23	-114.04393938400	36.99653793710	8082
24	-114.03907266200	41.99539089750	8083
24	-114.03815124900	40.99768684060	8084
24	-114.03810818900	40.11104665300	8085
24	-114.03984468400	39.90877886000	8086
24	-114.04010533900	39.53868492690	8087
24	-114.04426750100	38.67899588160	8088
24	-114.04509020600	38.57109505400	8089
24	-114.04727299900	38.13765244000	8090
24	-114.04726059500	37.59847848660	8091
24	-114.04393938400	36.99653793710	8092
7	-109.04831470500	40.99843339350	8093
7	-110.00216548100	40.99759951720	8094
7	-110.06318573600	40.99789195280	8095
7	-111.05102250900	40.99658359860	8096
7	-111.05165112200	41.25842540060	8097
7	-111.05106877400	41.57859241190	8098
7	-111.04869741400	41.99620334940	8099
24	-109.04831470500	40.99843339350	8100
24	-110.00216548100	40.99759951720	8101
24	-110.06318573600	40.99789195280	8102
24	-111.05102250900	40.99658359860	8103
24	-111.05165112200	41.25842540060	8104
24	-111.05106877400	41.57859241190	8105
24	-111.04869741400	41.99620334940	8106
9	-114.03907266200	41.99539089750	8107
9	-114.26947163300	41.99592423450	8108
9	-115.02486291100	41.99650645600	8109
9	-115.94754465800	41.99459946290	8110
9	-116.99231333800	41.99479450950	8111
9	-117.01886436400	41.99479418080	8112
23	-114.03907266200	41.99539089750	8113
23	-114.26947163300	41.99592423450	8114
23	-115.02486291100	41.99650645600	8115
23	-115.94754465800	41.99459946290	8116
23	-116.99231333800	41.99479450950	8117
23	-117.01886436400	41.99479418080	8118
12	-117.01886436400	41.99479418080	8119
12	-118.18531682900	41.99663709810	8120
12	-119.31094213000	41.98913538730	8121
12	-119.35169218600	41.98885297500	8122
12	-119.99345937000	41.98920495320	8123
23	-117.01886436400	41.99479418080	8124
23	-118.18531682900	41.99663709810	8125
23	-119.31094213000	41.98913538730	8126
23	-119.35169218600	41.98885297500	8127
23	-119.99345937000	41.98920495320	8128
25	-114.72204898500	32.72085749200	8129
25	-116.10697354600	32.61947069710	8130
25	-117.12809810500	32.53578134390	8131
25	-117.19981206800	32.71844241740	8132
25	-117.12060660400	32.60287240580	8133
25	-117.12452929700	32.67893148260	8134
25	-117.19877466000	32.73893439890	8135
25	-117.24820687300	32.68009397840	8136
25	-117.28532539900	32.85122049690	8137
25	-117.25486789800	32.88817284550	8138
25	-117.32843940600	33.11148199220	8139
25	-117.41014418500	33.23408946900	8140
25	-117.59733132600	33.39453393570	8141
25	-118.10671745700	33.74756459960	8142
25	-118.24661619200	33.77392498560	8143
25	-118.28689227200	33.70390743890	8144
25	-118.40508897300	33.73845072320	8145
25	-118.42895447900	33.77544824050	8146
25	-118.38817525700	33.81232485330	8147
25	-118.41211037800	33.88296757530	8148
25	-118.54185443700	34.03725177860	8149
25	-118.78811508500	34.01825708540	8150
25	-118.93936008000	34.04008131770	8151
25	-119.21633453000	34.14634064920	8152
25	-119.26676743600	34.23809826640	8153
25	-119.48300981200	34.37486189000	8154
25	-119.60629359000	34.41643492170	8155
25	-119.86943324600	34.40479628470	8156
25	-120.01149539500	34.46166162300	8157
25	-120.14016282900	34.47190235600	8158
25	-120.45620268400	34.44249945390	8159
25	-120.50940599500	34.52137386790	8160
25	-120.64129302900	34.57233780410	8161
25	-120.60162702800	34.70402255210	8162
25	-120.63167313100	34.75990679340	8163
25	-120.60815885000	34.85561584020	8164
25	-120.66594655700	34.90380952670	8165
25	-120.64433956500	34.97263690540	8166
25	-120.61676526200	35.07481657820	8167
25	-120.63841022000	35.14002834960	8168
25	-120.86134197000	35.20925373800	8169
25	-120.88359759800	35.25940538440	8170
25	-120.84999614100	35.36453718290	8171
25	-120.87521238900	35.42776514230	8172
25	-120.99194802400	35.45658107270	8173
25	-121.14655930400	35.62932273960	8174
25	-121.27026153800	35.66353574870	8175
25	-121.32908066200	35.80103403500	8176
25	-121.44554157800	35.87985052140	8177
25	-121.68981155700	36.18113419880	8178
25	-121.88227742500	36.30694350100	8179
25	-121.95528315500	36.58277367150	8180
25	-121.91142052300	36.64042784500	8181
25	-121.86738172800	36.60771360530	8182
25	-121.80856471600	36.64822114290	8183
25	-121.76139122900	36.81899020530	8184
25	-121.79171190300	36.85032699970	8185
25	-121.88353656900	36.96209797440	8186
25	-122.06133183100	36.94750677010	8187
25	-122.17344272600	37.00086941490	8188
25	-122.27463371000	37.10678188980	8189
25	-122.41463783500	37.23912639540	8190
25	-122.38925314700	37.35241276790	8191
25	-122.44146309800	37.47948247480	8192
25	-122.50568218000	37.52290485190	8193
25	-122.49820782400	37.70025410290	8194
25	-122.49821453100	37.78294210620	8195
25	-122.40093111800	37.80862509930	8196
25	-122.34647162700	37.72522288190	8197
25	-122.36633135900	37.70245011850	8198
25	-122.35967125800	37.60978676430	8199
25	-122.08930782500	37.45254146620	8200
25	-121.97533711600	37.46072020540	8201
25	-122.09302367800	37.49731353190	8202
25	-122.19973251100	37.73520088960	8203
25	-122.31241362700	37.77846269130	8204
25	-122.30755374100	37.89176355850	8205
25	-122.37149700900	37.90934517270	8206
25	-122.37968386800	37.97344542140	8207
25	-122.29552219700	38.01479550300	8208
25	-122.00062325100	38.05715143730	8209
25	-121.69895609800	38.02349591340	8210
25	-121.65774986800	38.08610086710	8211
25	-121.57688496900	38.09413848530	8212
25	-121.56954517700	38.06366767110	8213
25	-121.54747307400	38.06347320820	8214
25	-121.57283385300	38.11379883100	8215
25	-121.55414938400	38.13736154890	8216
25	-121.65958104300	38.09646506150	8217
25	-121.66521992800	38.16928528190	8218
25	-121.78236266300	38.06677585090	8219
25	-121.90276589200	38.07290955040	8220
25	-121.98454889900	38.13950047050	8221
25	-122.23224301900	38.07107979200	8222
25	-122.27300170100	38.15941839150	8223
25	-122.31575912700	38.20593357780	8224
25	-122.33890736600	38.19358189160	8225
25	-122.28535412600	38.15931157620	8226
25	-122.27277191900	38.09748455910	8227
25	-122.39846394500	38.16133706710	8228
25	-122.42920275100	38.11380719560	8229
25	-122.48893522500	38.11341427970	8230
25	-122.52864875500	38.15067156340	8231
25	-122.47454498700	38.08545712400	8232
25	-122.50645038100	38.01865217730	8233
25	-122.44178111700	37.98295523390	8234
25	-122.49002234000	37.93176755120	8235
25	-122.45825944900	37.83422119160	8236
25	-122.51572541000	37.82210630200	8237
25	-122.66639280400	37.90691974390	8238
25	-122.69172372300	37.89439266720	8239
25	-122.82219333800	38.00767252850	8240
25	-122.92118093200	38.03062294070	8241
25	-122.95659766600	37.99075747810	8242
25	-123.01073020000	37.99446620250	8243
25	-122.93927191200	38.15326495360	8244
25	-122.99464908500	38.29722720000	8245
25	-123.04879664500	38.29414137730	8246
25	-123.12154468200	38.43359993620	8247
25	-123.29794106600	38.54733354710	8248
25	-123.52388660100	38.75765931900	8249
25	-123.72190138900	38.92477122510	8250
25	-123.68344758300	39.04180590490	8251
25	-123.81371804000	39.34780645000	8252
25	-123.75465157600	39.55187925700	8253
25	-123.78353191700	39.68710849020	8254
25	-123.83810841700	39.82639688220	8255
25	-124.00763855700	39.99858084020	8256
25	-124.09456048500	40.10037778790	8257
25	-124.34530627300	40.25243001070	8258
25	-124.33610683400	40.32755491070	8259
25	-124.39263784500	40.43523691080	8260
25	-124.10944618600	40.97821095120	8261
25	-124.14970325800	41.12883224700	8262
25	-124.07160247000	41.31383258130	8263
25	-124.05795476900	41.45816416780	8264
25	-124.14421035600	41.72719325700	8265
25	-124.24309891400	41.77675718160	8266
25	-124.20750096200	41.84832741440	8267
25	-124.20644444400	41.99764791320	8268
12	-121.44150891100	41.99433453090	8269
12	-122.28470508200	42.00076455260	8270
12	-123.22210265300	42.00219177510	8271
12	-123.51320463300	41.99783291780	8272
12	-123.81914643900	41.99294877290	8273
12	-124.20644444400	41.99764791320	8274
25	-121.44150891100	41.99433453090	8275
25	-122.28470508200	42.00076455260	8276
25	-123.22210265300	42.00219177510	8277
25	-123.51320463300	41.99783291780	8278
25	-123.81914643900	41.99294877290	8279
25	-124.20644444400	41.99764791320	8280
9	-111.04869741400	41.99620334940	8281
9	-111.49458631300	42.00017096910	8282
9	-112.10051449200	42.00230058490	8283
9	-112.14711650400	41.99905405740	8284
9	-112.98957544900	42.00114678640	8285
9	-114.03907266200	41.99539089750	8286
24	-111.04869741400	41.99620334940	8287
24	-111.49458631300	42.00017096910	8288
24	-112.10051449200	42.00230058490	8289
24	-112.14711650400	41.99905405740	8290
24	-112.98957544900	42.00114678640	8291
24	-114.03907266200	41.99539089750	8292
19	-71.79783160880	42.00427480470	8293
19	-71.78824886220	41.72160339530	8294
19	-71.79260521830	41.64175793050	8295
19	-71.79019420310	41.60130687930	8296
19	-71.80274343080	41.41582905400	8297
19	-71.84599565370	41.40385454160	8298
19	-71.83686968130	41.34196146660	8299
19	-71.84777220410	41.32534848330	8300
19	-71.86667844290	41.32276964530	8301
20	-71.79783160880	42.00427480470	8302
20	-71.78824886220	41.72160339530	8303
20	-71.79260521830	41.64175793050	8304
20	-71.79019420310	41.60130687930	8305
20	-71.80274343080	41.41582905400	8306
20	-71.84599565370	41.40385454160	8307
20	-71.83686968130	41.34196146660	8308
20	-71.84777220410	41.32534848330	8309
20	-71.86667844290	41.32276964530	8310
15	-71.38240528220	41.97926307690	8311
15	-71.37864422290	42.01371331950	8312
15	-71.49743036910	42.00925350310	8313
15	-71.79783160880	42.00427480470	8314
20	-71.38240528220	41.97926307690	8315
20	-71.37864422290	42.01371331950	8316
20	-71.49743036910	42.00925350310	8317
20	-71.79783160880	42.00427480470	8318
17	-73.48423028450	42.04742805010	8319
17	-73.51714741330	41.66568616320	8320
17	-73.53039207070	41.52274555630	8321
17	-73.54429325370	41.36529847680	8322
17	-73.55025967320	41.29362070440	8323
17	-73.47812075690	41.21075488890	8324
17	-73.72523765670	41.10035422500	8325
17	-73.65372377550	41.01261728250	8326
17	-73.65315146090	40.99839244550	8327
19	-73.48423028450	42.04742805010	8328
19	-73.51714741330	41.66568616320	8329
19	-73.53039207070	41.52274555630	8330
19	-73.54429325370	41.36529847680	8331
19	-73.55025967320	41.29362070440	8332
19	-73.47812075690	41.21075488890	8333
19	-73.72523765670	41.10035422500	8334
19	-73.65372377550	41.01261728250	8335
19	-73.65315146090	40.99839244550	8336
15	-71.79783160880	42.00427480470	8337
15	-71.80234071660	42.01797693390	8338
15	-72.09497176080	42.02579950690	8339
15	-72.13634671510	42.02640206440	8340
15	-72.50757179050	42.03076600060	8341
15	-72.57122589240	42.03012497380	8342
15	-72.58190737020	42.02160689440	8343
15	-72.60782527310	42.02280080780	8344
15	-72.60952669700	42.03053685090	8345
15	-72.75589381790	42.03384752310	8346
15	-72.76757503150	42.00216718180	8347
15	-72.81767957180	41.99718504350	8348
15	-72.81645099490	42.03350773180	8349
15	-73.00609550990	42.03600920250	8350
15	-73.04563247110	42.03631038220	8351
15	-73.48423028450	42.04742805010	8352
19	-71.79783160880	42.00427480470	8353
19	-71.80234071660	42.01797693390	8354
19	-72.09497176080	42.02579950690	8355
19	-72.13634671510	42.02640206440	8356
19	-72.50757179050	42.03076600060	8357
19	-72.57122589240	42.03012497380	8358
19	-72.58190737020	42.02160689440	8359
19	-72.60782527310	42.02280080780	8360
19	-72.60952669700	42.03053685090	8361
19	-72.75589381790	42.03384752310	8362
19	-72.76757503150	42.00216718180	8363
19	-72.81767957180	41.99718504350	8364
19	-72.81645099490	42.03350773180	8365
19	-73.00609550990	42.03600920250	8366
19	-73.04563247110	42.03631038220	8367
19	-73.48423028450	42.04742805010	8368
18	-80.52059256950	41.98687210980	8369
18	-79.76323496540	42.26732708840	8370
17	-74.70006243970	41.35057311730	8371
17	-74.70527323980	41.37505933640	8372
17	-74.74043756950	41.40163586130	8373
17	-74.74004064310	41.42205946310	8374
17	-74.75482662120	41.43014640970	8375
17	-74.79279901510	41.42991715890	8376
17	-74.86406664990	41.44715481850	8377
17	-74.89527925850	41.44467117980	8378
17	-74.89855974010	41.46189424470	8379
17	-74.93256440050	41.48435068600	8380
17	-74.97178799950	41.48360262310	8381
17	-75.01488683160	41.53955589590	8382
17	-75.02508736780	41.56580090640	8383
17	-75.06986534990	41.60447795530	8384
17	-75.07245171380	41.61308006940	8385
17	-75.05132495520	41.63731477300	8386
17	-75.06540087020	41.71483680160	8387
17	-75.05696996480	41.72670809710	8388
17	-75.06131850520	41.77026037510	8389
17	-75.09715497350	41.77904178990	8390
17	-75.09682675510	41.79720731800	8391
17	-75.07984301880	41.81414834630	8392
17	-75.11777744300	41.83698681940	8393
17	-75.12475082660	41.84918234750	8394
17	-75.14828056830	41.85578933180	8395
17	-75.17128379170	41.86783985370	8396
17	-75.25451546270	41.86887336160	8397
17	-75.28369002630	41.94760385460	8398
17	-75.32406580040	41.96127499220	8399
17	-75.34565706690	41.99284494900	8400
17	-75.38281319590	41.99835660840	8401
17	-75.47973225650	41.99636770060	8402
17	-76.10483453100	41.99949874590	8403
17	-76.14502032030	42.00065450810	8404
17	-76.56391478940	42.00301141090	8405
17	-76.92839533840	42.00253459800	8406
17	-76.96857370310	42.00298097480	8407
17	-77.61284757730	41.99882958510	8408
17	-77.74500793750	41.99733318260	8409
17	-78.20426205250	41.99820043500	8410
17	-78.30508823120	41.99942060840	8411
17	-78.91853826760	41.99984678740	8412
17	-79.05948889670	42.00115765940	8413
17	-79.61236749030	42.00058491420	8414
17	-79.76165964710	42.00310573420	8415
17	-79.76323496540	42.26732708840	8416
18	-74.70006243970	41.35057311730	8417
18	-74.70527323980	41.37505933640	8418
18	-74.74043756950	41.40163586130	8419
18	-74.74004064310	41.42205946310	8420
18	-74.75482662120	41.43014640970	8421
18	-74.79279901510	41.42991715890	8422
18	-74.86406664990	41.44715481850	8423
18	-74.89527925850	41.44467117980	8424
18	-74.89855974010	41.46189424470	8425
18	-74.93256440050	41.48435068600	8426
18	-74.97178799950	41.48360262310	8427
18	-75.01488683160	41.53955589590	8428
18	-75.02508736780	41.56580090640	8429
18	-75.06986534990	41.60447795530	8430
18	-75.07245171380	41.61308006940	8431
18	-75.05132495520	41.63731477300	8432
18	-75.06540087020	41.71483680160	8433
18	-75.05696996480	41.72670809710	8434
18	-75.06131850520	41.77026037510	8435
18	-75.09715497350	41.77904178990	8436
18	-75.09682675510	41.79720731800	8437
18	-75.07984301880	41.81414834630	8438
18	-75.11777744300	41.83698681940	8439
18	-75.12475082660	41.84918234750	8440
18	-75.14828056830	41.85578933180	8441
18	-75.17128379170	41.86783985370	8442
18	-75.25451546270	41.86887336160	8443
18	-75.28369002630	41.94760385460	8444
18	-75.32406580040	41.96127499220	8445
18	-75.34565706690	41.99284494900	8446
18	-75.38281319590	41.99835660840	8447
18	-75.47973225650	41.99636770060	8448
18	-76.10483453100	41.99949874590	8449
18	-76.14502032030	42.00065450810	8450
18	-76.56391478940	42.00301141090	8451
18	-76.92839533840	42.00253459800	8452
18	-76.96857370310	42.00298097480	8453
18	-77.61284757730	41.99882958510	8454
18	-77.74500793750	41.99733318260	8455
18	-78.20426205250	41.99820043500	8456
18	-78.30508823120	41.99942060840	8457
18	-78.91853826760	41.99984678740	8458
18	-79.05948889670	42.00115765940	8459
18	-79.61236749030	42.00058491420	8460
18	-79.76165964710	42.00310573420	8461
18	-79.76323496540	42.26732708840	8462
27	-87.79738195620	42.48915284950	8463
27	-87.83701491610	42.31423527480	8464
27	-87.76030242210	42.15648203000	8465
27	-87.67060590160	42.05985192910	8466
27	-87.61267603240	41.84736538610	8467
27	-87.52990631080	41.72362608750	8468
14	-95.76747958520	40.58904799520	8469
14	-95.75754627920	40.62090440500	8470
14	-95.76799926230	40.64311732600	8471
14	-95.87661608380	40.73043628840	8472
14	-95.85179043530	40.79260002530	8473
14	-95.84643563180	40.84833220480	8474
14	-95.83439655940	40.87030080890	8475
14	-95.83654114440	40.90110804280	8476
14	-95.83760323160	40.97425804010	8477
14	-95.86089704290	41.00265051900	8478
14	-95.85953948020	41.03500285950	8479
14	-95.87880474120	41.06587125090	8480
14	-95.85827413140	41.10918702220	8481
14	-95.87668524920	41.16420241050	8482
14	-95.85980096120	41.16686504560	8483
14	-95.85919843700	41.18053687280	8484
14	-95.91610028510	41.19406383520	8485
14	-95.92224996500	41.20785395060	8486
14	-95.91098130120	41.22524509630	8487
14	-95.93023057200	41.30205676820	8488
14	-95.91120231970	41.30846907510	8489
14	-95.89759135910	41.28686303510	8490
14	-95.88910711760	41.30138906870	8491
14	-95.94289520170	41.34007711500	8492
14	-95.94005632060	41.39480543570	8493
14	-95.93506577910	41.46238137910	8494
14	-95.95318573050	41.47238720730	8495
14	-96.00689736530	41.48195453450	8496
14	-96.01345100340	41.49299408870	8497
14	-95.99668867360	41.51151774080	8498
14	-95.99396487160	41.52810363860	8499
14	-96.00459277290	41.53666366620	8500
14	-96.05017200280	41.52433514520	8501
14	-96.08584028880	41.53752244710	8502
14	-96.09193623320	41.56314516330	8503
14	-96.08083512540	41.57600030860	8504
14	-96.11130763390	41.59900633600	8505
14	-96.09930606920	41.65468037780	8506
14	-96.12026446190	41.68409485700	8507
14	-96.12220233970	41.69491307130	8508
14	-96.08555733970	41.70498728470	8509
14	-96.09977118040	41.73156366800	8510
14	-96.09932098310	41.75297509380	8511
14	-96.07641711810	41.79146907860	8512
14	-96.13562358350	41.86262083170	8513
14	-96.15997022210	41.90415138520	8514
14	-96.14587078480	41.92490708920	8515
14	-96.14732844180	41.96625450160	8516
14	-96.18521769030	41.98068547640	8517
14	-96.20284250960	41.99661560760	8518
14	-96.23609285990	42.00125809810	8519
14	-96.23872548060	42.02843816820	8520
14	-96.26548311600	42.04889695540	8521
14	-96.28512299770	42.12345267090	8522
14	-96.35216576150	42.16818540590	8523
14	-96.36351184310	42.21404248880	8524
14	-96.33770844290	42.22952231620	8525
14	-96.33265786110	42.26030713250	8526
14	-96.34288156420	42.28208169550	8527
14	-96.36870032110	42.29802372650	8528
14	-96.38978088180	42.32878967200	8529
14	-96.42417517630	42.34927888470	8530
14	-96.41176144870	42.38091799710	8531
14	-96.41762830760	42.41477745930	8532
14	-96.39789028300	42.44179310130	8533
14	-96.39607423270	42.46740127720	8534
14	-96.43939475100	42.48924083770	8535
16	-95.76747958520	40.58904799520	8536
16	-95.75754627920	40.62090440500	8537
16	-95.76799926230	40.64311732600	8538
16	-95.87661608380	40.73043628840	8539
16	-95.85179043530	40.79260002530	8540
16	-95.84643563180	40.84833220480	8541
16	-95.83439655940	40.87030080890	8542
16	-95.83654114440	40.90110804280	8543
16	-95.83760323160	40.97425804010	8544
16	-95.86089704290	41.00265051900	8545
16	-95.85953948020	41.03500285950	8546
16	-95.87880474120	41.06587125090	8547
16	-95.85827413140	41.10918702220	8548
16	-95.87668524920	41.16420241050	8549
16	-95.85980096120	41.16686504560	8550
16	-95.85919843700	41.18053687280	8551
16	-95.91610028510	41.19406383520	8552
16	-95.92224996500	41.20785395060	8553
16	-95.91098130120	41.22524509630	8554
16	-95.93023057200	41.30205676820	8555
16	-95.91120231970	41.30846907510	8556
16	-95.89759135910	41.28686303510	8557
16	-95.88910711760	41.30138906870	8558
16	-95.94289520170	41.34007711500	8559
16	-95.94005632060	41.39480543570	8560
16	-95.93506577910	41.46238137910	8561
16	-95.95318573050	41.47238720730	8562
16	-96.00689736530	41.48195453450	8563
16	-96.01345100340	41.49299408870	8564
16	-95.99668867360	41.51151774080	8565
16	-95.99396487160	41.52810363860	8566
16	-96.00459277290	41.53666366620	8567
16	-96.05017200280	41.52433514520	8568
16	-96.08584028880	41.53752244710	8569
16	-96.09193623320	41.56314516330	8570
16	-96.08083512540	41.57600030860	8571
16	-96.11130763390	41.59900633600	8572
16	-96.09930606920	41.65468037780	8573
16	-96.12026446190	41.68409485700	8574
16	-96.12220233970	41.69491307130	8575
16	-96.08555733970	41.70498728470	8576
16	-96.09977118040	41.73156366800	8577
16	-96.09932098310	41.75297509380	8578
16	-96.07641711810	41.79146907860	8579
16	-96.13562358350	41.86262083170	8580
16	-96.15997022210	41.90415138520	8581
16	-96.14587078480	41.92490708920	8582
16	-96.14732844180	41.96625450160	8583
16	-96.18521769030	41.98068547640	8584
16	-96.20284250960	41.99661560760	8585
16	-96.23609285990	42.00125809810	8586
16	-96.23872548060	42.02843816820	8587
16	-96.26548311600	42.04889695540	8588
16	-96.28512299770	42.12345267090	8589
16	-96.35216576150	42.16818540590	8590
16	-96.36351184310	42.21404248880	8591
16	-96.33770844290	42.22952231620	8592
16	-96.33265786110	42.26030713250	8593
16	-96.34288156420	42.28208169550	8594
16	-96.36870032110	42.29802372650	8595
16	-96.38978088180	42.32878967200	8596
16	-96.42417517630	42.34927888470	8597
16	-96.41176144870	42.38091799710	8598
16	-96.41762830760	42.41477745930	8599
16	-96.39789028300	42.44179310130	8600
16	-96.39607423270	42.46740127720	8601
16	-96.43939475100	42.48924083770	8602
14	-90.63845609640	42.50936368400	8603
14	-90.65189911070	42.49470057190	8604
14	-90.64847377380	42.47564701980	8605
14	-90.60595537040	42.46056459410	8606
14	-90.56371165110	42.42184368220	8607
14	-90.49117117430	42.38879146370	8608
14	-90.44172508030	42.36008363000	8609
14	-90.42780912330	42.34064495440	8610
14	-90.41811243590	42.26393913180	8611
14	-90.40730177210	42.24266175160	8612
14	-90.36785826780	42.21022667240	8613
14	-90.32372998960	42.19733741460	8614
14	-90.23106311280	42.15974148550	8615
14	-90.19170240600	42.12270993100	8616
14	-90.17621446370	42.12052423720	8617
14	-90.16677672230	42.10376691650	8618
14	-90.16822629600	42.06106676280	8619
14	-90.15066306020	42.03345320860	8620
14	-90.14279675030	41.98398952780	8621
14	-90.15464484510	41.93080213680	8622
14	-90.19596566520	41.80616699120	8623
14	-90.25543874080	41.78176904130	8624
14	-90.30501586220	41.75649708140	8625
14	-90.32615702330	41.72276795090	8626
14	-90.34126241060	41.64912226890	8627
14	-90.33947626390	41.60283148890	8628
14	-90.34849427680	41.58688241040	8629
14	-90.42313526380	41.56730541840	8630
14	-90.43509834610	41.54361258730	8631
14	-90.45512615440	41.52757955230	8632
14	-90.54097547720	41.52600346680	8633
14	-90.60083780290	41.50961880310	8634
14	-90.65892973750	41.46235070470	8635
14	-90.70835461300	41.45009365930	8636
14	-90.78004268320	41.44985255990	8637
14	-90.84428378230	41.44465253560	8638
14	-90.94980064990	41.42126384570	8639
14	-91.00084277070	41.43111274220	8640
14	-91.02763777620	41.42353647590	8641
14	-91.05593554170	41.40140730540	8642
14	-91.07342897260	41.33492537070	8643
14	-91.10249645620	41.26784818820	8644
14	-91.10167201920	41.23155199300	8645
14	-91.05646636020	41.17629025800	8646
14	-91.01840225050	41.16585774580	8647
14	-90.99048546570	41.14440461140	8648
14	-90.95792988920	41.10439325240	8649
14	-90.95479391030	41.07039732990	8650
14	-90.96085093420	40.95054158760	8651
14	-90.98341896940	40.92396496160	8652
14	-91.04935367360	40.87962334160	8653
14	-91.08905026960	40.83376748610	8654
14	-91.09289515260	40.76158710930	8655
14	-91.12013244580	40.70544308530	8656
14	-91.12930307500	40.68218897280	8657
14	-91.16264440350	40.65635236700	8658
14	-91.21505997860	40.64385944670	8659
14	-91.26221112090	40.63958693710	8660
14	-91.37576273000	40.60348024490	8661
14	-91.41127109010	40.57301261290	8662
14	-91.41302597330	40.54803456020	8663
14	-91.38225565220	40.52853833140	8664
14	-91.37494647810	40.50369762930	8665
14	-91.38555116550	40.44729404130	8666
14	-91.37290832260	40.40303258860	8667
14	-91.38590919840	40.39240488740	8668
14	-91.41896859130	40.38691926950	8669
14	-91.44874715640	40.37194661830	8670
27	-90.63845609640	42.50936368400	8671
27	-90.65189911070	42.49470057190	8672
27	-90.64847377380	42.47564701980	8673
27	-90.60595537040	42.46056459410	8674
27	-90.56371165110	42.42184368220	8675
27	-90.49117117430	42.38879146370	8676
27	-90.44172508030	42.36008363000	8677
27	-90.42780912330	42.34064495440	8678
27	-90.41811243590	42.26393913180	8679
27	-90.40730177210	42.24266175160	8680
27	-90.36785826780	42.21022667240	8681
27	-90.32372998960	42.19733741460	8682
27	-90.23106311280	42.15974148550	8683
27	-90.19170240600	42.12270993100	8684
27	-90.17621446370	42.12052423720	8685
27	-90.16677672230	42.10376691650	8686
27	-90.16822629600	42.06106676280	8687
27	-90.15066306020	42.03345320860	8688
27	-90.14279675030	41.98398952780	8689
27	-90.15464484510	41.93080213680	8690
27	-90.19596566520	41.80616699120	8691
27	-90.25543874080	41.78176904130	8692
27	-90.30501586220	41.75649708140	8693
27	-90.32615702330	41.72276795090	8694
27	-90.34126241060	41.64912226890	8695
27	-90.33947626390	41.60283148890	8696
27	-90.34849427680	41.58688241040	8697
27	-90.42313526380	41.56730541840	8698
27	-90.43509834610	41.54361258730	8699
27	-90.45512615440	41.52757955230	8700
27	-90.54097547720	41.52600346680	8701
27	-90.60083780290	41.50961880310	8702
27	-90.65892973750	41.46235070470	8703
27	-90.70835461300	41.45009365930	8704
27	-90.78004268320	41.44985255990	8705
27	-90.84428378230	41.44465253560	8706
27	-90.94980064990	41.42126384570	8707
27	-91.00084277070	41.43111274220	8708
27	-91.02763777620	41.42353647590	8709
27	-91.05593554170	41.40140730540	8710
27	-91.07342897260	41.33492537070	8711
27	-91.10249645620	41.26784818820	8712
27	-91.10167201920	41.23155199300	8713
27	-91.05646636020	41.17629025800	8714
27	-91.01840225050	41.16585774580	8715
27	-90.99048546570	41.14440461140	8716
27	-90.95792988920	41.10439325240	8717
27	-90.95479391030	41.07039732990	8718
27	-90.96085093420	40.95054158760	8719
27	-90.98341896940	40.92396496160	8720
27	-91.04935367360	40.87962334160	8721
27	-91.08905026960	40.83376748610	8722
27	-91.09289515260	40.76158710930	8723
27	-91.12013244580	40.70544308530	8724
27	-91.12930307500	40.68218897280	8725
27	-91.16264440350	40.65635236700	8726
27	-91.21505997860	40.64385944670	8727
27	-91.26221112090	40.63958693710	8728
27	-91.37576273000	40.60348024490	8729
27	-91.41127109010	40.57301261290	8730
27	-91.41302597330	40.54803456020	8731
27	-91.38225565220	40.52853833140	8732
27	-91.37494647810	40.50369762930	8733
27	-91.38555116550	40.44729404130	8734
27	-91.37290832260	40.40303258860	8735
27	-91.38590919840	40.39240488740	8736
27	-91.41896859130	40.38691926950	8737
27	-91.44874715640	40.37194661830	8738
8	-87.79738195620	42.48915284950	8739
8	-88.19479026570	42.48963154880	8740
8	-88.29798928420	42.49198866200	8741
8	-88.70662309650	42.48967147900	8742
8	-88.76505788320	42.49092236380	8743
8	-88.93918704920	42.49087977060	8744
8	-89.35955888340	42.49791784140	8745
8	-89.40061319970	42.49750195360	8746
8	-89.83473894840	42.50346856630	8747
8	-89.92369141560	42.50411586510	8748
8	-90.42010292620	42.50836496460	8749
8	-90.63845609640	42.50936368400	8750
27	-87.79738195620	42.48915284950	8751
27	-88.19479026570	42.48963154880	8752
27	-88.29798928420	42.49198866200	8753
27	-88.70662309650	42.48967147900	8754
27	-88.76505788320	42.49092236380	8755
27	-88.93918704920	42.49087977060	8756
27	-89.35955888340	42.49791784140	8757
27	-89.40061319970	42.49750195360	8758
27	-89.83473894840	42.50346856630	8759
27	-89.92369141560	42.50411586510	8760
27	-90.42010292620	42.50836496460	8761
27	-90.63845609640	42.50936368400	8762
15	-73.48423028450	42.04742805010	8763
15	-73.49884000270	42.07746068310	8764
15	-73.35082423700	42.50475575980	8765
15	-73.25805982880	42.74605864010	8766
17	-73.48423028450	42.04742805010	8767
17	-73.49884000270	42.07746068310	8768
17	-73.35082423700	42.50475575980	8769
17	-73.25805982880	42.74605864010	8770
10	-72.45577000390	42.72585252910	8771
10	-72.92299742920	42.73736447620	8772
10	-73.01969517380	42.74039667860	8773
10	-73.25805982880	42.74605864010	8774
15	-72.45577000390	42.72585252910	8775
15	-72.92299742920	42.73736447620	8776
15	-73.01969517380	42.74039667860	8777
15	-73.25805982880	42.74605864010	8778
15	-70.81388072030	42.86706497210	8779
15	-70.73969543000	42.66352355350	8780
15	-70.59319925010	42.64630510000	8781
15	-70.63345204650	42.58264213450	8782
15	-70.81312837940	42.54643643500	8783
15	-70.89360391900	42.44806811910	8784
15	-70.96062201410	42.43239352350	8785
15	-71.03416194900	42.28562880970	8786
15	-70.92320413760	42.23451701340	8787
15	-70.89267103050	42.26576686520	8788
15	-70.82466090580	42.26050693270	8789
15	-70.77459547590	42.24863994230	8790
15	-70.68603725170	42.15316659600	8791
15	-70.61870300780	41.96818981230	8792
15	-70.54033851740	41.93095152170	8793
15	-70.53770480600	41.80576200610	8794
15	-70.42351172100	41.74362238500	8795
15	-70.27383413300	41.72166301750	8796
15	-70.34112719770	41.71181308630	8797
15	-70.20525962150	41.71257328930	8798
15	-70.01921467760	41.78151934520	8799
15	-70.00044794740	41.85635040710	8800
15	-70.10049724940	42.00219387080	8801
15	-70.25514815980	42.06011926600	8802
15	-70.13509049700	42.07249409050	8803
15	-70.05047098790	42.02629871260	8804
15	-69.96417067780	41.90409417310	8805
15	-69.91777979850	41.76765379600	8806
15	-69.95442326440	41.67149511440	8807
15	-70.39761661380	41.61257159080	8808
15	-70.43291891920	41.56975590010	8809
15	-70.63713909630	41.53980468030	8810
15	-70.66488780210	41.55612710660	8811
15	-70.61976088350	41.73563619190	8812
15	-70.83943068080	41.62669194150	8813
15	-70.89212844370	41.63391259180	8814
15	-71.00118478680	41.52012410350	8815
15	-71.11713271550	41.49306195630	8816
13	-70.89811166670	42.88687747630	8817
13	-70.92133613330	42.88514923320	8818
13	-71.02542615730	42.85117136510	8819
13	-71.06556472800	42.80431972910	8820
13	-71.12060441000	42.81828086930	8821
13	-71.18106084330	42.80731716890	8822
13	-71.18634746650	42.73876062660	8823
13	-71.24047922290	42.74355524040	8824
13	-71.25241157960	42.72606892210	8825
13	-71.28719444760	42.69860344650	8826
13	-71.90094191420	42.70537861500	8827
13	-71.93021658460	42.70720942000	8828
13	-72.27991691740	42.72046703780	8829
13	-72.45577000390	42.72585252910	8830
15	-70.89811166670	42.88687747630	8831
15	-70.92133613330	42.88514923320	8832
15	-71.02542615730	42.85117136510	8833
15	-71.06556472800	42.80431972910	8834
15	-71.12060441000	42.81828086930	8835
15	-71.18106084330	42.80731716890	8836
15	-71.18634746650	42.73876062660	8837
15	-71.24047922290	42.74355524040	8838
15	-71.25241157960	42.72606892210	8839
15	-71.28719444760	42.69860344650	8840
15	-71.90094191420	42.70537861500	8841
15	-71.93021658460	42.70720942000	8842
15	-72.27991691740	42.72046703780	8843
15	-72.45577000390	42.72585252910	8844
13	-70.81388072030	42.86706497210	8845
13	-70.84973977620	42.86342930100	8846
13	-70.89811166670	42.88687747630	8847
15	-70.81388072030	42.86706497210	8848
15	-70.84973977620	42.86342930100	8849
15	-70.89811166670	42.88687747630	8850
6	-96.43939475100	42.48924083770	8851
6	-96.49470151050	42.48845921750	8852
6	-96.54721557270	42.52049932350	8853
6	-96.58475304900	42.51828721970	8854
6	-96.60546730410	42.50723629160	8855
6	-96.62929448000	42.52269367800	8856
6	-96.63667237630	42.55073175920	8857
6	-96.71405970790	42.61230203250	8858
6	-96.71527289210	42.62190747660	8859
6	-96.69459677730	42.64116378640	8860
6	-96.69906022200	42.65771584970	8861
6	-96.72265874760	42.66859195580	8862
6	-96.79934397880	42.67001916860	8863
6	-96.81043750000	42.68134121420	8864
6	-96.81014011450	42.70408446260	8865
6	-96.90823382490	42.73169896980	8866
6	-96.97077348180	42.72114749620	8867
6	-96.97786899660	42.72730819460	8868
6	-96.97000293470	42.75206543200	8869
6	-96.97959336610	42.75831375730	8870
6	-97.01513967010	42.75954204650	8871
6	-97.13046924560	42.77392335750	8872
6	-97.16142276170	42.79861940590	8873
6	-97.21183172640	42.81257352790	8874
6	-97.22444357570	42.84120253200	8875
6	-97.24318956490	42.85182642580	8876
6	-97.27145753540	42.85001463670	8877
6	-97.31141433940	42.86177167960	8878
6	-97.38930603350	42.86743316590	8879
6	-97.45726378410	42.85044310270	8880
6	-97.48315902910	42.85715708990	8881
6	-97.50613189430	42.86013647390	8882
6	-97.57065414040	42.84799073660	8883
6	-97.63497050080	42.86128496000	8884
6	-97.68575200130	42.83683701860	8885
6	-97.72524981690	42.85800837610	8886
6	-97.77218644670	42.84616398200	8887
6	-97.79702832840	42.84959713630	8888
6	-97.81864299300	42.86658747800	8889
6	-97.88865941870	42.85580728750	8890
6	-97.88994103890	42.83127163590	8891
6	-97.92947722320	42.79232436880	8892
6	-97.96355840050	42.77368999200	8893
6	-97.99514477900	42.76681227820	8894
6	-98.03314038300	42.76919233580	8895
6	-98.12181986030	42.80836013390	8896
6	-98.12311692330	42.82022359340	8897
6	-98.14486904620	42.83579471900	8898
6	-98.16782662350	42.83957103260	8899
6	-98.31033957470	42.88179476060	8900
6	-98.39120469510	42.92013586270	8901
6	-98.45744405400	42.93716077880	8902
6	-98.49765138470	42.99177879840	8903
6	-99.25397171120	42.99238947340	8904
6	-99.53279032850	42.99233496330	8905
6	-100.19814213200	42.99109501860	8906
6	-101.23173719900	42.98684295910	8907
6	-102.08670092700	42.98988702550	8908
6	-102.78838457000	42.99530357570	8909
16	-96.43939475100	42.48924083770	8910
16	-96.49470151050	42.48845921750	8911
16	-96.54721557270	42.52049932350	8912
16	-96.58475304900	42.51828721970	8913
16	-96.60546730410	42.50723629160	8914
16	-96.62929448000	42.52269367800	8915
16	-96.63667237630	42.55073175920	8916
16	-96.71405970790	42.61230203250	8917
16	-96.71527289210	42.62190747660	8918
16	-96.69459677730	42.64116378640	8919
16	-96.69906022200	42.65771584970	8920
16	-96.72265874760	42.66859195580	8921
16	-96.79934397880	42.67001916860	8922
16	-96.81043750000	42.68134121420	8923
16	-96.81014011450	42.70408446260	8924
16	-96.90823382490	42.73169896980	8925
16	-96.97077348180	42.72114749620	8926
16	-96.97786899660	42.72730819460	8927
16	-96.97000293470	42.75206543200	8928
16	-96.97959336610	42.75831375730	8929
16	-97.01513967010	42.75954204650	8930
16	-97.13046924560	42.77392335750	8931
16	-97.16142276170	42.79861940590	8932
16	-97.21183172640	42.81257352790	8933
16	-97.22444357570	42.84120253200	8934
16	-97.24318956490	42.85182642580	8935
16	-97.27145753540	42.85001463670	8936
16	-97.31141433940	42.86177167960	8937
16	-97.38930603350	42.86743316590	8938
16	-97.45726378410	42.85044310270	8939
16	-97.48315902910	42.85715708990	8940
16	-97.50613189430	42.86013647390	8941
16	-97.57065414040	42.84799073660	8942
16	-97.63497050080	42.86128496000	8943
16	-97.68575200130	42.83683701860	8944
16	-97.72524981690	42.85800837610	8945
16	-97.77218644670	42.84616398200	8946
16	-97.79702832840	42.84959713630	8947
16	-97.81864299300	42.86658747800	8948
16	-97.88865941870	42.85580728750	8949
16	-97.88994103890	42.83127163590	8950
16	-97.92947722320	42.79232436880	8951
16	-97.96355840050	42.77368999200	8952
16	-97.99514477900	42.76681227820	8953
16	-98.03314038300	42.76919233580	8954
16	-98.12181986030	42.80836013390	8955
16	-98.12311692330	42.82022359340	8956
16	-98.14486904620	42.83579471900	8957
16	-98.16782662350	42.83957103260	8958
16	-98.31033957470	42.88179476060	8959
16	-98.39120469510	42.92013586270	8960
16	-98.45744405400	42.93716077880	8961
16	-98.49765138470	42.99177879840	8962
16	-99.25397171120	42.99238947340	8963
16	-99.53279032850	42.99233496330	8964
16	-100.19814213200	42.99109501860	8965
16	-101.23173719900	42.98684295910	8966
16	-102.08670092700	42.98988702550	8967
16	-102.78838457000	42.99530357570	8968
7	-104.05619885600	43.00306235640	8969
7	-104.05621938000	42.61466968660	8970
7	-104.05351341400	41.99981534230	8971
7	-104.05361520000	41.69821825770	8972
7	-104.05550052000	41.56422236780	8973
7	-104.05401236400	41.38808581900	8974
7	-104.05170553500	41.00321132690	8975
16	-104.05619885600	43.00306235640	8976
16	-104.05621938000	42.61466968660	8977
16	-104.05351341400	41.99981534230	8978
16	-104.05361520000	41.69821825770	8979
16	-104.05550052000	41.56422236780	8980
16	-104.05401236400	41.38808581900	8981
16	-104.05170553500	41.00321132690	8982
6	-102.78838457000	42.99530357570	8983
6	-103.00587523700	42.99935393010	8984
6	-103.50146385300	42.99861883030	8985
6	-104.05619885600	43.00306235640	8986
16	-102.78838457000	42.99530357570	8987
16	-103.00587523700	42.99935393010	8988
16	-103.50146385300	42.99861883030	8989
16	-104.05619885600	43.00306235640	8990
13	-70.81866815830	43.12187109160	8991
13	-70.88474831940	43.12770660810	8992
13	-70.87463095790	43.10152700610	8993
13	-70.90541607610	43.08402134090	8994
13	-70.88649417470	43.05888323530	8995
13	-70.81042761080	43.08974062350	8996
13	-70.73413885860	43.05876292990	8997
13	-70.81388072030	42.86706497210	8998
6	-96.46045470780	43.49971847570	8999
6	-96.59831542820	43.49984909760	9000
6	-96.58379589780	43.48192055360	9001
6	-96.58911295060	43.43553912620	9002
6	-96.55770871700	43.40072722590	9003
6	-96.52505354130	43.38422529100	9004
6	-96.52289387440	43.35696631950	9005
6	-96.54056327350	43.30765913970	9006
6	-96.57913082990	43.29007403070	9007
6	-96.57072249660	43.26361229150	9008
6	-96.55956777210	43.25326331820	9009
6	-96.56699110710	43.23963379100	9010
6	-96.55860577020	43.22548922700	9011
6	-96.48724516900	43.21790926970	9012
6	-96.47311457010	43.20908212960	9013
6	-96.45150508810	43.12630877330	9014
6	-96.46080481630	43.08787285930	9015
6	-96.46209394200	43.07558220240	9016
6	-96.47957324790	43.06188405680	9017
6	-96.52001038580	43.05150866450	9018
6	-96.49901999580	43.01205010650	9019
6	-96.51714781950	42.98645809060	9020
6	-96.51493505200	42.95238208150	9021
6	-96.54426346170	42.91386634070	9022
6	-96.53751108900	42.89690645600	9023
6	-96.55621119910	42.84666066090	9024
6	-96.57312614070	42.83434738230	9025
6	-96.58764543720	42.83538139450	9026
6	-96.60087506120	42.79955862660	9027
6	-96.63298055980	42.77683560210	9028
6	-96.64070919210	42.74860381810	9029
6	-96.62654078040	42.70835472380	9030
6	-96.56303923910	42.66851303000	9031
6	-96.54116509720	42.66240536610	9032
6	-96.51284402010	42.62975509040	9033
6	-96.48849818450	42.58048065390	9034
6	-96.50094203470	42.57388518520	9035
6	-96.48933750110	42.56402797180	9036
6	-96.48024324420	42.51713030490	9037
6	-96.43939475100	42.48924083770	9038
14	-96.46045470780	43.49971847570	9039
14	-96.59831542820	43.49984909760	9040
14	-96.58379589780	43.48192055360	9041
14	-96.58911295060	43.43553912620	9042
14	-96.55770871700	43.40072722590	9043
14	-96.52505354130	43.38422529100	9044
14	-96.52289387440	43.35696631950	9045
14	-96.54056327350	43.30765913970	9046
14	-96.57913082990	43.29007403070	9047
14	-96.57072249660	43.26361229150	9048
14	-96.55956777210	43.25326331820	9049
14	-96.56699110710	43.23963379100	9050
14	-96.55860577020	43.22548922700	9051
14	-96.48724516900	43.21790926970	9052
14	-96.47311457010	43.20908212960	9053
14	-96.45150508810	43.12630877330	9054
14	-96.46080481630	43.08787285930	9055
14	-96.46209394200	43.07558220240	9056
14	-96.47957324790	43.06188405680	9057
14	-96.52001038580	43.05150866450	9058
14	-96.49901999580	43.01205010650	9059
14	-96.51714781950	42.98645809060	9060
14	-96.51493505200	42.95238208150	9061
14	-96.54426346170	42.91386634070	9062
14	-96.53751108900	42.89690645600	9063
14	-96.55621119910	42.84666066090	9064
14	-96.57312614070	42.83434738230	9065
14	-96.58764543720	42.83538139450	9066
14	-96.60087506120	42.79955862660	9067
14	-96.63298055980	42.77683560210	9068
14	-96.64070919210	42.74860381810	9069
14	-96.62654078040	42.70835472380	9070
14	-96.56303923910	42.66851303000	9071
14	-96.54116509720	42.66240536610	9072
14	-96.51284402010	42.62975509040	9073
14	-96.48849818450	42.58048065390	9074
14	-96.50094203470	42.57388518520	9075
14	-96.48933750110	42.56402797180	9076
14	-96.48024324420	42.51713030490	9077
14	-96.43939475100	42.48924083770	9078
11	-91.22356677970	43.50080865950	9079
11	-91.61109897490	43.50062618530	9080
11	-91.73036616530	43.49957176060	9081
14	-91.22356677970	43.50080865950	9082
14	-91.61109897490	43.50062618530	9083
14	-91.73036616530	43.49957176060	9084
8	-90.63845609640	42.50936368400	9085
8	-90.62570743480	42.52856228380	9086
8	-90.63921902910	42.55571411700	9087
8	-90.66438062720	42.57139180800	9088
8	-90.69479111310	42.63792876710	9089
8	-90.74561006960	42.65700143030	9090
8	-90.89254566520	42.67824005470	9091
8	-90.91940895700	42.68067742900	9092
8	-90.99918211310	42.70705876270	9093
8	-91.06616869540	42.74491385440	9094
8	-91.08203032550	42.78336488020	9095
8	-91.09342868780	42.87144029600	9096
8	-91.13912173780	42.92589370740	9097
8	-91.15221381350	43.00131641330	9098
8	-91.15975182050	43.08118276420	9099
8	-91.16857153420	43.08288789280	9100
8	-91.16135406500	43.14757592910	9101
8	-91.06905228840	43.25789822750	9102
8	-91.06642790040	43.28068290260	9103
8	-91.07849803000	43.31329780770	9104
8	-91.17704873370	43.35394616190	9105
8	-91.19824362440	43.37051299090	9106
8	-91.21091657890	43.42405105170	9107
8	-91.23590346740	43.46468426750	9108
8	-91.22356677970	43.50080865950	9109
14	-90.63845609640	42.50936368400	9110
14	-90.62570743480	42.52856228380	9111
14	-90.63921902910	42.55571411700	9112
14	-90.66438062720	42.57139180800	9113
14	-90.69479111310	42.63792876710	9114
14	-90.74561006960	42.65700143030	9115
14	-90.89254566520	42.67824005470	9116
14	-90.91940895700	42.68067742900	9117
14	-90.99918211310	42.70705876270	9118
14	-91.06616869540	42.74491385440	9119
14	-91.08203032550	42.78336488020	9120
14	-91.09342868780	42.87144029600	9121
14	-91.13912173780	42.92589370740	9122
14	-91.15221381350	43.00131641330	9123
14	-91.15975182050	43.08118276420	9124
14	-91.16857153420	43.08288789280	9125
14	-91.16135406500	43.14757592910	9126
14	-91.06905228840	43.25789822750	9127
14	-91.06642790040	43.28068290260	9128
14	-91.07849803000	43.31329780770	9129
14	-91.17704873370	43.35394616190	9130
14	-91.19824362440	43.37051299090	9131
14	-91.21091657890	43.42405105170	9132
14	-91.23590346740	43.46468426750	9133
14	-91.22356677970	43.50080865950	9134
11	-91.73036616530	43.49957176060	9135
11	-92.07753252300	43.49915351400	9136
11	-92.45316911220	43.49946191440	9137
11	-92.55800842580	43.50025950220	9138
11	-93.02721082940	43.50127886360	9139
11	-93.05438030440	43.50145743400	9140
11	-93.50083020250	43.50048848290	9141
11	-93.65369946680	43.50076269890	9142
11	-93.97394980410	43.50029885110	9143
11	-94.24678739110	43.49894847430	9144
11	-94.45523828940	43.49810209240	9145
11	-94.85983927630	43.50003040520	9146
11	-94.92046468390	43.49937124480	9147
11	-95.39655859010	43.50033403650	9148
11	-95.46477535860	43.49954102170	9149
11	-95.86691200020	43.49894397700	9150
11	-96.06103950140	43.49853369750	9151
11	-96.46045470780	43.49971847570	9152
14	-91.73036616530	43.49957176060	9153
14	-92.07753252300	43.49915351400	9154
14	-92.45316911220	43.49946191440	9155
14	-92.55800842580	43.50025950220	9156
14	-93.02721082940	43.50127886360	9157
14	-93.05438030440	43.50145743400	9158
14	-93.50083020250	43.50048848290	9159
14	-93.65369946680	43.50076269890	9160
14	-93.97394980410	43.50029885110	9161
14	-94.24678739110	43.49894847430	9162
14	-94.45523828940	43.49810209240	9163
14	-94.85983927630	43.50003040520	9164
14	-94.92046468390	43.49937124480	9165
14	-95.39655859010	43.50033403650	9166
14	-95.46477535860	43.49954102170	9167
14	-95.86691200020	43.49894397700	9168
14	-96.06103950140	43.49853369750	9169
14	-96.46045470780	43.49971847570	9170
4	-68.30470509230	44.29003144360	9171
4	-68.32071170370	44.22507947310	9172
4	-68.40289032450	44.27080145690	9173
4	-68.38792098940	44.37725307090	9174
4	-68.35025376510	44.39895095130	9175
4	-68.35544950530	44.42885777490	9176
4	-68.23870921610	44.43756333620	9177
4	-68.16476878680	44.33449572750	9178
4	-68.30470509230	44.29003144360	9179
7	-111.04869741400	41.99620334940	9180
7	-111.04678032800	42.50325187050	9181
7	-111.04921566500	43.01988309030	9182
7	-111.04749820200	43.28473462900	9183
7	-111.04677118100	43.51552823230	9184
7	-111.05040517300	43.98255335080	9185
7	-111.05156065100	44.47332326430	9186
9	-111.04869741400	41.99620334940	9187
9	-111.04678032800	42.50325187050	9188
9	-111.04921566500	43.01988309030	9189
9	-111.04749820200	43.28473462900	9190
9	-111.04677118100	43.51552823230	9191
9	-111.05040517300	43.98255335080	9192
9	-111.05156065100	44.47332326430	9193
3	-111.05156065100	44.47332326430	9194
3	-111.09463055300	44.48612444210	9195
3	-111.12891863400	44.50075694830	9196
3	-111.13435894100	44.52790243520	9197
3	-111.17024189600	44.54518613520	9198
3	-111.17876452200	44.56485090250	9199
3	-111.21950750600	44.57316992490	9200
3	-111.23423316500	44.60256219780	9201
3	-111.21979779800	44.61798169650	9202
3	-111.22397134200	44.62690810750	9203
3	-111.27066548000	44.64221206660	9204
3	-111.27020792300	44.67380199720	9205
3	-111.29566841700	44.68293801060	9206
3	-111.31547536700	44.70519302330	9207
3	-111.31922172700	44.72786403980	9208
3	-111.34997717400	44.72617756790	9209
3	-111.37230953600	44.74508704290	9210
3	-111.38495958500	44.73769390870	9211
3	-111.39508404800	44.70886951120	9212
3	-111.44363207900	44.71317961860	9213
3	-111.47542511300	44.70216222600	9214
9	-111.05156065100	44.47332326430	9215
9	-111.09463055300	44.48612444210	9216
9	-111.12891863400	44.50075694830	9217
9	-111.13435894100	44.52790243520	9218
9	-111.17024189600	44.54518613520	9219
9	-111.17876452200	44.56485090250	9220
9	-111.21950750600	44.57316992490	9221
9	-111.23423316500	44.60256219780	9222
9	-111.21979779800	44.61798169650	9223
9	-111.22397134200	44.62690810750	9224
9	-111.27066548000	44.64221206660	9225
9	-111.27020792300	44.67380199720	9226
9	-111.29566841700	44.68293801060	9227
9	-111.31547536700	44.70519302330	9228
9	-111.31922172700	44.72786403980	9229
9	-111.34997717400	44.72617756790	9230
9	-111.37230953600	44.74508704290	9231
9	-111.38495958500	44.73769390870	9232
9	-111.39508404800	44.70886951120	9233
9	-111.44363207900	44.71317961860	9234
9	-111.47542511300	44.70216222600	9235
6	-104.05619885600	43.00306235640	9236
6	-104.05915750700	43.47913394180	9237
6	-104.05791394300	43.50371226210	9238
6	-104.05947942000	43.85290656750	9239
6	-104.05973138200	44.14582546880	9240
6	-104.06103614100	44.18182528440	9241
6	-104.05946513000	44.57435261000	9242
6	-104.05984239500	44.99733626160	9243
7	-104.05619885600	43.00306235640	9244
7	-104.05915750700	43.47913394180	9245
7	-104.05791394300	43.50371226210	9246
7	-104.05947942000	43.85290656750	9247
7	-104.05973138200	44.14582546880	9248
7	-104.06103614100	44.18182528440	9249
7	-104.05946513000	44.57435261000	9250
7	-104.05984239500	44.99733626160	9251
3	-104.05984239500	44.99733626160	9252
3	-105.04179598800	45.00107587460	9253
3	-105.08500310700	44.99981704690	9254
3	-106.02115070200	44.99721370210	9255
3	-106.25923171800	44.99616251100	9256
3	-107.89437435800	44.99977369860	9257
3	-108.25923850100	45.00011515020	9258
3	-108.62525622200	44.99759316550	9259
3	-109.79938537500	44.99952276760	9260
3	-109.99552921500	45.00279292570	9261
3	-110.39275990600	44.99862528800	9262
3	-110.42964949000	44.99228511690	9263
3	-111.05342863000	44.99569549380	9264
3	-111.05161581400	44.66449046310	9265
3	-111.05156065100	44.47332326430	9266
7	-104.05984239500	44.99733626160	9267
7	-105.04179598800	45.00107587460	9268
7	-105.08500310700	44.99981704690	9269
7	-106.02115070200	44.99721370210	9270
7	-106.25923171800	44.99616251100	9271
7	-107.89437435800	44.99977369860	9272
7	-108.25923850100	45.00011515020	9273
7	-108.62525622200	44.99759316550	9274
7	-109.79938537500	44.99952276760	9275
7	-109.99552921500	45.00279292570	9276
7	-110.39275990600	44.99862528800	9277
7	-110.42964949000	44.99228511690	9278
7	-111.05342863000	44.99569549380	9279
7	-111.05161581400	44.66449046310	9280
7	-111.05156065100	44.47332326430	9281
17	-79.76323496540	42.26732708840	9282
17	-79.44402037010	42.41936145950	9283
17	-79.35488385350	42.49346182080	9284
17	-79.14223330220	42.57461674840	9285
17	-79.04375196050	42.69924677810	9286
17	-78.85919982340	42.79274514450	9287
17	-78.93655137600	42.97423143940	9288
17	-78.88279324000	43.02235763220	9289
17	-78.92559636400	43.06662669530	9290
17	-79.06111475560	43.09060502250	9291
17	-79.03932531990	43.14473915850	9292
17	-79.06223899260	43.26821616300	9293
17	-78.46465371730	43.37199355890	9294
17	-77.99200931800	43.36557162610	9295
17	-77.74500743020	43.33517008030	9296
17	-77.57571151650	43.24154767180	9297
17	-77.37731588740	43.27571290130	9298
17	-76.91452750900	43.27859600970	9299
17	-76.73682949310	43.34273317170	9300
17	-76.71847162260	43.32344242520	9301
17	-76.61962796800	43.41415274580	9302
17	-76.45465571370	43.50072099760	9303
17	-76.22276471110	43.55415378270	9304
17	-76.18457041210	43.63319736680	9305
17	-76.20566635910	43.68270003310	9306
17	-76.23999177650	43.83512726520	9307
17	-76.19371845730	43.91249034830	9308
17	-76.12906593410	43.93220804990	9309
17	-76.13452232320	44.01322892760	9310
17	-76.20154253850	44.06559810850	9311
17	-76.29688293560	44.04201712760	9312
17	-76.36288097720	44.09835479550	9313
17	-75.84802982500	44.39026269430	9314
17	-75.75865750280	44.51753353780	9315
17	-75.32886237430	44.81062920000	9316
17	-74.96846961730	44.94862513370	9317
17	-74.73610762850	44.99291620590	9318
17	-74.02153893380	44.99084737000	9319
17	-73.34472348690	45.00613879460	9320
10	-73.25805982880	42.74605864010	9321
10	-73.26927531690	42.74748143300	9322
10	-73.29616975720	42.80354936480	9323
10	-73.27958319990	42.83710332750	9324
10	-73.27600528900	42.94029411930	9325
10	-73.25007144360	43.31085399070	9326
10	-73.23839135890	43.51283284940	9327
10	-73.25998379380	43.55938233950	9328
10	-73.29140249690	43.57503357050	9329
10	-73.28173626820	43.59318724960	9330
10	-73.29410430070	43.61965287570	9331
10	-73.30353451690	43.62471481290	9332
10	-73.36368556160	43.61499886800	9333
10	-73.38811421920	43.56914365830	9334
10	-73.41831984170	43.58247938600	9335
10	-73.42295985430	43.63211472900	9336
10	-73.37098938460	43.71428111670	9337
10	-73.35666967660	43.75655834060	9338
10	-73.35899716810	43.77842756870	9339
10	-73.38473990180	43.80450797170	9340
10	-73.37512078510	43.88597695010	9341
10	-73.40533452870	43.91480758690	9342
10	-73.41740613010	43.98819694580	9343
10	-73.40825130230	44.01822190140	9344
10	-73.43600071130	44.04567919040	9345
10	-73.43521527800	44.06389780240	9346
10	-73.40875683070	44.10661035360	9347
10	-73.40786483050	44.13622703930	9348
10	-73.38206233640	44.17210761210	9349
10	-73.37733262550	44.20124751710	9350
10	-73.30532566650	44.26014225760	9351
10	-73.32978809300	44.36739046810	9352
10	-73.29999516300	44.40553316450	9353
10	-73.29331974450	44.43285357840	9354
10	-73.33445249400	44.54432824630	9355
10	-73.34781198400	44.55397154570	9356
10	-73.37129602980	44.57916695690	9357
10	-73.38182510370	44.61980772550	9358
10	-73.37013669140	44.63434906460	9359
10	-73.37309713640	44.66127635630	9360
10	-73.35815095610	44.68036856450	9361
10	-73.37315857500	44.72423643670	9362
10	-73.32678631940	44.79929357100	9363
10	-73.36905412810	44.81911790220	9364
10	-73.38230675940	44.84793361880	9365
10	-73.33641467890	44.93260393080	9366
10	-73.35075838710	44.98197295130	9367
10	-73.34472348690	45.00613879460	9368
17	-73.25805982880	42.74605864010	9369
17	-73.26927531690	42.74748143300	9370
17	-73.29616975720	42.80354936480	9371
17	-73.27958319990	42.83710332750	9372
17	-73.27600528900	42.94029411930	9373
17	-73.25007144360	43.31085399070	9374
17	-73.23839135890	43.51283284940	9375
17	-73.25998379380	43.55938233950	9376
17	-73.29140249690	43.57503357050	9377
17	-73.28173626820	43.59318724960	9378
17	-73.29410430070	43.61965287570	9379
17	-73.30353451690	43.62471481290	9380
17	-73.36368556160	43.61499886800	9381
17	-73.38811421920	43.56914365830	9382
17	-73.41831984170	43.58247938600	9383
17	-73.42295985430	43.63211472900	9384
17	-73.37098938460	43.71428111670	9385
17	-73.35666967660	43.75655834060	9386
17	-73.35899716810	43.77842756870	9387
17	-73.38473990180	43.80450797170	9388
17	-73.37512078510	43.88597695010	9389
17	-73.40533452870	43.91480758690	9390
17	-73.41740613010	43.98819694580	9391
17	-73.40825130230	44.01822190140	9392
17	-73.43600071130	44.04567919040	9393
17	-73.43521527800	44.06389780240	9394
17	-73.40875683070	44.10661035360	9395
17	-73.40786483050	44.13622703930	9396
17	-73.38206233640	44.17210761210	9397
17	-73.37733262550	44.20124751710	9398
17	-73.30532566650	44.26014225760	9399
17	-73.32978809300	44.36739046810	9400
17	-73.29999516300	44.40553316450	9401
17	-73.29331974450	44.43285357840	9402
17	-73.33445249400	44.54432824630	9403
17	-73.34781198400	44.55397154570	9404
17	-73.37129602980	44.57916695690	9405
17	-73.38182510370	44.61980772550	9406
17	-73.37013669140	44.63434906460	9407
17	-73.37309713640	44.66127635630	9408
17	-73.35815095610	44.68036856450	9409
17	-73.37315857500	44.72423643670	9410
17	-73.32678631940	44.79929357100	9411
17	-73.36905412810	44.81911790220	9412
17	-73.38230675940	44.84793361880	9413
17	-73.33641467890	44.93260393080	9414
17	-73.35075838710	44.98197295130	9415
17	-73.34472348690	45.00613879460	9416
10	-73.34472348690	45.00613879460	9417
10	-73.18854578470	45.00848614450	9418
10	-72.54723117080	45.00537010420	9419
10	-71.90186875610	45.00733987380	9420
10	-71.50537230060	45.01335171630	9421
10	-71.50537230060	45.01335171630	9422
10	-71.54092709670	44.97656320620	9423
10	-71.51697760770	44.94369613320	9424
10	-71.50636496060	44.89967118600	9425
10	-71.57510091240	44.81601979760	9426
10	-71.58350120910	44.77919699590	9427
10	-71.63113285270	44.74171076070	9428
10	-71.60767872980	44.67786229390	9429
10	-71.58874934750	44.65059948700	9430
10	-71.56802715160	44.63744680820	9431
10	-71.55410263520	44.59658891300	9432
10	-71.53679081780	44.57893126310	9433
10	-71.59228841130	44.55120310680	9434
10	-71.59144138860	44.53887440080	9435
10	-71.57524354480	44.52580568920	9436
10	-71.58661898080	44.49453756940	9437
10	-71.61422276910	44.47450704270	9438
10	-71.63655472180	44.47673090140	9439
10	-71.64770916140	44.46917414600	9440
10	-71.65639900240	44.44013736120	9441
10	-71.67688436320	44.42134274030	9442
10	-71.76657025940	44.39824880470	9443
10	-71.79772919080	44.38417281300	9444
10	-71.82119730840	44.35036004540	9445
10	-71.83481598040	44.34419941290	9446
10	-71.92836175270	44.33611218510	9447
10	-71.93890565800	44.32578600340	9448
10	-71.99443351090	44.32754820230	9449
10	-72.03549537540	44.29943431310	9450
10	-72.05956600470	44.26149409120	9451
10	-72.04439038040	44.23437984410	9452
10	-72.05928224610	44.18217662910	9453
10	-72.04472455380	44.15643556660	9454
10	-72.03491985240	44.12074592880	9455
10	-72.04951483420	44.10045209450	9456
10	-72.03244737470	44.09609961920	9457
10	-72.03472836500	44.08337401830	9458
10	-72.07691904410	44.03204059860	9459
10	-72.08520438140	44.00892398620	9460
10	-72.10990876700	43.98922911350	9461
10	-72.11280784700	43.97651496720	9462
10	-72.09171173070	43.95799112790	9463
10	-72.11320407940	43.93916595990	9464
10	-72.12164963980	43.90921732470	9465
10	-72.17008952470	43.87891769650	9466
10	-72.18483637300	43.80169046070	9467
10	-72.20609182100	43.76463505890	9468
10	-72.21912292130	43.75069252840	9469
10	-72.26005559520	43.73530012310	9470
10	-72.30403993790	43.69853011920	9471
10	-72.33308519420	43.59736479220	9472
10	-72.37349839000	43.57237462890	9473
10	-72.39499776820	43.51755389320	9474
10	-72.38251569470	43.48462969360	9475
10	-72.39624780810	43.41015655190	9476
10	-72.41213955310	43.37712559990	9477
10	-72.39762805440	43.35100685330	9478
10	-72.41023158300	43.32340414610	9479
10	-72.40241884540	43.30738270610	9480
10	-72.43559864410	43.23225355140	9481
10	-72.45239855290	43.15602217850	9482
10	-72.43760490210	43.11627000050	9483
10	-72.44346425790	43.07903931280	9484
10	-72.46175208700	43.04650446410	9485
10	-72.45715903760	42.99960369740	9486
10	-72.47334119750	42.97614358380	9487
10	-72.50426363200	42.96558465010	9488
10	-72.52021705780	42.95167252720	9489
10	-72.52481002140	42.91261417610	9490
10	-72.55342846400	42.86064317110	9491
10	-72.53891697080	42.80773381590	9492
10	-72.51306800880	42.78925940140	9493
10	-72.50726952910	42.76873269040	9494
10	-72.47932252580	42.76158790210	9495
10	-72.46217130570	42.74684053110	9496
10	-72.45577000390	42.72585252910	9497
13	-71.50537230060	45.01335171630	9498
13	-71.54092709670	44.97656320620	9499
13	-71.51697760770	44.94369613320	9500
13	-71.50636496060	44.89967118600	9501
13	-71.57510091240	44.81601979760	9502
13	-71.58350120910	44.77919699590	9503
13	-71.63113285270	44.74171076070	9504
13	-71.60767872980	44.67786229390	9505
13	-71.58874934750	44.65059948700	9506
13	-71.56802715160	44.63744680820	9507
13	-71.55410263520	44.59658891300	9508
13	-71.53679081780	44.57893126310	9509
13	-71.59228841130	44.55120310680	9510
13	-71.59144138860	44.53887440080	9511
13	-71.57524354480	44.52580568920	9512
13	-71.58661898080	44.49453756940	9513
13	-71.61422276910	44.47450704270	9514
13	-71.63655472180	44.47673090140	9515
13	-71.64770916140	44.46917414600	9516
13	-71.65639900240	44.44013736120	9517
13	-71.67688436320	44.42134274030	9518
13	-71.76657025940	44.39824880470	9519
13	-71.79772919080	44.38417281300	9520
13	-71.82119730840	44.35036004540	9521
13	-71.83481598040	44.34419941290	9522
13	-71.92836175270	44.33611218510	9523
13	-71.93890565800	44.32578600340	9524
13	-71.99443351090	44.32754820230	9525
13	-72.03549537540	44.29943431310	9526
13	-72.05956600470	44.26149409120	9527
13	-72.04439038040	44.23437984410	9528
13	-72.05928224610	44.18217662910	9529
13	-72.04472455380	44.15643556660	9530
13	-72.03491985240	44.12074592880	9531
13	-72.04951483420	44.10045209450	9532
13	-72.03244737470	44.09609961920	9533
13	-72.03472836500	44.08337401830	9534
13	-72.07691904410	44.03204059860	9535
13	-72.08520438140	44.00892398620	9536
13	-72.10990876700	43.98922911350	9537
13	-72.11280784700	43.97651496720	9538
13	-72.09171173070	43.95799112790	9539
13	-72.11320407940	43.93916595990	9540
13	-72.12164963980	43.90921732470	9541
13	-72.17008952470	43.87891769650	9542
13	-72.18483637300	43.80169046070	9543
13	-72.20609182100	43.76463505890	9544
13	-72.21912292130	43.75069252840	9545
13	-72.26005559520	43.73530012310	9546
13	-72.30403993790	43.69853011920	9547
13	-72.33308519420	43.59736479220	9548
13	-72.37349839000	43.57237462890	9549
13	-72.39499776820	43.51755389320	9550
13	-72.38251569470	43.48462969360	9551
13	-72.39624780810	43.41015655190	9552
13	-72.41213955310	43.37712559990	9553
13	-72.39762805440	43.35100685330	9554
13	-72.41023158300	43.32340414610	9555
13	-72.40241884540	43.30738270610	9556
13	-72.43559864410	43.23225355140	9557
13	-72.45239855290	43.15602217850	9558
13	-72.43760490210	43.11627000050	9559
13	-72.44346425790	43.07903931280	9560
13	-72.46175208700	43.04650446410	9561
13	-72.45715903760	42.99960369740	9562
13	-72.47334119750	42.97614358380	9563
13	-72.50426363200	42.96558465010	9564
13	-72.52021705780	42.95167252720	9565
13	-72.52481002140	42.91261417610	9566
13	-72.55342846400	42.86064317110	9567
13	-72.53891697080	42.80773381590	9568
13	-72.51306800880	42.78925940140	9569
13	-72.50726952910	42.76873269040	9570
13	-72.47932252580	42.76158790210	9571
13	-72.46217130570	42.74684053110	9572
13	-72.45577000390	42.72585252910	9573
8	-87.67281414050	45.14067263670	9574
8	-87.66488647970	45.10905405260	9575
8	-87.58127586160	45.09463991020	9576
8	-87.61852143850	45.05680689640	9577
8	-87.62033549380	44.99199777310	9578
8	-87.74855485170	44.96161679360	9579
8	-87.83999268060	44.92732319520	9580
8	-87.83101994700	44.87334643830	9581
8	-87.98579160050	44.72047445720	9582
8	-87.98318205270	44.67726541780	9583
8	-88.01328787040	44.63911835880	9584
8	-87.97575794630	44.59581409910	9585
8	-88.01302078630	44.62223448910	9586
8	-88.04041762110	44.57144917010	9587
8	-87.96622806590	44.53549622450	9588
8	-87.92640864190	44.53913958310	9589
8	-87.86878274850	44.61690628040	9590
8	-87.76422675190	44.64404845360	9591
8	-87.72382171180	44.68928730540	9592
8	-87.61446385440	44.83304744360	9593
8	-87.55278753840	44.85133553970	9594
8	-87.55167267240	44.82302367460	9595
8	-87.43374690780	44.89109661940	9596
8	-87.36745962420	44.81156714550	9597
8	-87.31446514800	44.79471876680	9598
8	-87.37306982860	44.67691792570	9599
8	-87.47352841740	44.53394642840	9600
8	-87.53748882640	44.32785104030	9601
8	-87.51732187010	44.17575444380	9602
8	-87.64437077240	44.09783048340	9603
8	-87.72612185690	43.89390390140	9604
8	-87.70272990710	43.67317618420	9605
8	-87.78604512140	43.54629737260	9606
8	-87.80295943100	43.45871402000	9607
8	-87.87533226530	43.35859254450	9608
8	-87.88983410470	43.19721685010	9609
8	-87.86006935950	43.07587547380	9610
8	-87.89198323660	43.02577476710	9611
8	-87.83643858350	42.96459251180	9612
8	-87.81984906480	42.84156302870	9613
8	-87.75680359820	42.77754617430	9614
8	-87.79150934210	42.66664218780	9615
8	-87.79738195620	42.48915284950	9616
8	-86.98625366580	45.29865699130	9617
8	-86.96771226390	45.24027746920	9618
8	-86.99573425510	45.21841172420	9619
8	-87.04511255140	45.24901905500	9620
8	-87.02544809260	45.14997410100	9621
8	-87.07987578220	45.14730698190	9622
8	-87.04490094470	45.09551327000	9623
8	-87.08767859730	45.09217879820	9624
8	-87.08390064940	45.05328554960	9625
8	-87.11255691460	45.06476322380	9626
8	-87.17869275310	44.98280643330	9627
8	-87.16878794720	44.93332349990	9628
8	-87.20565056580	44.87323943430	9629
8	-87.31112363150	44.79877371800	9630
8	-87.37873689830	44.83774270720	9631
8	-87.40541974960	44.91119987060	9632
8	-87.34216086180	45.01521297100	9633
8	-87.28348460480	45.05261932020	9634
8	-87.23091503940	45.17506345660	9635
8	-87.17791321570	45.15497291820	9636
8	-87.06606435230	45.29646276760	9637
8	-87.03452439410	45.29040569680	9638
8	-86.98625366580	45.29865699130	9639
13	-71.50537230060	45.01335171630	9640
13	-71.50299876380	45.05989045440	9641
13	-71.43040988150	45.11699229710	9642
13	-71.40252258440	45.20280318570	9643
13	-71.44656007560	45.23608194060	9644
13	-71.38637797420	45.23493036420	9645
13	-71.29723573800	45.29349393590	9646
13	-71.15308937570	45.23796923500	9647
13	-71.08750924730	45.30146920530	9648
4	-70.81866815830	43.12187109160	9649
4	-70.83054813650	43.15917412990	9650
4	-70.81320737210	43.23522269550	9651
4	-70.90108590070	43.28102004270	9652
4	-70.90580113990	43.30206927700	9653
4	-70.96969960920	43.36637998240	9654
4	-70.97909946380	43.39618391790	9655
4	-70.96148290990	43.43812637070	9656
4	-70.97079121750	43.47021149710	9657
4	-70.95927840030	43.51638800570	9658
4	-70.96426825880	43.53198985180	9659
4	-70.94961952340	43.54895361330	9660
4	-70.95652440880	43.56414347050	9661
4	-70.97387416680	43.57182989350	9662
4	-70.98444256140	43.79116355200	9663
4	-71.00859651210	44.28214636680	9664
4	-71.02872612510	44.66853809450	9665
4	-71.08750924730	45.30146920530	9666
13	-70.81866815830	43.12187109160	9667
13	-70.83054813650	43.15917412990	9668
13	-70.81320737210	43.23522269550	9669
13	-70.90108590070	43.28102004270	9670
13	-70.90580113990	43.30206927700	9671
13	-70.96969960920	43.36637998240	9672
13	-70.97909946380	43.39618391790	9673
13	-70.96148290990	43.43812637070	9674
13	-70.97079121750	43.47021149710	9675
13	-70.95927840030	43.51638800570	9676
13	-70.96426825880	43.53198985180	9677
13	-70.94961952340	43.54895361330	9678
13	-70.95652440880	43.56414347050	9679
13	-70.97387416680	43.57182989350	9680
13	-70.98444256140	43.79116355200	9681
13	-71.00859651210	44.28214636680	9682
13	-71.02872612510	44.66853809450	9683
13	-71.08750924730	45.30146920530	9684
50	-86.83482964130	41.76550475520	9685
50	-86.61759225110	41.90744807870	9686
50	-86.49883341830	42.12644674790	9687
50	-86.37427783380	42.24942142180	9688
50	-86.28498077200	42.42232476480	9689
50	-86.21785477350	42.77482521270	9690
50	-86.27383683750	43.12104505070	9691
50	-86.46320106490	43.47516667600	9692
50	-86.54130122130	43.66318708100	9693
50	-86.44781116420	43.77266531180	9694
50	-86.40434518540	43.76664240430	9695
50	-86.43410089390	43.78145827440	9696
50	-86.42881418090	43.82012384040	9697
50	-86.45954819730	43.95018480840	9698
50	-86.43814713190	43.94559212340	9699
50	-86.51860232830	44.05361922470	9700
50	-86.38642323160	44.18320413260	9701
50	-86.27195436950	44.35122848940	9702
50	-86.23803830890	44.52227359880	9703
50	-86.25862694050	44.70073097670	9704
50	-86.10848456000	44.73444202120	9705
50	-86.08291833650	44.77792890330	9706
50	-86.09796468730	44.85061230900	9707
50	-86.06745434900	44.89825690780	9708
50	-85.79575656290	44.98597486020	9709
50	-85.61021509460	45.19652770920	9710
50	-85.56551465640	45.18056026560	9711
50	-85.65300626660	44.95836223970	9712
50	-85.63803953780	44.77843569670	9713
50	-85.52608103670	44.76316233760	9714
50	-85.45135110040	44.86054037960	9715
50	-85.38486951340	45.01060324250	9716
50	-85.39024477400	45.21159308340	9717
50	-85.37325279490	45.27354092660	9718
50	-85.30547495310	45.32038379860	9719
50	-85.09286274450	45.37022500380	9720
50	-84.98589343960	45.37317811150	9721
50	-84.92167403320	45.40989905030	9722
50	-85.08181568980	45.46465046390	9723
50	-85.12044693560	45.56977934990	9724
50	-85.07801970030	45.63018516780	9725
50	-84.98341250400	45.68371372920	9726
50	-84.97203782410	45.73774518870	9727
50	-84.72418580390	45.78030456870	9728
50	-84.72418580390	45.78030456870	9729
50	-84.46527503670	45.65363746160	9730
50	-84.32145835120	45.66560757130	9731
50	-84.20556032530	45.63090545060	9732
50	-84.13522881910	45.57134325840	9733
50	-84.10590759830	45.49874951210	9734
50	-83.92289215950	45.49177358380	9735
50	-83.78280949590	45.40944891020	9736
50	-83.71231863660	45.41239441940	9737
50	-83.59236310830	45.34950188170	9738
50	-83.49583213180	45.36080192490	9739
50	-83.48959802510	45.32893744020	9740
50	-83.39401966340	45.27290728180	9741
50	-83.42076145020	45.25718269850	9742
50	-83.39869570360	45.21364144680	9743
50	-83.31270745800	45.09862014710	9744
50	-83.44444100420	45.05277359210	9745
50	-83.43397246730	45.01112818170	9746
50	-83.46490302590	44.99788319540	9747
50	-83.42935572960	44.92629690770	9748
50	-83.31972437490	44.86064658960	9749
50	-83.28081218650	44.70318381050	9750
50	-83.32003621810	44.51546017260	9751
50	-83.35696295210	44.33513368290	9752
50	-83.52915048740	44.26127413300	9753
50	-83.56823694260	44.17011805270	9754
50	-83.59840446520	44.07049335660	9755
50	-83.70480196730	43.99716522670	9756
50	-83.87361484990	43.96284220470	9757
50	-83.91837619650	43.91699766060	9758
50	-83.93812176550	43.69828373180	9759
50	-83.69916465720	43.59964225750	9760
50	-83.65461481020	43.60741992270	9761
50	-83.53090972920	43.72594335890	9762
50	-83.49424801900	43.70284153230	9763
50	-83.46640837170	43.74574073680	9764
50	-83.36716318790	43.84445215310	9765
50	-83.32602585310	43.94045942180	9766
50	-82.94015407060	44.06995951490	9767
50	-82.80597787330	44.03356457240	9768
50	-82.72790219890	43.97250627750	9769
50	-82.61848776540	43.78786610210	9770
50	-82.60573804660	43.69456840450	9771
50	-82.50382062400	43.17225349890	9772
50	-82.41983585890	42.97246507860	9773
50	-82.47195271620	42.89868199690	9774
50	-82.47323825450	42.76289608990	9775
50	-82.51817953990	42.63405205550	9776
50	-82.64587733580	42.63172849700	9777
50	-82.63401479870	42.66938286130	9778
50	-82.72980585070	42.68122680410	9779
50	-82.82040677470	42.63579453890	9780
50	-82.80236156050	42.61292587840	9781
50	-82.88813814870	42.49575597680	9782
50	-82.87490709170	42.45806718210	9783
50	-82.92938905930	42.36304045850	9784
50	-83.10758848540	42.29270575440	9785
50	-83.19387310670	42.11574943410	9786
50	-83.19006624460	42.03397965640	9787
50	-83.48269100200	41.72512992690	9788
6	-96.56692152990	45.93411045530	9789
6	-96.58795531060	45.81785439180	9790
6	-96.60461070600	45.80826424850	9791
6	-96.65739176890	45.73897056230	9792
6	-96.83279582160	45.65068688410	9793
6	-96.85498984930	45.60912210680	9794
6	-96.84308718720	45.58409029090	9795
6	-96.76924620140	45.51747886900	9796
6	-96.73803233420	45.45819529040	9797
6	-96.69316920830	45.41063812190	9798
6	-96.60508450890	45.39652440240	9799
6	-96.53254890240	45.37513216160	9800
6	-96.47759206510	45.32850936580	9801
6	-96.45760224520	45.29885024160	9802
6	-96.45449660820	45.27519543020	9803
6	-96.45607982500	44.97199482970	9804
6	-96.45521726390	44.80134758410	9805
6	-96.45671781200	44.62880868320	9806
6	-96.45510618750	44.53834316540	9807
6	-96.45739750620	44.19906139460	9808
6	-96.45660233940	43.84874182850	9809
6	-96.46045470780	43.49971847570	9810
11	-96.56692152990	45.93411045530	9811
11	-96.58795531060	45.81785439180	9812
11	-96.60461070600	45.80826424850	9813
11	-96.65739176890	45.73897056230	9814
11	-96.83279582160	45.65068688410	9815
11	-96.85498984930	45.60912210680	9816
11	-96.84308718720	45.58409029090	9817
11	-96.76924620140	45.51747886900	9818
11	-96.73803233420	45.45819529040	9819
11	-96.69316920830	45.41063812190	9820
11	-96.60508450890	45.39652440240	9821
11	-96.53254890240	45.37513216160	9822
11	-96.47759206510	45.32850936580	9823
11	-96.45760224520	45.29885024160	9824
11	-96.45449660820	45.27519543020	9825
11	-96.45607982500	44.97199482970	9826
11	-96.45521726390	44.80134758410	9827
11	-96.45671781200	44.62880868320	9828
11	-96.45510618750	44.53834316540	9829
11	-96.45739750620	44.19906139460	9830
11	-96.45660233940	43.84874182850	9831
11	-96.46045470780	43.49971847570	9832
5	-96.56692152990	45.93411045530	9833
5	-97.23330991490	45.93650267380	9834
5	-97.97872180430	45.93082215210	9835
5	-98.01470971000	45.93149796790	9836
5	-98.73043690140	45.93827103860	9837
6	-96.56692152990	45.93411045530	9838
6	-97.23330991490	45.93650267380	9839
6	-97.97872180430	45.93082215210	9840
6	-98.01470971000	45.93149796790	9841
6	-98.73043690140	45.93827103860	9842
3	-104.04890634400	45.94299366710	9843
3	-104.04951684400	45.88305276250	9844
3	-104.04385141800	45.21287546860	9845
3	-104.04307227800	44.99780553940	9846
3	-104.05984239500	44.99733626160	9847
6	-104.04890634400	45.94299366710	9848
6	-104.04951684400	45.88305276250	9849
6	-104.04385141800	45.21287546860	9850
6	-104.04307227800	44.99780553940	9851
6	-104.05984239500	44.99733626160	9852
5	-98.73043690140	45.93827103860	9853
5	-99.00683283350	45.93955555060	9854
5	-99.71734573790	45.94276103500	9855
5	-99.87578324260	45.94354731830	9856
5	-100.51440674700	45.94038799850	9857
5	-102.00277504300	45.94250537680	9858
5	-102.94639700200	45.94166523760	9859
5	-102.99482293600	45.94111562920	9860
5	-104.04890634400	45.94299366710	9861
6	-98.73043690140	45.93827103860	9862
6	-99.00683283350	45.93955555060	9863
6	-99.71734573790	45.94276103500	9864
6	-99.87578324260	45.94354731830	9865
6	-100.51440674700	45.94038799850	9866
6	-102.00277504300	45.94250537680	9867
6	-102.94639700200	45.94166523760	9868
6	-102.99482293600	45.94111562920	9869
6	-104.04890634400	45.94299366710	9870
9	-117.01886436400	41.99479418080	9871
9	-117.02629522000	43.67903122260	9872
9	-117.02379447800	43.75370159270	9873
9	-117.03711733000	43.80014196360	9874
9	-117.02762654800	43.83156784830	9875
9	-117.01050534400	43.83976972640	9876
9	-117.01622042700	43.85297244200	9877
9	-116.98576994600	43.85935088630	9878
9	-116.97814812000	43.87346923060	9879
9	-116.97814122900	43.90444104230	9880
9	-116.95971584400	43.92857694330	9881
9	-116.96795684800	43.96319561060	9882
9	-116.93359348400	44.01420256960	9883
9	-116.97681776600	44.07389482030	9884
9	-116.96344320000	44.09029816910	9885
9	-116.94688668700	44.09302581120	9886
9	-116.90225413300	44.14631383210	9887
9	-116.91305109700	44.17730445060	9888
9	-116.98187172900	44.19784229860	9889
9	-116.97612723500	44.22518236260	9890
9	-116.99270711100	44.24706339670	9891
9	-117.03035202300	44.24933655460	9892
9	-117.05202761300	44.23155596030	9893
9	-117.08138686800	44.24384660370	9894
9	-117.10056067500	44.26707790050	9895
9	-117.11269192100	44.26980527590	9896
9	-117.14327894000	44.25063224360	9897
9	-117.17072295300	44.25333273750	9898
9	-117.21357187900	44.28471968520	9899
9	-117.21745571400	44.30066513720	9900
9	-117.20160201700	44.33943800340	9901
9	-117.23692089400	44.38998264290	9902
9	-117.21722180300	44.42785524110	9903
9	-117.22440990700	44.47298705460	9904
9	-117.20396256700	44.48578550490	9905
9	-117.18739112600	44.51180560230	9906
9	-117.14516066200	44.53465562420	9907
9	-117.14393986400	44.55928694850	9908
9	-117.13050391000	44.57252386640	9909
9	-117.07935392400	44.68933642570	9910
9	-117.06651305200	44.69755696570	9911
9	-117.03957224600	44.74911571280	9912
9	-116.95149410500	44.77603512650	9913
9	-116.90962075700	44.82894025190	9914
9	-116.89736686000	44.84855510150	9915
9	-116.86707634700	44.86860844740	9916
9	-116.83539618300	44.92014409130	9917
9	-116.84755679900	44.95484994370	9918
9	-116.83139650600	44.97263367040	9919
9	-116.84815899800	44.97174123770	9920
9	-116.85588762500	44.97996572280	9921
9	-116.84809704500	45.00004215690	9922
9	-116.85451319100	45.01694529460	9923
9	-116.80730734200	45.04975528410	9924
9	-116.78721002900	45.07575251320	9925
9	-116.77809192500	45.09948010340	9926
9	-116.76126825300	45.10630071830	9927
9	-116.73658529500	45.13730709080	9928
9	-116.68881337400	45.26235084280	9929
9	-116.67226549600	45.33541028980	9930
9	-116.56577196400	45.45986367540	9931
9	-116.55450331900	45.49364719540	9932
9	-116.47855126000	45.56605849630	9933
9	-116.47041879800	45.60625727030	9934
9	-116.51491509100	45.66449089570	9935
9	-116.52827493000	45.71072801030	9936
9	-116.56063190800	45.74742456870	9937
9	-116.65439793700	45.78063016040	9938
9	-116.70318030800	45.81916924390	9939
9	-116.77370712900	45.81976361330	9940
9	-116.79126248800	45.84586710610	9941
9	-116.85647181900	45.90359734520	9942
9	-116.89819704800	45.98051594170	9943
9	-116.91913242800	45.99517548750	9944
12	-117.01886436400	41.99479418080	9945
12	-117.02629522000	43.67903122260	9946
12	-117.02379447800	43.75370159270	9947
12	-117.03711733000	43.80014196360	9948
12	-117.02762654800	43.83156784830	9949
12	-117.01050534400	43.83976972640	9950
12	-117.01622042700	43.85297244200	9951
12	-116.98576994600	43.85935088630	9952
12	-116.97814812000	43.87346923060	9953
12	-116.97814122900	43.90444104230	9954
12	-116.95971584400	43.92857694330	9955
12	-116.96795684800	43.96319561060	9956
12	-116.93359348400	44.01420256960	9957
12	-116.97681776600	44.07389482030	9958
12	-116.96344320000	44.09029816910	9959
12	-116.94688668700	44.09302581120	9960
12	-116.90225413300	44.14631383210	9961
12	-116.91305109700	44.17730445060	9962
12	-116.98187172900	44.19784229860	9963
12	-116.97612723500	44.22518236260	9964
12	-116.99270711100	44.24706339670	9965
12	-117.03035202300	44.24933655460	9966
12	-117.05202761300	44.23155596030	9967
12	-117.08138686800	44.24384660370	9968
12	-117.10056067500	44.26707790050	9969
12	-117.11269192100	44.26980527590	9970
12	-117.14327894000	44.25063224360	9971
12	-117.17072295300	44.25333273750	9972
12	-117.21357187900	44.28471968520	9973
12	-117.21745571400	44.30066513720	9974
12	-117.20160201700	44.33943800340	9975
12	-117.23692089400	44.38998264290	9976
12	-117.21722180300	44.42785524110	9977
12	-117.22440990700	44.47298705460	9978
12	-117.20396256700	44.48578550490	9979
12	-117.18739112600	44.51180560230	9980
12	-117.14516066200	44.53465562420	9981
12	-117.14393986400	44.55928694850	9982
12	-117.13050391000	44.57252386640	9983
12	-117.07935392400	44.68933642570	9984
12	-117.06651305200	44.69755696570	9985
12	-117.03957224600	44.74911571280	9986
12	-116.95149410500	44.77603512650	9987
12	-116.90962075700	44.82894025190	9988
12	-116.89736686000	44.84855510150	9989
12	-116.86707634700	44.86860844740	9990
12	-116.83539618300	44.92014409130	9991
12	-116.84755679900	44.95484994370	9992
12	-116.83139650600	44.97263367040	9993
12	-116.84815899800	44.97174123770	9994
12	-116.85588762500	44.97996572280	9995
12	-116.84809704500	45.00004215690	9996
12	-116.85451319100	45.01694529460	9997
12	-116.80730734200	45.04975528410	9998
12	-116.78721002900	45.07575251320	9999
12	-116.77809192500	45.09948010340	1000
12	-116.76126825300	45.10630071830	1000
12	-116.73658529500	45.13730709080	1000
12	-116.68881337400	45.26235084280	1000
12	-116.67226549600	45.33541028980	1000
12	-116.56577196400	45.45986367540	1000
12	-116.55450331900	45.49364719540	1000
12	-116.47855126000	45.56605849630	1000
12	-116.47041879800	45.60625727030	1000
12	-116.51491509100	45.66449089570	1000
12	-116.52827493000	45.71072801030	1001
12	-116.56063190800	45.74742456870	1001
12	-116.65439793700	45.78063016040	1001
12	-116.70318030800	45.81916924390	1001
12	-116.77370712900	45.81976361330	1001
12	-116.79126248800	45.84586710610	1001
12	-116.85647181900	45.90359734520	1001
12	-116.89819704800	45.98051594170	1001
12	-116.91913242800	45.99517548750	1001
50	-83.53399102740	46.01179007080	1001
50	-83.47318942010	45.98754780560	1002
50	-83.51615934050	45.92571476580	1002
50	-83.57981373770	45.91750135410	1002
50	-83.62970483780	45.95359615460	1002
50	-83.80488107000	45.93676451010	1002
50	-83.85281048360	45.99744921100	1002
50	-83.88589166720	45.97085244980	1002
50	-83.85468017010	46.01403164230	1002
50	-83.80110526810	45.98841247490	1002
50	-83.75641999930	46.02733801660	1002
50	-83.67359214230	46.03619217240	1003
50	-83.68031444290	46.07179455250	1003
50	-83.73244853450	46.08410814660	1003
50	-83.64988755340	46.10397148930	1003
50	-83.58949805960	46.08851844220	1003
50	-83.53399102740	46.01179007080	1003
2	-116.91913242800	45.99517548750	1003
2	-117.48166300100	45.99983471390	1003
2	-117.60282616400	46.00026815860	1003
2	-117.98267742900	45.99988051590	1003
2	-117.99252777800	46.00163890520	1004
2	-118.98213281900	45.99905837450	1004
2	-119.03222168100	45.96627458140	1004
2	-119.14025060000	45.92570863980	1004
2	-119.17874264300	45.92235160850	1004
2	-119.30276351000	45.93266272660	1004
2	-119.37944142100	45.91761006510	1004
2	-119.43886109000	45.91426852320	1004
2	-119.51222000100	45.89920059690	1004
2	-119.58929428300	45.91331494920	1004
2	-119.62211672800	45.89941033900	1005
2	-119.67844566400	45.85253903010	1005
2	-119.83355588100	45.84160934430	1005
2	-119.86973563500	45.83169852520	1005
2	-119.99432016000	45.81114034510	1005
2	-120.06864786500	45.78020244530	1005
2	-120.15590786100	45.76126166830	1005
2	-120.20744539000	45.71978406460	1005
2	-120.28363487500	45.71658287340	1005
2	-120.44338376300	45.68927972290	1005
2	-120.49915650200	45.69563067800	1006
2	-120.57008246200	45.74091794140	1006
2	-120.62375720500	45.74361057230	1006
2	-120.65840336800	45.73261248750	1006
2	-120.69699390400	45.71050981950	1006
2	-120.86141966800	45.66518625450	1006
2	-120.90793725100	45.63547710690	1006
2	-120.94857283100	45.65031596720	1006
2	-120.96847851200	45.64515454120	1006
2	-121.03348258400	45.65284441540	1006
2	-121.07352992900	45.64661077330	1007
2	-121.12520466600	45.60705909880	1007
2	-121.17431601200	45.60051616020	1007
2	-121.19205466600	45.61324192650	1007
2	-121.20330811800	45.65728693480	1007
2	-121.21427171400	45.66564496380	1007
2	-121.27639090200	45.67833997200	1007
2	-121.31997774400	45.69664283660	1007
2	-121.36781425100	45.69968659540	1007
2	-121.42202902900	45.69060318810	1007
2	-121.44255216900	45.69496708800	1008
2	-121.52905461200	45.71956767940	1008
2	-121.70641686100	45.68879317070	1008
2	-121.75869409700	45.68971605140	1008
2	-121.81104103500	45.70068308950	1008
2	-121.88828349900	45.67685637020	1008
2	-121.92682068900	45.64202837400	1008
2	-121.97265945200	45.63577608420	1008
2	-122.00001155400	45.61782429110	1008
2	-122.08203751800	45.59050401240	1008
2	-122.24492229400	45.54811286480	1009
2	-122.30315032900	45.54309283450	1009
2	-122.35645748400	45.56617124310	1009
2	-122.43715419800	45.56477891190	1009
2	-122.56542980600	45.59481876860	1009
2	-122.65120920000	45.60683045670	1009
2	-122.69632309400	45.63104555050	1009
2	-122.76054128900	45.64939741020	1009
2	-122.77255103300	45.72768554250	1009
2	-122.76428851900	45.76056802810	1009
2	-122.78800956600	45.80034359180	1010
2	-122.78451591800	45.85044951850	1010
2	-122.78407365000	45.86788645170	1010
2	-122.80622291600	45.90407242950	1010
2	-122.80774176700	45.94389012130	1010
2	-122.87541772400	46.02718332710	1010
2	-122.89975728600	46.07932968700	1010
2	-122.97416926100	46.11048344370	1010
2	-123.05059621200	46.15573622820	1010
2	-123.11855415900	46.17931049430	1010
2	-123.17619640600	46.18358645540	1011
2	-123.21243702700	46.17000605960	1011
2	-123.24879941600	46.14402033760	1011
2	-123.30471708500	46.14473757030	1011
12	-116.91913242800	45.99517548750	1011
12	-117.48166300100	45.99983471390	1011
12	-117.60282616400	46.00026815860	1011
12	-117.98267742900	45.99988051590	1011
12	-117.99252777800	46.00163890520	1011
12	-118.98213281900	45.99905837450	1011
12	-119.03222168100	45.96627458140	1012
12	-119.14025060000	45.92570863980	1012
12	-119.17874264300	45.92235160850	1012
12	-119.30276351000	45.93266272660	1012
12	-119.37944142100	45.91761006510	1012
12	-119.43886109000	45.91426852320	1012
12	-119.51222000100	45.89920059690	1012
12	-119.58929428300	45.91331494920	1012
12	-119.62211672800	45.89941033900	1012
12	-119.67844566400	45.85253903010	1012
12	-119.83355588100	45.84160934430	1013
12	-119.86973563500	45.83169852520	1013
12	-119.99432016000	45.81114034510	1013
12	-120.06864786500	45.78020244530	1013
12	-120.15590786100	45.76126166830	1013
12	-120.20744539000	45.71978406460	1013
12	-120.28363487500	45.71658287340	1013
12	-120.44338376300	45.68927972290	1013
12	-120.49915650200	45.69563067800	1013
12	-120.57008246200	45.74091794140	1013
12	-120.62375720500	45.74361057230	1014
12	-120.65840336800	45.73261248750	1014
12	-120.69699390400	45.71050981950	1014
12	-120.86141966800	45.66518625450	1014
12	-120.90793725100	45.63547710690	1014
12	-120.94857283100	45.65031596720	1014
12	-120.96847851200	45.64515454120	1014
12	-121.03348258400	45.65284441540	1014
12	-121.07352992900	45.64661077330	1014
12	-121.12520466600	45.60705909880	1014
12	-121.17431601200	45.60051616020	1015
12	-121.19205466600	45.61324192650	1015
12	-121.20330811800	45.65728693480	1015
12	-121.21427171400	45.66564496380	1015
12	-121.27639090200	45.67833997200	1015
12	-121.31997774400	45.69664283660	1015
12	-121.36781425100	45.69968659540	1015
12	-121.42202902900	45.69060318810	1015
12	-121.44255216900	45.69496708800	1015
12	-121.52905461200	45.71956767940	1015
12	-121.70641686100	45.68879317070	1016
12	-121.75869409700	45.68971605140	1016
12	-121.81104103500	45.70068308950	1016
12	-121.88828349900	45.67685637020	1016
12	-121.92682068900	45.64202837400	1016
12	-121.97265945200	45.63577608420	1016
12	-122.00001155400	45.61782429110	1016
12	-122.08203751800	45.59050401240	1016
12	-122.24492229400	45.54811286480	1016
12	-122.30315032900	45.54309283450	1016
12	-122.35645748400	45.56617124310	1017
12	-122.43715419800	45.56477891190	1017
12	-122.56542980600	45.59481876860	1017
12	-122.65120920000	45.60683045670	1017
12	-122.69632309400	45.63104555050	1017
12	-122.76054128900	45.64939741020	1017
12	-122.77255103300	45.72768554250	1017
12	-122.76428851900	45.76056802810	1017
12	-122.78800956600	45.80034359180	1017
12	-122.78451591800	45.85044951850	1017
12	-122.78407365000	45.86788645170	1018
12	-122.80622291600	45.90407242950	1018
12	-122.80774176700	45.94389012130	1018
12	-122.87541772400	46.02718332710	1018
12	-122.89975728600	46.07932968700	1018
12	-122.97416926100	46.11048344370	1018
12	-123.05059621200	46.15573622820	1018
12	-123.11855415900	46.17931049430	1018
12	-123.17619640600	46.18358645540	1018
12	-123.21243702700	46.17000605960	1018
12	-123.24879941600	46.14402033760	1019
12	-123.30471708500	46.14473757030	1019
12	-124.20644444400	41.99764791320	1019
12	-124.35224678100	42.09867726150	1019
12	-124.41506199700	42.24589453930	1019
12	-124.43781879300	42.42960874300	1019
12	-124.39176316400	42.55302766490	1019
12	-124.40107866600	42.62269924500	1019
12	-124.55961690600	42.83245739800	1019
12	-124.48534658500	42.95545394120	1019
12	-124.38677240100	43.26158891550	1020
12	-124.40607626000	43.30019785600	1020
12	-124.27399398900	43.45910539670	1020
12	-124.22600480400	43.60500485840	1020
12	-124.15832557700	43.85711823520	1020
12	-124.11831931900	44.26951500330	1020
12	-124.05440486900	44.66213897710	1020
12	-124.07556809500	44.81473852610	1020
12	-124.00757264300	45.03610292390	1020
12	-123.95660685300	45.29296571610	1020
12	-123.98055990900	45.48508450320	1021
12	-123.93667466200	45.50796591410	1021
12	-123.89210787700	45.47405016150	1021
12	-123.85950721500	45.49908267510	1021
12	-123.95341555400	45.56852871600	1021
12	-123.93607591700	45.70283521420	1021
12	-123.97662908000	45.77548238690	1021
12	-123.95627397300	45.87104137700	1021
12	-123.99650569600	45.94192194890	1021
12	-123.92118720500	46.01232335220	1021
12	-123.97734068500	46.20270600920	1022
12	-123.79409646900	46.11144858700	1022
12	-123.77708342100	46.14443025890	1022
12	-123.82097831300	46.19364960440	1022
12	-123.76141413700	46.20993937360	1022
12	-123.71716098000	46.16989379030	1022
12	-123.67024641400	46.17449848690	1022
12	-123.51702932700	46.23609158170	1022
12	-123.36355686900	46.14415402180	1022
12	-123.30471708500	46.14473757030	1022
8	-90.40819985710	46.56861066440	1023
8	-90.38552505380	46.53965774070	1023
8	-90.31370815840	46.55156326590	1023
8	-90.30239358030	46.54429640520	1023
8	-90.30018107770	46.52505158300	1023
8	-90.26978498710	46.52248052560	1023
8	-90.25840173740	46.50878978650	1023
8	-90.21152578500	46.50629499250	1023
8	-90.16139110380	46.44238006730	1023
8	-90.14179746520	46.39389931520	1023
8	-90.11517713170	46.36515573100	1024
8	-90.11165936580	46.34042899340	1024
8	-89.92513609170	46.30402570040	1024
8	-89.09980613540	46.14564279170	1024
8	-88.98530106790	46.10039122680	1024
8	-88.92519544220	46.07360150800	1024
8	-88.80439717030	46.02680462390	1024
8	-88.79381535260	46.03636020690	1024
8	-88.77748062110	46.03261436050	1024
8	-88.77301713540	46.02114774700	1024
8	-88.72640963860	46.02958173610	1025
8	-88.70360557890	46.01892364060	1025
8	-88.67738386490	46.02014412840	1025
8	-88.64366948330	45.99338829280	1025
8	-88.61550234600	45.99412050690	1025
8	-88.59753603350	46.01551649120	1025
8	-88.57535769210	46.00895906310	1025
8	-88.54835794200	46.01930022600	1025
8	-88.51561318310	46.01860956200	1025
8	-88.49408327900	46.01295996270	1025
8	-88.48381396130	45.99915098860	1026
8	-88.45431896570	46.00076034610	1026
8	-88.40352211240	45.98342207080	1026
8	-88.36993820620	45.99458707850	1026
8	-88.32132305030	45.96671276570	1026
8	-88.29915205880	45.96194414700	1026
8	-88.25716803960	45.96705519090	1026
8	-88.21499181890	45.94790163650	1026
8	-88.18019394440	45.95351666840	1026
8	-88.15043842420	45.93629352160	1026
8	-88.11139042210	45.92628767440	1027
8	-88.09385006180	45.92061530440	1027
8	-88.09576412210	45.89180350560	1027
8	-88.06542107330	45.87364213680	1027
8	-88.12178644360	45.83487790410	1027
8	-88.12994949370	45.81940195270	1027
8	-88.08873409380	45.79153251890	1027
8	-88.05163933980	45.78611214760	1027
8	-87.99006981130	45.79504633540	1027
8	-87.96917963130	45.76644857060	1027
8	-87.87362883180	45.75069936900	1028
8	-87.84236273280	45.72241846430	1028
8	-87.80155287950	45.71139103610	1028
8	-87.80115582990	45.70132435440	1028
8	-87.77747372920	45.68410181240	1028
8	-87.78094483080	45.67591566980	1028
8	-87.81705427030	45.66539077200	1028
8	-87.81993781530	45.65445051000	1028
8	-87.77604479690	45.61320014920	1028
8	-87.77507546390	45.60038697200	1028
8	-87.78631248970	45.56851979680	1029
8	-87.82860197890	45.56859176090	1029
8	-87.80514095510	45.54452583640	1029
8	-87.78938490780	45.49906763100	1029
8	-87.81361468590	45.46646047600	1029
8	-87.86026740350	45.44509840480	1029
8	-87.84953170130	45.40611753290	1029
8	-87.88361062330	45.36585448270	1029
8	-87.87397466650	45.36208580080	1029
8	-87.86853527660	45.37207237670	1029
8	-87.86209606570	45.37016516590	1030
8	-87.84128251380	45.34614891520	1030
8	-87.82800787340	45.35832131960	1030
8	-87.76003806910	45.35289773450	1030
8	-87.68959800650	45.39126936550	1030
8	-87.64368403790	45.36185588830	1030
8	-87.64536203830	45.34816920680	1030
8	-87.70447141900	45.27220517560	1030
8	-87.70514204610	45.24708628600	1030
8	-87.71966802930	45.23677159670	1030
8	-87.72162823200	45.21167194370	1031
8	-87.73619998130	45.19907235520	1031
8	-87.72966881170	45.17660484060	1031
8	-87.67281414050	45.14067263670	1031
50	-90.40819985710	46.56861066440	1031
50	-90.38552505380	46.53965774070	1031
50	-90.31370815840	46.55156326590	1031
50	-90.30239358030	46.54429640520	1031
50	-90.30018107770	46.52505158300	1031
50	-90.26978498710	46.52248052560	1031
50	-90.25840173740	46.50878978650	1032
50	-90.21152578500	46.50629499250	1032
50	-90.16139110380	46.44238006730	1032
50	-90.14179746520	46.39389931520	1032
50	-90.11517713170	46.36515573100	1032
50	-90.11165936580	46.34042899340	1032
50	-89.92513609170	46.30402570040	1032
50	-89.09980613540	46.14564279170	1032
50	-88.98530106790	46.10039122680	1032
50	-88.92519544220	46.07360150800	1032
50	-88.80439717030	46.02680462390	1033
50	-88.79381535260	46.03636020690	1033
50	-88.77748062110	46.03261436050	1033
50	-88.77301713540	46.02114774700	1033
50	-88.72640963860	46.02958173610	1033
50	-88.70360557890	46.01892364060	1033
50	-88.67738386490	46.02014412840	1033
50	-88.64366948330	45.99338829280	1033
50	-88.61550234600	45.99412050690	1033
50	-88.59753603350	46.01551649120	1033
50	-88.57535769210	46.00895906310	1034
50	-88.54835794200	46.01930022600	1034
50	-88.51561318310	46.01860956200	1034
50	-88.49408327900	46.01295996270	1034
50	-88.48381396130	45.99915098860	1034
50	-88.45431896570	46.00076034610	1034
50	-88.40352211240	45.98342207080	1034
50	-88.36993820620	45.99458707850	1034
50	-88.32132305030	45.96671276570	1034
50	-88.29915205880	45.96194414700	1034
50	-88.25716803960	45.96705519090	1035
50	-88.21499181890	45.94790163650	1035
50	-88.18019394440	45.95351666840	1035
50	-88.15043842420	45.93629352160	1035
50	-88.11139042210	45.92628767440	1035
50	-88.09385006180	45.92061530440	1035
50	-88.09576412210	45.89180350560	1035
50	-88.06542107330	45.87364213680	1035
50	-88.12178644360	45.83487790410	1035
50	-88.12994949370	45.81940195270	1035
50	-88.08873409380	45.79153251890	1036
50	-88.05163933980	45.78611214760	1036
50	-87.99006981130	45.79504633540	1036
50	-87.96917963130	45.76644857060	1036
50	-87.87362883180	45.75069936900	1036
50	-87.84236273280	45.72241846430	1036
50	-87.80155287950	45.71139103610	1036
50	-87.80115582990	45.70132435440	1036
50	-87.77747372920	45.68410181240	1036
50	-87.78094483080	45.67591566980	1036
50	-87.81705427030	45.66539077200	1037
50	-87.81993781530	45.65445051000	1037
50	-87.77604479690	45.61320014920	1037
50	-87.77507546390	45.60038697200	1037
50	-87.78631248970	45.56851979680	1037
50	-87.82860197890	45.56859176090	1037
50	-87.80514095510	45.54452583640	1037
50	-87.78938490780	45.49906763100	1037
50	-87.81361468590	45.46646047600	1037
50	-87.86026740350	45.44509840480	1037
50	-87.84953170130	45.40611753290	1038
50	-87.88361062330	45.36585448270	1038
50	-87.87397466650	45.36208580080	1038
50	-87.86853527660	45.37207237670	1038
50	-87.86209606570	45.37016516590	1038
50	-87.84128251380	45.34614891520	1038
50	-87.82800787340	45.35832131960	1038
50	-87.76003806910	45.35289773450	1038
50	-87.68959800650	45.39126936550	1038
50	-87.64368403790	45.36185588830	1038
50	-87.64536203830	45.34816920680	1039
50	-87.70447141900	45.27220517560	1039
50	-87.70514204610	45.24708628600	1039
50	-87.71966802930	45.23677159670	1039
50	-87.72162823200	45.21167194370	1039
50	-87.73619998130	45.19907235520	1039
50	-87.72966881170	45.17660484060	1039
50	-87.67281414050	45.14067263670	1039
8	-91.22356677970	43.50080865950	1039
8	-91.24055802140	43.54871258880	1039
8	-91.23298990440	43.59889007010	1040
8	-91.25838918940	43.67732229330	1040
8	-91.25891594190	43.72239579230	1040
8	-91.25110489260	43.78807579840	1040
8	-91.29194797880	43.84719076110	1040
8	-91.37335730440	43.94719110090	1040
8	-91.42590181820	43.98561985710	1040
8	-91.52842015570	44.03421528960	1040
8	-91.56916206300	44.03495529680	1040
8	-91.60178627010	44.04082227170	1040
8	-91.65223360680	44.06689574690	1041
8	-91.75321932280	44.13722771330	1041
8	-91.84874394460	44.19118723210	1041
8	-91.88869432070	44.25749496060	1041
8	-91.92234937160	44.28834103040	1041
8	-91.92275412340	44.31751991160	1041
8	-91.93886834500	44.33911139140	1041
8	-91.97238597350	44.36448722010	1041
8	-92.09133339980	44.41558981390	1041
8	-92.20613743550	44.43839440650	1041
8	-92.24910036010	44.45621678750	1042
8	-92.29668748370	44.49218188370	1042
8	-92.32047800880	44.54049106190	1042
8	-92.34087251660	44.55283539430	1042
8	-92.50921485950	44.57515917460	1042
8	-92.60897363370	44.61029231590	1042
8	-92.63036759360	44.64265240740	1042
8	-92.73714569550	44.71359448050	1042
8	-92.80558467080	44.74616053610	1042
8	-92.76102806030	44.83537105490	1042
8	-92.76426343720	44.86223409520	1043
8	-92.77187081520	44.89949595470	1043
8	-92.75392579390	44.91500277950	1043
8	-92.74976784310	44.93565554390	1043
8	-92.76712645770	45.00100490500	1043
8	-92.76299156220	45.02211920580	1043
8	-92.79676181350	45.06561027090	1043
8	-92.74542221380	45.11300401570	1043
8	-92.74493484530	45.15642269770	1043
8	-92.76258304540	45.18661214350	1043
8	-92.75541929190	45.21237648110	1044
8	-92.74659337100	45.29760313280	1044
8	-92.70738439950	45.31820166200	1044
8	-92.68486976820	45.36307648170	1044
8	-92.64875103580	45.39546592910	1044
8	-92.64497507100	45.43945208950	1044
8	-92.65481774620	45.45522177320	1044
8	-92.68542100500	45.47005330590	1044
8	-92.72815467640	45.54724231960	1044
8	-92.76217490060	45.56426349280	1044
8	-92.83503701620	45.56340218890	1045
8	-92.87683120540	45.57883656870	1045
8	-92.88539736670	45.64495535640	1045
8	-92.86001973030	45.71056254280	1045
8	-92.83363623610	45.73089023640	1045
8	-92.77910699960	45.76334043340	1045
8	-92.74876192690	45.83730206790	1045
8	-92.73409766350	45.84498070960	1045
8	-92.70624076670	45.89095815120	1045
8	-92.66620788230	45.91570312820	1045
8	-92.55267208440	45.95126917780	1046
8	-92.52397686560	45.98258319280	1046
8	-92.46234575770	45.98119753610	1046
8	-92.42499927570	46.02550410050	1046
8	-92.36496279810	46.01624881200	1046
8	-92.34622483010	46.02259611620	1046
8	-92.32737266560	46.05687820520	1046
8	-92.28937040260	46.07323112860	1046
8	-92.28894396440	46.15660067350	1046
8	-92.28868526090	46.41598406740	1046
8	-92.28727155640	46.65878600390	1047
11	-91.22356677970	43.50080865950	1047
11	-91.24055802140	43.54871258880	1047
11	-91.23298990440	43.59889007010	1047
11	-91.25838918940	43.67732229330	1047
11	-91.25891594190	43.72239579230	1047
11	-91.25110489260	43.78807579840	1047
11	-91.29194797880	43.84719076110	1047
11	-91.37335730440	43.94719110090	1047
11	-91.42590181820	43.98561985710	1047
11	-91.52842015570	44.03421528960	1048
11	-91.56916206300	44.03495529680	1048
11	-91.60178627010	44.04082227170	1048
11	-91.65223360680	44.06689574690	1048
11	-91.75321932280	44.13722771330	1048
11	-91.84874394460	44.19118723210	1048
11	-91.88869432070	44.25749496060	1048
11	-91.92234937160	44.28834103040	1048
11	-91.92275412340	44.31751991160	1048
11	-91.93886834500	44.33911139140	1048
11	-91.97238597350	44.36448722010	1049
11	-92.09133339980	44.41558981390	1049
11	-92.20613743550	44.43839440650	1049
11	-92.24910036010	44.45621678750	1049
11	-92.29668748370	44.49218188370	1049
11	-92.32047800880	44.54049106190	1049
11	-92.34087251660	44.55283539430	1049
11	-92.50921485950	44.57515917460	1049
11	-92.60897363370	44.61029231590	1049
11	-92.63036759360	44.64265240740	1049
11	-92.73714569550	44.71359448050	1050
11	-92.80558467080	44.74616053610	1050
11	-92.76102806030	44.83537105490	1050
11	-92.76426343720	44.86223409520	1050
11	-92.77187081520	44.89949595470	1050
11	-92.75392579390	44.91500277950	1050
11	-92.74976784310	44.93565554390	1050
11	-92.76712645770	45.00100490500	1050
11	-92.76299156220	45.02211920580	1050
11	-92.79676181350	45.06561027090	1050
11	-92.74542221380	45.11300401570	1051
11	-92.74493484530	45.15642269770	1051
11	-92.76258304540	45.18661214350	1051
11	-92.75541929190	45.21237648110	1051
11	-92.74659337100	45.29760313280	1051
11	-92.70738439950	45.31820166200	1051
11	-92.68486976820	45.36307648170	1051
11	-92.64875103580	45.39546592910	1051
11	-92.64497507100	45.43945208950	1051
11	-92.65481774620	45.45522177320	1051
11	-92.68542100500	45.47005330590	1052
11	-92.72815467640	45.54724231960	1052
11	-92.76217490060	45.56426349280	1052
11	-92.83503701620	45.56340218890	1052
11	-92.87683120540	45.57883656870	1052
11	-92.88539736670	45.64495535640	1052
11	-92.86001973030	45.71056254280	1052
11	-92.83363623610	45.73089023640	1052
11	-92.77910699960	45.76334043340	1052
11	-92.74876192690	45.83730206790	1052
11	-92.73409766350	45.84498070960	1053
11	-92.70624076670	45.89095815120	1053
11	-92.66620788230	45.91570312820	1053
11	-92.55267208440	45.95126917780	1053
11	-92.52397686560	45.98258319280	1053
11	-92.46234575770	45.98119753610	1053
11	-92.42499927570	46.02550410050	1053
11	-92.36496279810	46.01624881200	1053
11	-92.34622483010	46.02259611620	1053
11	-92.32737266560	46.05687820520	1053
11	-92.28937040260	46.07323112860	1054
11	-92.28894396440	46.15660067350	1054
11	-92.28868526090	46.41598406740	1054
11	-92.28727155640	46.65878600390	1054
8	-90.77744559540	46.88312255230	1054
8	-90.92624380190	46.58550290880	1054
8	-90.73071390600	46.64569619330	1054
8	-90.54087719520	46.58752670790	1054
8	-90.40819985710	46.56861066440	1054
50	-88.47652289930	46.85515165960	1054
50	-88.44661686240	46.79939676690	1055
50	-88.17782681700	46.94589027290	1055
50	-88.18918838160	46.90095818420	1055
50	-88.03668491840	46.91186545730	1055
50	-87.90065413080	46.90976184670	1055
50	-87.66376619900	46.83685158260	1055
50	-87.37153886660	46.50799120170	1055
50	-87.11067912500	46.50147337570	1055
50	-87.00640197650	46.53629363490	1055
50	-86.87138268150	46.44435973140	1055
50	-86.75949570880	46.48663150250	1056
50	-86.63822031920	46.42226370890	1056
50	-86.46239202900	46.56108553350	1056
50	-86.14810909580	46.67305309800	1056
50	-86.09673910050	46.65526853680	1056
50	-85.85753647910	46.69481514820	1056
50	-85.50385058780	46.67417457900	1056
50	-85.23009473380	46.75678532030	1056
50	-84.95475946370	46.77095128290	1056
50	-85.02697150190	46.69433977810	1056
50	-85.01897545560	46.54902410070	1057
50	-85.05165518280	46.50557683680	1057
50	-85.01663974990	46.47644420970	1057
50	-84.93132064550	46.48784352490	1057
50	-84.80365300490	46.44405422730	1057
50	-84.62981479950	46.48294299120	1057
50	-84.57266689800	46.40792634820	1057
50	-84.41596703990	46.48065859850	1057
50	-84.31161404650	46.48866916490	1057
50	-84.18164650830	46.24872085740	1057
50	-84.27313420700	46.20730903210	1058
50	-84.24703149240	46.17144744980	1058
50	-84.11973510800	46.17610861440	1058
50	-84.02957847060	46.12894378130	1058
50	-84.06198100690	46.09447073420	1058
50	-83.98950174380	46.02598575160	1058
50	-83.90195229040	46.00590219510	1058
50	-83.90646070160	45.96023961190	1058
50	-84.11327255720	45.97853868940	1058
50	-84.35448508340	45.99919002610	1058
50	-84.50163489120	45.97834260440	1059
50	-84.61684512850	46.03823009980	1059
50	-84.68902263970	46.03591816480	1059
50	-84.73173222700	45.85567967180	1059
50	-84.85109982890	45.89063670800	1059
50	-85.06162972080	46.02475164440	1059
50	-85.37824286230	46.10004749680	1059
50	-85.50954629980	46.10191144050	1059
50	-85.65538125560	45.97287070380	1059
50	-85.85984466890	45.96946943320	1059
50	-85.91495534980	45.95797817970	1060
50	-85.91710446740	45.91819240060	1060
50	-86.06789144950	45.96421039340	1060
50	-86.25931927070	45.94692966530	1060
50	-86.31563861500	45.90568256480	1060
50	-86.34379558300	45.83439616510	1060
50	-86.45827535640	45.76274745880	1060
50	-86.52938982640	45.74896120960	1060
50	-86.52201061740	45.72409416500	1060
50	-86.57612474230	45.71017403470	1060
50	-86.62978438620	45.62123355870	1061
50	-86.68505337040	45.65004804100	1061
50	-86.69691940550	45.69251111170	1061
50	-86.58473568580	45.81387969680	1061
50	-86.76146920960	45.82606777310	1061
50	-86.90162412050	45.71477815110	1061
50	-87.12375941810	45.69624675050	1061
50	-87.26070703340	45.55480246010	1061
50	-87.33222680530	45.42394270190	1061
50	-87.58386416100	45.16273319600	1061
50	-87.59251431320	45.10850180740	1062
50	-87.67281414050	45.14067263670	1062
8	-92.28727155640	46.65878600390	1062
8	-92.20915417450	46.64687202600	1062
8	-92.09596983180	46.74262748000	1062
8	-92.00415716050	46.68380041240	1062
8	-91.92146093100	46.68013425260	1062
8	-91.55577281850	46.75686000060	1062
8	-90.86173042390	46.95247952330	1062
8	-90.77448622400	46.92023505120	1062
8	-90.77744559540	46.88312255230	1063
50	-90.40819985710	46.56861066440	1063
50	-90.01886460040	46.67863376810	1063
50	-89.88625196940	46.76893523650	1063
50	-89.79124440270	46.82471295350	1063
50	-89.38671808530	46.85020839270	1063
50	-89.21459204020	46.92337846710	1063
50	-89.12518769860	46.99660663280	1063
50	-88.99487570990	46.99710331910	1063
50	-88.92968833620	47.03092616110	1063
50	-88.88483202360	47.10455482040	1064
50	-88.62950007120	47.22581277710	1064
50	-88.61810437420	47.13111439070	1064
50	-88.51121549500	47.10650617740	1064
50	-88.51299498200	47.03258965440	1064
50	-88.44116407720	46.99073460990	1064
50	-88.44596477590	46.92830447100	1064
50	-88.47652289930	46.85515165960	1064
4	-69.03671450700	47.25736160710	1064
4	-68.89487201200	47.18225650930	1064
4	-68.51467304470	47.29696431570	1065
4	-68.39125682560	47.28509713520	1065
4	-68.33481376040	47.35737410530	1065
4	-68.23080677810	47.35214819090	1065
4	-67.79101076590	47.06100360750	1065
4	-67.78028958880	45.94706274220	1065
4	-67.75561507990	45.91658019880	1065
4	-67.79457084480	45.87847571700	1065
4	-67.75936713700	45.82779860580	1065
4	-67.80305340240	45.79450815130	1065
4	-67.80343280590	45.67811360550	1066
4	-67.75295517980	45.65928919420	1066
4	-67.71803459660	45.68129945780	1066
4	-67.61514033220	45.60519889820	1066
4	-67.43930076680	45.59256143000	1066
4	-67.41608424880	45.50355452660	1066
4	-67.50410667760	45.48581600640	1066
4	-67.41855508090	45.37585235060	1066
4	-67.47795006480	45.28028043720	1066
4	-67.43943485450	45.18958395380	1066
4	-67.34560566740	45.12225221850	1067
4	-67.27409523060	45.18278329770	1067
4	-67.16590563890	45.15626437650	1067
4	-67.15066077850	45.12198989630	1067
4	-67.06535862700	44.95929566390	1067
4	-67.14670667680	44.90458119740	1067
4	-66.96927103600	44.82865512730	1067
4	-67.00771875960	44.78062500790	1067
4	-67.20036458720	44.65378123520	1067
4	-67.30846816150	44.65352104020	1067
4	-67.38851044250	44.69140019840	1068
4	-67.57099360230	44.59833321550	1068
4	-67.61883825050	44.54023961930	1068
4	-67.81121893440	44.55400983740	1068
4	-67.85856051790	44.53607720030	1068
4	-67.90004177690	44.45239935260	1068
4	-67.96834222500	44.47122841660	1068
4	-67.96343675700	44.50532742490	1068
4	-67.98652371540	44.48481233650	1068
4	-68.01639298200	44.38495660340	1068
4	-68.07437917140	44.38137436610	1069
4	-68.13626473910	44.47523716540	1069
4	-68.24561426310	44.49064799710	1069
4	-68.36376573620	44.43138684900	1069
4	-68.42857124970	44.46530639120	1069
4	-68.55218617390	44.39904924900	1069
4	-68.53007566160	44.28983610190	1069
4	-68.55942677800	44.25988724560	1069
4	-68.74030987530	44.34633014740	1069
4	-68.81285168430	44.32743227830	1069
4	-68.81376776420	44.41399018140	1070
4	-68.74134870510	44.50728489580	1070
4	-68.74527902560	44.55232063740	1070
4	-68.82355207020	44.60890684040	1070
4	-68.82381284610	44.66408947360	1070
4	-68.86060890700	44.61097040680	1070
4	-68.80790287780	44.56965420700	1070
4	-68.81167776530	44.49459344270	1070
4	-68.95917945790	44.43033183800	1070
4	-68.98502777490	44.27111260050	1070
4	-69.02148227180	44.24409334170	1071
4	-69.07445843050	44.06906601360	1071
4	-69.21914072350	43.94678757720	1071
4	-69.29365048080	43.94219075560	1071
4	-69.34645376750	44.01596955980	1071
4	-69.39448845050	44.02512807890	1071
4	-69.48323307140	43.88716007460	1071
4	-69.58932653870	43.84486280300	1071
4	-69.66445287050	43.85222445870	1071
4	-69.65524480160	43.98024988900	1071
4	-69.61293232320	44.03361285480	1072
4	-69.72063557970	43.93797954790	1072
4	-69.74852839160	43.89337542950	1072
4	-69.72467129800	43.78447716580	1072
4	-69.75035942730	43.76170411410	1072
4	-69.77767298440	43.79127072280	1072
4	-69.80001285950	44.02686672890	1072
4	-69.76675520610	44.04773225930	1072
4	-69.77727626460	44.07414831990	1072
4	-69.85992845820	44.00000105630	1072
4	-69.79152799360	43.75608499400	1073
4	-69.83039218490	43.72798624390	1073
4	-69.85178535410	43.74432798490	1073
4	-69.84615565910	43.84234396600	1073
4	-69.88679087670	43.87671343460	1073
4	-69.90313220110	43.79073231840	1073
4	-69.97290339920	43.76884755830	1073
4	-69.99950010260	43.78620775460	1073
4	-69.98737045600	43.84573876300	1073
4	-70.02640278440	43.84560105520	1073
4	-70.15662851200	43.78981049090	1074
4	-70.23579782550	43.68579642650	1074
4	-70.22223925190	43.57724042790	1074
4	-70.34161061020	43.53490870150	1074
4	-70.36592561240	43.43030372120	1074
4	-70.45697678810	43.34947066830	1074
4	-70.53894107390	43.33571816850	1074
4	-70.66567210510	43.09105056140	1074
4	-70.81866815830	43.12187109160	1074
4	-71.08750924730	45.30146920530	1074
4	-70.95938192350	45.33886576900	1075
4	-70.87644406150	45.22544538030	1075
4	-70.84287553710	45.27813741540	1075
4	-70.81266583450	45.35467802010	1075
4	-70.82913206780	45.39072616170	1075
4	-70.79696691290	45.42517217070	1075
4	-70.63492964350	45.39196703370	1075
4	-70.71991059990	45.51295436050	1075
4	-70.55227013150	45.66066415230	1075
4	-70.39638312280	45.72204599300	1075
4	-70.41621392040	45.79030898540	1076
4	-70.25396410270	45.89900486310	1076
4	-70.24746469220	45.94461975010	1076
4	-70.31029526680	45.96878225760	1076
4	-70.28002256750	46.05315406730	1076
4	-70.30484962970	46.06665833360	1076
4	-70.22932541000	46.13743439410	1076
4	-70.28349664300	46.19024926300	1076
4	-70.19105850350	46.33483975220	1076
4	-70.04660752410	46.42611554380	1076
4	-70.01414471130	46.57059826330	1077
4	-69.98497756610	46.69136567780	1077
4	-69.23029603000	47.45333450300	1077
4	-69.04697642790	47.42203065560	1077
4	-69.03671450700	47.25736160710	1077
50	-88.22227968520	47.20075228440	1077
50	-88.41284339700	46.98809455740	1077
50	-88.47066419280	47.11147259260	1077
50	-88.59426204340	47.13476502860	1077
50	-88.59563230260	47.24359296340	1077
50	-88.50068113270	47.29018021870	1078
50	-88.43790109190	47.35589615670	1078
50	-88.21139179980	47.44783498100	1078
50	-87.78812041260	47.47079304080	1078
50	-87.70438353060	47.41595023930	1078
50	-87.73751047540	47.39302485310	1078
50	-87.91704217980	47.35800703470	1078
50	-88.22227968520	47.20075228440	1078
50	-89.02862266480	47.85065523110	1078
50	-89.13988483010	47.82407601350	1078
50	-89.19291626360	47.84461335740	1079
50	-89.20178730150	47.88385694350	1079
50	-89.15609899360	47.93922809600	1079
50	-88.49752752820	48.17379530520	1079
50	-88.62532706800	48.03316767050	1079
50	-88.90154762760	47.96024851100	1079
50	-89.02862266480	47.85065523110	1079
2	-122.52575001500	48.32104386190	1079
2	-122.52864843900	48.28351011950	1079
2	-122.62350974500	48.29635052370	1079
2	-122.73203413300	48.22541451830	1080
2	-122.61092534500	48.20632134860	1080
2	-122.54620273000	48.07685819420	1080
2	-122.49621274500	48.09407098350	1080
2	-122.37999392500	48.03214629090	1080
2	-122.35539994900	47.96388605660	1080
2	-122.38696091100	47.90454906140	1080
2	-122.44278796400	47.91805627020	1080
2	-122.47161656600	47.98750909400	1080
2	-122.54496126400	47.96753104110	1080
2	-122.60862839700	48.03143075950	1081
2	-122.69555428200	48.18118525230	1081
2	-122.76877826400	48.21881839730	1081
2	-122.73318750100	48.27664717800	1081
2	-122.66561256000	48.39677773890	1081
2	-122.60438406600	48.40478928200	1081
2	-122.52575001500	48.32104386190	1081
2	-123.01888289500	48.48960517050	1081
2	-122.96797834200	48.44379450850	1081
2	-123.09523286800	48.47942281530	1081
2	-123.15971992500	48.52184222370	1082
2	-123.16989933700	48.56256471460	1082
2	-123.14105380800	48.62364712120	1082
2	-123.10372139300	48.60837711920	1082
2	-123.01209491500	48.55747774210	1082
2	-123.00869876000	48.53371932160	1082
2	-122.96798000100	48.52693332230	1082
2	-123.02227112200	48.51335968260	1082
2	-123.01888289500	48.48960517050	1082
2	-117.02911169500	48.83807527310	1082
2	-117.03886845200	48.04618596680	1083
2	-117.03747183200	47.97109241960	1083
2	-117.04179475500	47.36144172500	1083
2	-117.04239192200	47.25850126920	1083
2	-117.04096841200	47.11931911030	1083
2	-117.04192619700	46.53660177460	1083
2	-117.03855854700	46.42798057390	1083
2	-117.04447050600	46.38857397990	1083
2	-117.06418465600	46.34869795310	1083
2	-117.02797359100	46.33542696350	1083
2	-117.00164242000	46.30244875210	1084
2	-116.97272484000	46.24930935870	1084
2	-116.96749047800	46.19755394210	1084
2	-116.92942627400	46.16548326560	1084
2	-116.96163765800	46.09727422260	1084
2	-116.98721180500	46.07850889740	1084
2	-116.95772339100	46.06568768470	1084
2	-116.91913242800	45.99517548750	1084
9	-117.02911169500	48.83807527310	1084
9	-117.03886845200	48.04618596680	1084
9	-117.03747183200	47.97109241960	1085
9	-117.04179475500	47.36144172500	1085
9	-117.04239192200	47.25850126920	1085
9	-117.04096841200	47.11931911030	1085
9	-117.04192619700	46.53660177460	1085
9	-117.03855854700	46.42798057390	1085
9	-117.04447050600	46.38857397990	1085
9	-117.06418465600	46.34869795310	1085
9	-117.02797359100	46.33542696350	1085
9	-117.00164242000	46.30244875210	1085
9	-116.97272484000	46.24930935870	1086
9	-116.96749047800	46.19755394210	1086
9	-116.92942627400	46.16548326560	1086
9	-116.96163765800	46.09727422260	1086
9	-116.98721180500	46.07850889740	1086
9	-116.95772339100	46.06568768470	1086
9	-116.91913242800	45.99517548750	1086
2	-123.30471708500	46.14473757030	1086
2	-123.47077299900	46.27502381880	1086
2	-123.62007647100	46.25866548370	1086
2	-123.72545892000	46.28542385220	1087
2	-123.88577092200	46.24043841750	1087
2	-123.99332948600	46.31027473950	1087
2	-124.07910752800	46.26725925770	1087
2	-124.06551064400	46.63974534640	1087
2	-124.02304291100	46.58354115970	1087
2	-124.01300208100	46.38368001840	1087
2	-123.84145135600	46.40434304640	1087
2	-123.94069347500	46.48111520760	1087
2	-123.89356687100	46.51107986970	1087
2	-123.95771188900	46.61722537350	1088
2	-123.92647034300	46.67306067540	1088
2	-123.84096660200	46.71828805210	1088
2	-123.89554198400	46.74498612300	1088
2	-124.04315840600	46.71585552660	1088
2	-124.09104931400	46.72902276920	1088
2	-124.10206718900	46.78946893390	1088
2	-124.13882703900	46.89998495180	1088
2	-124.10576062100	46.90814869020	1088
2	-124.10473805000	46.87414536540	1088
2	-124.02880861600	46.82376724520	1089
2	-124.04692905300	46.88725321530	1089
2	-123.81265574500	46.96396495190	1089
2	-123.99586477700	46.97638569710	1089
2	-124.03439475500	47.03103361010	1089
2	-124.11236154800	47.04267500480	1089
2	-124.16203636000	46.92961264470	1089
2	-124.19273369500	47.16698245510	1089
2	-124.23142533400	47.27507054620	1089
2	-124.31942693700	47.34923822170	1089
2	-124.34908012000	47.52691009870	1090
2	-124.37360576100	47.63876355710	1090
2	-124.48403497100	47.80825508480	1090
2	-124.60668517600	47.87373510450	1090
2	-124.73276978200	48.14998906750	1090
2	-124.70520961900	48.23199587280	1090
2	-124.71717572400	48.37755762960	1090
2	-124.56354720000	48.35727882160	1090
2	-123.99121575500	48.15916164740	1090
2	-123.39685719200	48.11103055960	1090
2	-123.12322207200	48.14873346130	1091
2	-122.92159457900	48.09417906020	1091
2	-122.92484438000	48.06679639070	1091
2	-122.84111110900	48.13313640280	1091
2	-122.76888258200	48.14399396680	1091
2	-122.80293147400	48.08532148860	1091
2	-122.66156070000	47.91715724090	1091
2	-122.65358555400	47.86443140810	1091
2	-122.74586996400	47.80898810120	1091
2	-122.78980130600	47.80254870560	1091
2	-122.80951747600	47.85707524560	1092
2	-122.85880386900	47.82732838210	1092
2	-122.89936364600	47.67251741810	1092
2	-122.98274461000	47.60547418080	1092
2	-123.11391535400	47.45627374780	1092
2	-123.15406020800	47.34854709580	1092
2	-123.01047114300	47.35302703130	1092
2	-122.83324762800	47.43846448540	1092
2	-123.03620585300	47.35605179080	1092
2	-123.11268531900	47.37156905490	1092
2	-123.02633641000	47.51593603450	1093
2	-122.91696963500	47.61460675980	1093
2	-122.75294272600	47.66068886630	1093
2	-122.72306224500	47.75689949800	1093
2	-122.61116183100	47.85000885680	1093
2	-122.61321768600	47.93618911060	1093
2	-122.53188826200	47.90946104020	1093
2	-122.47358797100	47.75498042140	1093
2	-122.62150973700	47.69696859270	1093
2	-122.58646032200	47.57119133080	1093
2	-122.55526219200	47.58350564370	1094
2	-122.54270189300	47.52273411160	1094
2	-122.50446125100	47.50721661710	1094
2	-122.55844659400	47.39836383670	1094
2	-122.54412510600	47.37392719800	1094
2	-122.58825407000	47.33392972060	1094
2	-122.55315644900	47.28333225300	1094
2	-122.58053073800	47.25138784170	1094
2	-122.61154628200	47.29339852000	1094
2	-122.60691447100	47.27057156300	1094
2	-122.69974481000	47.29208526000	1095
2	-122.62875410800	47.39855357110	1095
2	-122.63743668500	47.39858015040	1095
2	-122.74154930500	47.34145030770	1095
2	-122.76970828700	47.26615637340	1095
2	-122.71980168600	47.22313096130	1095
2	-122.76123857700	47.16249609710	1095
2	-122.82510846500	47.23482629700	1095
2	-122.77333491700	47.33736081770	1095
2	-122.80218419100	47.36074081060	1095
2	-122.88037332900	47.29923301070	1096
2	-123.11543636200	47.20798087700	1096
2	-123.08119986900	47.09005842120	1096
2	-123.03134816000	47.10077406610	1096
2	-122.92314982800	47.04796380340	1096
2	-122.79004880700	47.12585976610	1096
2	-122.72818670600	47.08244115610	1096
2	-122.70007897300	47.09832576400	1096
2	-122.59180679500	47.18006043270	1096
2	-122.53076358000	47.28745617580	1096
2	-122.54658812000	47.31627590420	1097
2	-122.42409393100	47.25947266430	1097
2	-122.39284359000	47.27772237270	1097
2	-122.44160451800	47.30112502870	1097
2	-122.42083715400	47.31884440090	1097
2	-122.32537630600	47.34432342910	1097
2	-122.31973864500	47.39011487400	1097
2	-122.39263372400	47.51024243030	1097
2	-122.38222045000	47.59540904240	1097
2	-122.41481525100	47.66417991540	1097
2	-122.39449232000	47.77417607050	1098
2	-122.30292229300	47.95021481460	1098
2	-122.23012086500	47.96911330100	1098
2	-122.21699198000	48.00743955240	1098
2	-122.36833303200	48.12814173740	1098
2	-122.40201558600	48.22521655120	1098
2	-122.46285514800	48.22836354210	1098
2	-122.45441904400	48.12849218340	1098
2	-122.36133311800	48.06009740090	1098
2	-122.51451117600	48.13397370500	1098
2	-122.54207408700	48.21046050280	1099
2	-122.50913072900	48.25379287830	1099
2	-122.40440479600	48.24659463900	1099
2	-122.37832002800	48.28972108100	1099
2	-122.56436630900	48.41424648910	1099
2	-122.66703196500	48.41289507430	1099
2	-122.69941380700	48.49432820530	1099
2	-122.60817829400	48.51882407280	1099
2	-122.52322784800	48.45840311170	1099
2	-122.47383324500	48.46219546820	1099
2	-122.50529978200	48.55944476600	1100
2	-122.42954505100	48.59939732390	1100
2	-122.48779821000	48.63857005640	1100
2	-122.52655832000	48.71172470630	1100
2	-122.51685349100	48.75792131990	1100
2	-122.69740404400	48.80301504970	1100
2	-122.75424198200	48.90998861470	1100
2	-122.82242127300	48.95072515990	1100
2	-122.74394002500	48.95580806740	1100
2	-122.76511896900	48.99974623440	1100
2	-120.85705949700	48.99983065770	1101
2	-118.84360280700	48.99989843460	1101
2	-118.20035473900	48.99990884140	1101
2	-117.43858041300	48.99991850570	1101
2	-117.03204952400	48.99993132670	1101
2	-117.03204952400	48.99993132670	1101
2	-117.02911169500	48.83807527310	1101
9	-117.03204952400	48.99993132670	1101
9	-117.02911169500	48.83807527310	1101
9	-117.03204952400	48.99993132670	1101
9	-116.06353128900	48.99995046270	1102
3	-111.47542511300	44.70216222600	1102
3	-111.48080400700	44.69141598690	1102
3	-111.46069188500	44.67002306550	1102
3	-111.45826551500	44.65255532000	1102
3	-111.47016782700	44.64071034700	1102
3	-111.50769071000	44.63768857880	1102
3	-111.50174712800	44.61597122930	1102
3	-111.51452646900	44.59319695330	1102
3	-111.49290387000	44.55118909860	1102
3	-111.46282743000	44.54994209100	1103
3	-111.45932530100	44.53792183820	1103
3	-111.48257310600	44.53614383300	1103
3	-111.49024094700	44.52869731460	1103
3	-111.56723085100	44.55286669340	1103
3	-111.60524856400	44.54298984380	1103
3	-111.68486266700	44.55075192390	1103
3	-111.71699771900	44.53376065830	1103
3	-111.76691809500	44.51882538530	1103
3	-111.79260821600	44.51846274170	1103
3	-111.80783730000	44.50398187170	1104
3	-111.87250233800	44.55626584700	1104
3	-111.94038589200	44.54972665450	1104
3	-111.97781832200	44.52967619330	1104
3	-112.02361319900	44.53504320180	1104
3	-112.02707715900	44.52284381410	1104
3	-112.05936691700	44.52861158530	1104
3	-112.09989699100	44.51823174860	1104
3	-112.12419057600	44.52825291900	1104
3	-112.19965792500	44.53144953700	1104
3	-112.21776361800	44.53849526310	1105
3	-112.23039852500	44.55949135490	1105
3	-112.25667556300	44.55997189670	1105
3	-112.28234132800	44.54170286300	1105
3	-112.34250741700	44.52510019040	1105
3	-112.34057705900	44.49718026310	1105
3	-112.36758364100	44.44927053030	1105
3	-112.42075328700	44.44928486520	1105
3	-112.45851970300	44.46883464260	1105
3	-112.50183954800	44.46299737640	1105
3	-112.53932435900	44.47749750380	1106
3	-112.65318903200	44.48080228670	1106
3	-112.71432588500	44.49693547610	1106
3	-112.73371226700	44.48432035210	1106
3	-112.77986314500	44.47392196790	1106
3	-112.79622791900	44.45801087630	1106
3	-112.82669142700	44.42108444140	1106
3	-112.81870994100	44.39481976090	1106
3	-112.81739654300	44.36420252560	1106
3	-112.84427531000	44.35363968580	1106
3	-112.87078112900	44.36997853880	1107
3	-112.88730756300	44.39285203790	1107
3	-112.93828127100	44.40719230380	1107
3	-112.98524965200	44.43554049980	1107
3	-113.01201453200	44.43771517990	1107
3	-113.00665875900	44.45261572580	1107
3	-113.02030913600	44.48177606230	1107
3	-113.00771309600	44.51061195720	1107
3	-113.03782111300	44.53295912250	1107
3	-113.03966067100	44.55629415090	1107
3	-113.08303689000	44.58268138120	1108
3	-113.05428919400	44.62428896540	1108
3	-113.07314395000	44.67552556390	1108
3	-113.09895598200	44.69591595160	1108
3	-113.10170325400	44.71517305410	1108
3	-113.12743131300	44.73737935030	1108
3	-113.13827390600	44.76143921720	1108
3	-113.24033835200	44.81184089430	1108
3	-113.25715426300	44.81048683660	1108
3	-113.31868010100	44.78022850720	1108
3	-113.34063107100	44.77900017160	1109
3	-113.35002422400	44.80756865720	1109
3	-113.42137886300	44.83369963260	1109
3	-113.44557335700	44.85123981380	1109
3	-113.49619094500	44.93067038250	1109
3	-113.48734824500	44.93957394840	1109
3	-113.46341376100	44.94077550090	1109
3	-113.44876485100	44.94952263150	1109
3	-113.44102942900	44.99819478650	1109
3	-113.45885312900	45.02744949380	1109
3	-113.45543539400	45.04334895770	1110
3	-113.48630551500	45.05832159170	1110
3	-113.49015880300	45.07121894250	1110
3	-113.52060907000	45.08206385130	1110
3	-113.51022566300	45.10783572290	1110
3	-113.55227267800	45.10754923250	1110
3	-113.57437598300	45.11771124980	1110
3	-113.57158386000	45.13454531960	1110
3	-113.59409923300	45.14974266190	1110
3	-113.60092834200	45.18099218890	1110
3	-113.64559265700	45.20679020030	1111
3	-113.69012008800	45.26228152920	1111
3	-113.68870893800	45.27778824790	1111
3	-113.73908072000	45.32153077270	1111
3	-113.74130998500	45.38238648410	1111
3	-113.77502593800	45.41017240870	1111
3	-113.78566241700	45.44563368000	1111
3	-113.76916795600	45.47770771220	1111
3	-113.77230432500	45.50705412640	1111
3	-113.78093352100	45.51686548840	1111
3	-113.83371500600	45.51490814830	1112
3	-113.80375448700	45.58372951070	1112
3	-113.82248533600	45.60063616040	1112
3	-113.85202720100	45.60956236650	1112
3	-113.90330568600	45.61349115200	1112
3	-113.90219968100	45.63725298210	1112
3	-113.92353220600	45.65512474580	1112
3	-113.92669867200	45.67121135320	1112
3	-113.96414474600	45.67937839000	1112
3	-113.97114890500	45.69737614400	1112
3	-114.00947216900	45.68633229950	1113
3	-114.01987877800	45.67237801790	1113
3	-114.01099008500	45.65251106360	1113
3	-114.01803207100	45.64077314960	1113
3	-114.05651557900	45.62514400630	1113
3	-114.08296699000	45.58637870560	1113
3	-114.11813928900	45.57112721880	1113
3	-114.13204784900	45.55038269670	1113
3	-114.17266778800	45.54392407100	1113
3	-114.19480875000	45.52791734950	1113
3	-114.24199791000	45.53529082830	1114
3	-114.24788006200	45.50294578770	1114
3	-114.26223890100	45.48585970420	1114
3	-114.32643450300	45.45742466600	1114
3	-114.35024666200	45.46338305860	1114
3	-114.37145722300	45.48574080140	1114
3	-114.41905101600	45.49900799890	1114
3	-114.43355512000	45.52763358260	1114
3	-114.46270806600	45.54784763480	1114
3	-114.49659127100	45.54664962340	1114
3	-114.52739214100	45.55819291370	1115
3	-114.56092431700	45.54873998230	1115
3	-114.54095780500	45.59639733860	1115
3	-114.56467847400	45.62427146420	1115
3	-114.50174173500	45.65239374590	1115
3	-114.51070665500	45.67405753930	1115
3	-114.49756088500	45.69440150400	1115
3	-114.53497676800	45.72299655210	1115
3	-114.54195800200	45.74599930640	1115
3	-114.56354238300	45.76239875430	1115
3	-114.51737577100	45.81006780880	1116
3	-114.49916407600	45.84268383880	1116
3	-114.47380326800	45.83946811280	1116
3	-114.44323158600	45.85262141800	1116
3	-114.40752501700	45.84645312790	1116
3	-114.39283828400	45.87088652430	1116
3	-114.41353011700	45.91065119990	1116
3	-114.42946079500	45.92147735470	1116
3	-114.40529057900	45.95397892860	1116
3	-114.41244729700	45.97197299010	1116
3	-114.48445540900	45.98980666540	1117
3	-114.47452963900	46.00976534120	1117
3	-114.49432105700	46.02341055040	1117
3	-114.46575658300	46.05081557880	1117
3	-114.45602962700	46.08222983110	1117
3	-114.47737007200	46.10735735110	1117
3	-114.50656859500	46.11614257810	1117
3	-114.51894423300	46.13606300380	1117
3	-114.50961370500	46.15741785420	1117
3	-114.46701788100	46.15526264440	1117
3	-114.44087940400	46.16896899310	1118
3	-114.43955309300	46.22025410520	1118
3	-114.47283362600	46.24378324050	1118
3	-114.47379518900	46.25296144730	1118
3	-114.43179579200	46.28471135190	1118
3	-114.40979607900	46.39291182820	1118
3	-114.39701690600	46.39954564900	1118
3	-114.38402489500	46.42817890780	1118
3	-114.41071493900	46.48737166800	1118
3	-114.36046782800	46.50612496440	1118
3	-114.35011500400	46.51738981560	1119
3	-114.34331952800	46.58788169280	1119
3	-114.32471239300	46.62283974210	1119
3	-114.33468519800	46.65422703060	1119
3	-114.38401773100	46.66159662230	1119
3	-114.44153590800	46.64571558740	1119
3	-114.48471804300	46.62357480910	1119
3	-114.54039089700	46.63789093310	1119
3	-114.61082598700	46.62904803600	1119
3	-114.64474012100	46.66082404720	1119
3	-114.64503801300	46.67092148740	1120
3	-114.62592671300	46.68710729640	1120
3	-114.67388723000	46.73472166480	1120
3	-114.69843122600	46.73376015780	1120
3	-114.74810547800	46.69513241710	1120
3	-114.78291947300	46.70304007380	1120
3	-114.77783219900	46.75571695150	1120
3	-114.79403003400	46.76653167340	1120
3	-114.84079189100	46.77553813400	1120
3	-114.86660324300	46.79704554790	1120
3	-114.90232495600	46.79943348720	1121
3	-114.94840884000	46.85244681300	1121
3	-114.94056655700	46.89088795480	1121
3	-114.92412521400	46.90716546710	1121
3	-114.96473024000	46.92521295420	1121
3	-115.00157426800	46.95880934110	1121
3	-115.03733458100	46.96300130410	1121
3	-115.05563838500	46.97335809520	1121
3	-115.08133605500	47.02652440820	1121
3	-115.13550708500	47.06355050600	1121
3	-115.14868384200	47.09174197250	1122
3	-115.17249607200	47.09757077510	1122
3	-115.19307357000	47.12402643970	1122
3	-115.29623465400	47.17955012970	1122
3	-115.32522783400	47.24514993520	1122
3	-115.34366109800	47.25502252880	1122
3	-115.40820775000	47.26359369280	1122
3	-115.42664105200	47.27437419020	1122
3	-115.50193015600	47.28164439310	1122
3	-115.52306407200	47.29198256940	1122
3	-115.55552067100	47.33461326130	1123
3	-115.59953590700	47.37000334110	1123
3	-115.63878232600	47.38004387330	1123
3	-115.66647779000	47.39916751730	1123
3	-115.75032663300	47.42247583380	1123
3	-115.75010555800	47.43396606780	1123
3	-115.73248153000	47.44530376820	1123
3	-115.65608713800	47.44917988850	1123
3	-115.64318573800	47.45779380750	1123
3	-115.64014182000	47.47523519830	1123
3	-115.69277052600	47.48954057760	1124
3	-115.70152264300	47.52089363100	1124
3	-115.74282939100	47.53369150530	1124
3	-115.69208790900	47.59072095330	1124
3	-115.69828413700	47.61608069920	1124
3	-115.73406740800	47.63987977570	1124
3	-115.73366531700	47.69555449440	1124
3	-115.77572725700	47.70973262420	1124
3	-115.79053751800	47.74483840020	1124
3	-115.83674210500	47.75628147910	1124
3	-115.84932396200	47.80518247070	1125
3	-115.86980951700	47.82745247880	1125
3	-115.90392118800	47.84107409710	1125
3	-115.93784228700	47.86712411470	1125
3	-115.99893236800	47.92514082910	1125
3	-116.02531608700	47.96493915810	1125
3	-116.05349244900	47.97619177150	1125
3	-116.05549750900	48.20848377190	1125
3	-116.05669220300	48.49866518870	1125
3	-116.06353128900	48.99995046270	1125
9	-111.47542511300	44.70216222600	1126
9	-111.48080400700	44.69141598690	1126
9	-111.46069188500	44.67002306550	1126
9	-111.45826551500	44.65255532000	1126
9	-111.47016782700	44.64071034700	1126
9	-111.50769071000	44.63768857880	1126
9	-111.50174712800	44.61597122930	1126
9	-111.51452646900	44.59319695330	1126
9	-111.49290387000	44.55118909860	1126
9	-111.46282743000	44.54994209100	1126
9	-111.45932530100	44.53792183820	1127
9	-111.48257310600	44.53614383300	1127
9	-111.49024094700	44.52869731460	1127
9	-111.56723085100	44.55286669340	1127
9	-111.60524856400	44.54298984380	1127
9	-111.68486266700	44.55075192390	1127
9	-111.71699771900	44.53376065830	1127
9	-111.76691809500	44.51882538530	1127
9	-111.79260821600	44.51846274170	1127
9	-111.80783730000	44.50398187170	1127
9	-111.87250233800	44.55626584700	1128
9	-111.94038589200	44.54972665450	1128
9	-111.97781832200	44.52967619330	1128
9	-112.02361319900	44.53504320180	1128
9	-112.02707715900	44.52284381410	1128
9	-112.05936691700	44.52861158530	1128
9	-112.09989699100	44.51823174860	1128
9	-112.12419057600	44.52825291900	1128
9	-112.19965792500	44.53144953700	1128
9	-112.21776361800	44.53849526310	1128
9	-112.23039852500	44.55949135490	1129
9	-112.25667556300	44.55997189670	1129
9	-112.28234132800	44.54170286300	1129
9	-112.34250741700	44.52510019040	1129
9	-112.34057705900	44.49718026310	1129
9	-112.36758364100	44.44927053030	1129
9	-112.42075328700	44.44928486520	1129
9	-112.45851970300	44.46883464260	1129
9	-112.50183954800	44.46299737640	1129
9	-112.53932435900	44.47749750380	1129
9	-112.65318903200	44.48080228670	1130
9	-112.71432588500	44.49693547610	1130
9	-112.73371226700	44.48432035210	1130
9	-112.77986314500	44.47392196790	1130
9	-112.79622791900	44.45801087630	1130
9	-112.82669142700	44.42108444140	1130
9	-112.81870994100	44.39481976090	1130
9	-112.81739654300	44.36420252560	1130
9	-112.84427531000	44.35363968580	1130
9	-112.87078112900	44.36997853880	1130
9	-112.88730756300	44.39285203790	1131
9	-112.93828127100	44.40719230380	1131
9	-112.98524965200	44.43554049980	1131
9	-113.01201453200	44.43771517990	1131
9	-113.00665875900	44.45261572580	1131
9	-113.02030913600	44.48177606230	1131
9	-113.00771309600	44.51061195720	1131
9	-113.03782111300	44.53295912250	1131
9	-113.03966067100	44.55629415090	1131
9	-113.08303689000	44.58268138120	1131
9	-113.05428919400	44.62428896540	1132
9	-113.07314395000	44.67552556390	1132
9	-113.09895598200	44.69591595160	1132
9	-113.10170325400	44.71517305410	1132
9	-113.12743131300	44.73737935030	1132
9	-113.13827390600	44.76143921720	1132
9	-113.24033835200	44.81184089430	1132
9	-113.25715426300	44.81048683660	1132
9	-113.31868010100	44.78022850720	1132
9	-113.34063107100	44.77900017160	1132
9	-113.35002422400	44.80756865720	1133
9	-113.42137886300	44.83369963260	1133
9	-113.44557335700	44.85123981380	1133
9	-113.49619094500	44.93067038250	1133
9	-113.48734824500	44.93957394840	1133
9	-113.46341376100	44.94077550090	1133
9	-113.44876485100	44.94952263150	1133
9	-113.44102942900	44.99819478650	1133
9	-113.45885312900	45.02744949380	1133
9	-113.45543539400	45.04334895770	1133
9	-113.48630551500	45.05832159170	1134
9	-113.49015880300	45.07121894250	1134
9	-113.52060907000	45.08206385130	1134
9	-113.51022566300	45.10783572290	1134
9	-113.55227267800	45.10754923250	1134
9	-113.57437598300	45.11771124980	1134
9	-113.57158386000	45.13454531960	1134
9	-113.59409923300	45.14974266190	1134
9	-113.60092834200	45.18099218890	1134
9	-113.64559265700	45.20679020030	1134
9	-113.69012008800	45.26228152920	1135
9	-113.68870893800	45.27778824790	1135
9	-113.73908072000	45.32153077270	1135
9	-113.74130998500	45.38238648410	1135
9	-113.77502593800	45.41017240870	1135
9	-113.78566241700	45.44563368000	1135
9	-113.76916795600	45.47770771220	1135
9	-113.77230432500	45.50705412640	1135
9	-113.78093352100	45.51686548840	1135
9	-113.83371500600	45.51490814830	1135
9	-113.80375448700	45.58372951070	1136
9	-113.82248533600	45.60063616040	1136
9	-113.85202720100	45.60956236650	1136
9	-113.90330568600	45.61349115200	1136
9	-113.90219968100	45.63725298210	1136
9	-113.92353220600	45.65512474580	1136
9	-113.92669867200	45.67121135320	1136
9	-113.96414474600	45.67937839000	1136
9	-113.97114890500	45.69737614400	1136
9	-114.00947216900	45.68633229950	1136
9	-114.01987877800	45.67237801790	1137
9	-114.01099008500	45.65251106360	1137
9	-114.01803207100	45.64077314960	1137
9	-114.05651557900	45.62514400630	1137
9	-114.08296699000	45.58637870560	1137
9	-114.11813928900	45.57112721880	1137
9	-114.13204784900	45.55038269670	1137
9	-114.17266778800	45.54392407100	1137
9	-114.19480875000	45.52791734950	1137
9	-114.24199791000	45.53529082830	1137
9	-114.24788006200	45.50294578770	1138
9	-114.26223890100	45.48585970420	1138
9	-114.32643450300	45.45742466600	1138
9	-114.35024666200	45.46338305860	1138
9	-114.37145722300	45.48574080140	1138
9	-114.41905101600	45.49900799890	1138
9	-114.43355512000	45.52763358260	1138
9	-114.46270806600	45.54784763480	1138
9	-114.49659127100	45.54664962340	1138
9	-114.52739214100	45.55819291370	1138
9	-114.56092431700	45.54873998230	1139
9	-114.54095780500	45.59639733860	1139
9	-114.56467847400	45.62427146420	1139
9	-114.50174173500	45.65239374590	1139
9	-114.51070665500	45.67405753930	1139
9	-114.49756088500	45.69440150400	1139
9	-114.53497676800	45.72299655210	1139
9	-114.54195800200	45.74599930640	1139
9	-114.56354238300	45.76239875430	1139
9	-114.51737577100	45.81006780880	1139
9	-114.49916407600	45.84268383880	1140
9	-114.47380326800	45.83946811280	1140
9	-114.44323158600	45.85262141800	1140
9	-114.40752501700	45.84645312790	1140
9	-114.39283828400	45.87088652430	1140
9	-114.41353011700	45.91065119990	1140
9	-114.42946079500	45.92147735470	1140
9	-114.40529057900	45.95397892860	1140
9	-114.41244729700	45.97197299010	1140
9	-114.48445540900	45.98980666540	1140
9	-114.47452963900	46.00976534120	1141
9	-114.49432105700	46.02341055040	1141
9	-114.46575658300	46.05081557880	1141
9	-114.45602962700	46.08222983110	1141
9	-114.47737007200	46.10735735110	1141
9	-114.50656859500	46.11614257810	1141
9	-114.51894423300	46.13606300380	1141
9	-114.50961370500	46.15741785420	1141
9	-114.46701788100	46.15526264440	1141
9	-114.44087940400	46.16896899310	1141
9	-114.43955309300	46.22025410520	1142
9	-114.47283362600	46.24378324050	1142
9	-114.47379518900	46.25296144730	1142
9	-114.43179579200	46.28471135190	1142
9	-114.40979607900	46.39291182820	1142
9	-114.39701690600	46.39954564900	1142
9	-114.38402489500	46.42817890780	1142
9	-114.41071493900	46.48737166800	1142
9	-114.36046782800	46.50612496440	1142
9	-114.35011500400	46.51738981560	1142
9	-114.34331952800	46.58788169280	1143
9	-114.32471239300	46.62283974210	1143
9	-114.33468519800	46.65422703060	1143
9	-114.38401773100	46.66159662230	1143
9	-114.44153590800	46.64571558740	1143
9	-114.48471804300	46.62357480910	1143
9	-114.54039089700	46.63789093310	1143
9	-114.61082598700	46.62904803600	1143
9	-114.64474012100	46.66082404720	1143
9	-114.64503801300	46.67092148740	1143
9	-114.62592671300	46.68710729640	1144
9	-114.67388723000	46.73472166480	1144
9	-114.69843122600	46.73376015780	1144
9	-114.74810547800	46.69513241710	1144
9	-114.78291947300	46.70304007380	1144
9	-114.77783219900	46.75571695150	1144
9	-114.79403003400	46.76653167340	1144
9	-114.84079189100	46.77553813400	1144
9	-114.86660324300	46.79704554790	1144
9	-114.90232495600	46.79943348720	1144
9	-114.94840884000	46.85244681300	1145
9	-114.94056655700	46.89088795480	1145
9	-114.92412521400	46.90716546710	1145
9	-114.96473024000	46.92521295420	1145
9	-115.00157426800	46.95880934110	1145
9	-115.03733458100	46.96300130410	1145
9	-115.05563838500	46.97335809520	1145
9	-115.08133605500	47.02652440820	1145
9	-115.13550708500	47.06355050600	1145
9	-115.14868384200	47.09174197250	1145
9	-115.17249607200	47.09757077510	1146
9	-115.19307357000	47.12402643970	1146
9	-115.29623465400	47.17955012970	1146
9	-115.32522783400	47.24514993520	1146
9	-115.34366109800	47.25502252880	1146
9	-115.40820775000	47.26359369280	1146
9	-115.42664105200	47.27437419020	1146
9	-115.50193015600	47.28164439310	1146
9	-115.52306407200	47.29198256940	1146
9	-115.55552067100	47.33461326130	1146
9	-115.59953590700	47.37000334110	1147
9	-115.63878232600	47.38004387330	1147
9	-115.66647779000	47.39916751730	1147
9	-115.75032663300	47.42247583380	1147
9	-115.75010555800	47.43396606780	1147
9	-115.73248153000	47.44530376820	1147
9	-115.65608713800	47.44917988850	1147
9	-115.64318573800	47.45779380750	1147
9	-115.64014182000	47.47523519830	1147
9	-115.69277052600	47.48954057760	1147
9	-115.70152264300	47.52089363100	1148
9	-115.74282939100	47.53369150530	1148
9	-115.69208790900	47.59072095330	1148
9	-115.69828413700	47.61608069920	1148
9	-115.73406740800	47.63987977570	1148
9	-115.73366531700	47.69555449440	1148
9	-115.77572725700	47.70973262420	1148
9	-115.79053751800	47.74483840020	1148
9	-115.83674210500	47.75628147910	1148
9	-115.84932396200	47.80518247070	1148
9	-115.86980951700	47.82745247880	1149
9	-115.90392118800	47.84107409710	1149
9	-115.93784228700	47.86712411470	1149
9	-115.99893236800	47.92514082910	1149
9	-116.02531608700	47.96493915810	1149
9	-116.05349244900	47.97619177150	1149
9	-116.05549750900	48.20848377190	1149
9	-116.05669220300	48.49866518870	1149
9	-116.06353128900	48.99995046270	1149
5	-97.22943644380	48.99998775670	1149
5	-97.21636909580	48.93182991820	1150
5	-97.17572751730	48.87375778730	1150
5	-97.17120441180	48.83598048040	1150
5	-97.18042185590	48.81553749940	1150
5	-97.16471240570	48.81036830300	1150
5	-97.17394470120	48.80151446410	1150
5	-97.14751600300	48.78117010580	1150
5	-97.13924598740	48.76354211150	1150
5	-97.14789838870	48.75565339290	1150
5	-97.13250180050	48.74721879010	1150
5	-97.13480616140	48.72623793060	1151
5	-97.11010128170	48.70858304520	1151
5	-97.11673926660	48.69524311840	1151
5	-97.09716927670	48.67452891360	1151
5	-97.10763005640	48.62994658200	1151
5	-97.12744434550	48.62979433940	1151
5	-97.12295817570	48.62076865970	1151
5	-97.14471807470	48.61402463690	1151
5	-97.14081190370	48.58690580620	1151
5	-97.15819230110	48.58364072610	1151
5	-97.15212680110	48.57285643820	1152
5	-97.16794315060	48.56226327940	1152
5	-97.14661837240	48.54953702810	1152
5	-97.16043569380	48.54507788550	1152
5	-97.15553751110	48.53839824290	1152
5	-97.13938559120	48.53464808970	1152
5	-97.14832765900	48.51795127570	1152
5	-97.13459432660	48.51731396620	1152
5	-97.14361295280	48.43810959400	1152
5	-97.11963315140	48.43710207610	1152
5	-97.12260118110	48.41610987740	1153
5	-97.15164698120	48.41961229470	1153
5	-97.14982354770	48.40999160570	1153
5	-97.12912451530	48.40788551890	1153
5	-97.15881888910	48.38820605670	1153
5	-97.13520540020	48.38441001030	1153
5	-97.13378635980	48.37245473760	1153
5	-97.15039594230	48.36321585050	1153
5	-97.13112369980	48.36149126290	1153
5	-97.13713595270	48.32599183990	1153
5	-97.11259178050	48.31992604180	1154
5	-97.13263460240	48.31096949990	1154
5	-97.11475103860	48.30361827020	1154
5	-97.11372110770	48.29488260640	1154
5	-97.13051368580	48.29304040670	1154
5	-97.11268354860	48.28614694250	1154
5	-97.11171465320	48.27787667240	1154
5	-97.13665558110	48.26448372510	1154
5	-97.12378464070	48.25917344730	1154
5	-97.12755405770	48.23352338130	1154
5	-97.10923575530	48.22804892120	1155
5	-97.13975391720	48.22175517690	1155
5	-97.11089946310	48.20760583270	1155
5	-97.13082783290	48.20374188570	1155
5	-97.13727498100	48.19506350870	1155
5	-97.13629125790	48.17522692550	1155
5	-97.13744349770	48.16776916250	1155
5	-97.11606577860	48.15922376010	1155
5	-97.13651316890	48.14839797610	1155
5	-97.12091854670	48.14277475960	1155
5	-97.12187286580	48.11636925010	1156
5	-97.09903037740	48.10097253650	1156
5	-97.09272143410	48.07034395190	1156
5	-97.06707134790	48.04816454870	1156
5	-97.04805316840	47.95492432040	1156
5	-97.01533108590	47.91789007330	1156
5	-97.02056624470	47.87556945790	1156
5	-97.00034048080	47.87019786700	1156
5	-96.97723158630	47.82802938020	1156
5	-96.98389283620	47.80966152370	1156
5	-96.95783043540	47.79444035020	1157
5	-96.93201267050	47.76350633440	1157
5	-96.92365919200	47.71409444630	1157
5	-96.88942557470	47.67392523330	1157
5	-96.87333553060	47.61525494210	1157
5	-96.85221685160	47.60115157750	1157
5	-96.85866448750	47.56297801910	1157
5	-96.84918872370	47.54456805970	1157
5	-96.86068697530	47.52135589060	1157
5	-96.85161561490	47.50061895560	1157
5	-96.86668409500	47.46153767200	1158
5	-96.85582702240	47.43675321510	1158
5	-96.86724853730	47.41308709260	1158
5	-96.85000552430	47.40893619130	1158
5	-96.83982751830	47.38411738870	1158
5	-96.85063102750	47.36095479650	1158
5	-96.83846171590	47.34224326710	1158
5	-96.84674742490	47.31460213930	1158
5	-96.83771390150	47.29388415320	1158
5	-96.84962364140	47.25684371720	1158
5	-96.83706533210	47.24045886250	1159
5	-96.82649105310	47.17006385620	1159
5	-96.83916391920	47.15188672450	1159
5	-96.81915177390	47.09260394610	1159
5	-96.82696455550	47.07883274990	1159
5	-96.82260828540	47.03393232290	1159
5	-96.83529642490	47.01023133660	1159
5	-96.82453110060	47.00343681490	1159
5	-96.81677225710	46.96977932050	1159
5	-96.79342569630	46.96964126580	1159
5	-96.80188711680	46.95584374630	1160
5	-96.78971039130	46.94820252840	1160
5	-96.78792529590	46.93218454470	1160
5	-96.76306801170	46.93626172440	1160
5	-96.75691111940	46.92278040680	1160
5	-96.77806115640	46.86734962230	1160
5	-96.76824981430	46.84486171800	1160
5	-96.79719698570	46.81203312740	1160
5	-96.78038206030	46.76231192360	1160
5	-96.78155667130	46.70704424820	1160
5	-96.79369502510	46.67880402680	1161
5	-96.79024584630	46.62977323110	1161
5	-96.78431757430	46.62411207990	1161
5	-96.77104176600	46.59998372730	1161
5	-96.75122754050	46.58861938570	1161
5	-96.74031597630	46.48943263620	1161
5	-96.71489385910	46.46871846800	1161
5	-96.70968261750	46.42716825810	1161
5	-96.68822802670	46.41221825910	1161
5	-96.65210161670	46.35943374500	1161
5	-96.61486147180	46.35081251220	1162
5	-96.60207424770	46.33632420340	1162
5	-96.59818306920	46.23868258740	1162
5	-96.58645617280	46.21541304120	1162
5	-96.58789029850	46.19191835010	1162
5	-96.57116608820	46.17717465870	1162
5	-96.55193099520	46.09552889810	1162
5	-96.57621526480	46.02127962990	1162
5	-96.56180218010	45.94768308220	1162
5	-96.56692152990	45.93411045530	1162
11	-97.22943644380	48.99998775670	1163
11	-97.21636909580	48.93182991820	1163
11	-97.17572751730	48.87375778730	1163
11	-97.17120441180	48.83598048040	1163
11	-97.18042185590	48.81553749940	1163
11	-97.16471240570	48.81036830300	1163
11	-97.17394470120	48.80151446410	1163
11	-97.14751600300	48.78117010580	1163
11	-97.13924598740	48.76354211150	1163
11	-97.14789838870	48.75565339290	1163
11	-97.13250180050	48.74721879010	1164
11	-97.13480616140	48.72623793060	1164
11	-97.11010128170	48.70858304520	1164
11	-97.11673926660	48.69524311840	1164
11	-97.09716927670	48.67452891360	1164
11	-97.10763005640	48.62994658200	1164
11	-97.12744434550	48.62979433940	1164
11	-97.12295817570	48.62076865970	1164
11	-97.14471807470	48.61402463690	1164
11	-97.14081190370	48.58690580620	1164
11	-97.15819230110	48.58364072610	1165
11	-97.15212680110	48.57285643820	1165
11	-97.16794315060	48.56226327940	1165
11	-97.14661837240	48.54953702810	1165
11	-97.16043569380	48.54507788550	1165
11	-97.15553751110	48.53839824290	1165
11	-97.13938559120	48.53464808970	1165
11	-97.14832765900	48.51795127570	1165
11	-97.13459432660	48.51731396620	1165
11	-97.14361295280	48.43810959400	1165
11	-97.11963315140	48.43710207610	1166
11	-97.12260118110	48.41610987740	1166
11	-97.15164698120	48.41961229470	1166
11	-97.14982354770	48.40999160570	1166
11	-97.12912451530	48.40788551890	1166
11	-97.15881888910	48.38820605670	1166
11	-97.13520540020	48.38441001030	1166
11	-97.13378635980	48.37245473760	1166
11	-97.15039594230	48.36321585050	1166
11	-97.13112369980	48.36149126290	1166
11	-97.13713595270	48.32599183990	1167
11	-97.11259178050	48.31992604180	1167
11	-97.13263460240	48.31096949990	1167
11	-97.11475103860	48.30361827020	1167
11	-97.11372110770	48.29488260640	1167
11	-97.13051368580	48.29304040670	1167
11	-97.11268354860	48.28614694250	1167
11	-97.11171465320	48.27787667240	1167
11	-97.13665558110	48.26448372510	1167
11	-97.12378464070	48.25917344730	1167
11	-97.12755405770	48.23352338130	1168
11	-97.10923575530	48.22804892120	1168
11	-97.13975391720	48.22175517690	1168
11	-97.11089946310	48.20760583270	1168
11	-97.13082783290	48.20374188570	1168
11	-97.13727498100	48.19506350870	1168
11	-97.13629125790	48.17522692550	1168
11	-97.13744349770	48.16776916250	1168
11	-97.11606577860	48.15922376010	1168
11	-97.13651316890	48.14839797610	1168
11	-97.12091854670	48.14277475960	1169
11	-97.12187286580	48.11636925010	1169
11	-97.09903037740	48.10097253650	1169
11	-97.09272143410	48.07034395190	1169
11	-97.06707134790	48.04816454870	1169
11	-97.04805316840	47.95492432040	1169
11	-97.01533108590	47.91789007330	1169
11	-97.02056624470	47.87556945790	1169
11	-97.00034048080	47.87019786700	1169
11	-96.97723158630	47.82802938020	1169
11	-96.98389283620	47.80966152370	1170
11	-96.95783043540	47.79444035020	1170
11	-96.93201267050	47.76350633440	1170
11	-96.92365919200	47.71409444630	1170
11	-96.88942557470	47.67392523330	1170
11	-96.87333553060	47.61525494210	1170
11	-96.85221685160	47.60115157750	1170
11	-96.85866448750	47.56297801910	1170
11	-96.84918872370	47.54456805970	1170
11	-96.86068697530	47.52135589060	1170
11	-96.85161561490	47.50061895560	1171
11	-96.86668409500	47.46153767200	1171
11	-96.85582702240	47.43675321510	1171
11	-96.86724853730	47.41308709260	1171
11	-96.85000552430	47.40893619130	1171
11	-96.83982751830	47.38411738870	1171
11	-96.85063102750	47.36095479650	1171
11	-96.83846171590	47.34224326710	1171
11	-96.84674742490	47.31460213930	1171
11	-96.83771390150	47.29388415320	1171
11	-96.84962364140	47.25684371720	1172
11	-96.83706533210	47.24045886250	1172
11	-96.82649105310	47.17006385620	1172
11	-96.83916391920	47.15188672450	1172
11	-96.81915177390	47.09260394610	1172
11	-96.82696455550	47.07883274990	1172
11	-96.82260828540	47.03393232290	1172
11	-96.83529642490	47.01023133660	1172
11	-96.82453110060	47.00343681490	1172
11	-96.81677225710	46.96977932050	1172
11	-96.79342569630	46.96964126580	1173
11	-96.80188711680	46.95584374630	1173
11	-96.78971039130	46.94820252840	1173
11	-96.78792529590	46.93218454470	1173
11	-96.76306801170	46.93626172440	1173
11	-96.75691111940	46.92278040680	1173
11	-96.77806115640	46.86734962230	1173
11	-96.76824981430	46.84486171800	1173
11	-96.79719698570	46.81203312740	1173
11	-96.78038206030	46.76231192360	1173
11	-96.78155667130	46.70704424820	1174
11	-96.79369502510	46.67880402680	1174
11	-96.79024584630	46.62977323110	1174
11	-96.78431757430	46.62411207990	1174
11	-96.77104176600	46.59998372730	1174
11	-96.75122754050	46.58861938570	1174
11	-96.74031597630	46.48943263620	1174
11	-96.71489385910	46.46871846800	1174
11	-96.70968261750	46.42716825810	1174
11	-96.68822802670	46.41221825910	1174
11	-96.65210161670	46.35943374500	1175
11	-96.61486147180	46.35081251220	1175
11	-96.60207424770	46.33632420340	1175
11	-96.59818306920	46.23868258740	1175
11	-96.58645617280	46.21541304120	1175
11	-96.58789029850	46.19191835010	1175
11	-96.57116608820	46.17717465870	1175
11	-96.55193099520	46.09552889810	1175
11	-96.57621526480	46.02127962990	1175
11	-96.56180218010	45.94768308220	1175
11	-96.56692152990	45.93411045530	1176
3	-116.06353128900	48.99995046270	1176
3	-114.72932527800	48.99997017860	1176
3	-114.06346351000	48.99997750570	1176
3	-112.18838742000	48.99999193670	1176
3	-111.28267944200	49.00001160220	1176
3	-110.75079731000	49.00000540610	1176
3	-109.50073704500	49.00000500410	1176
3	-108.25067487400	49.00000962540	1176
3	-107.18812087100	49.00001713960	1176
3	-106.12557964000	49.00002118780	1177
3	-105.06303448800	49.00002134540	1177
3	-104.06299110200	49.00002674870	1177
3	-104.06299110200	49.00002674870	1177
3	-104.05231763600	48.64582473400	1177
3	-104.05211148300	48.39101935940	1177
3	-104.04842516800	48.00008127940	1177
3	-104.04730765900	47.40001728870	1177
3	-104.04592650500	47.33383202940	1177
3	-104.04743749100	46.64294747650	1177
3	-104.04670557000	46.54253951970	1178
3	-104.04783642900	46.28088147640	1178
3	-104.04890634400	45.94299366710	1178
5	-104.06299110200	49.00002674870	1178
5	-104.05231763600	48.64582473400	1178
5	-104.05211148300	48.39101935940	1178
5	-104.04842516800	48.00008127940	1178
5	-104.04730765900	47.40001728870	1178
5	-104.04592650500	47.33383202940	1178
5	-104.04743749100	46.64294747650	1178
5	-104.04670557000	46.54253951970	1179
5	-104.04783642900	46.28088147640	1179
5	-104.04890634400	45.94299366710	1179
5	-104.06299110200	49.00002674870	1179
5	-102.93795880800	49.00002619920	1179
5	-102.02226442300	49.00001527710	1179
5	-101.50043742900	49.00002009560	1179
5	-100.18790828600	49.00000221470	1179
5	-99.53356599300	49.00000863360	1179
5	-99.00040340060	49.00000651750	1179
5	-97.93786778440	48.99999189370	1180
5	-97.22943644380	48.99998775670	1180
11	-97.22943644380	48.99998775670	1180
11	-96.40691518440	48.99998207130	1180
11	-95.27665711530	48.99999121220	1180
11	-95.15774988940	48.99999591490	1180
11	-95.15186733480	49.37173014380	1180
11	-94.83203926130	49.33080591650	1180
11	-94.68124994570	48.87716131100	1180
11	-94.69443202240	48.77761553000	1180
11	-94.57031273680	48.71367626360	1181
11	-94.43063447340	48.71078528100	1181
11	-94.29233689060	48.70771113570	1181
11	-94.23082738690	48.65198755230	1181
11	-93.84390378710	48.62473697720	1181
11	-93.81268540340	48.52540794720	1181
11	-93.78110598090	48.51159015340	1181
11	-93.51413910570	48.53427095980	1181
11	-93.46533944530	48.54951993450	1181
11	-93.45776948560	48.59270991290	1181
11	-93.30423676330	48.63716299860	1182
11	-93.09144238310	48.62658486300	1182
11	-92.94692624020	48.62835549840	1182
11	-92.72900064360	48.54021155420	1182
11	-92.64181991540	48.54034932710	1182
11	-92.62637994130	48.50282394590	1182
11	-92.69882118660	48.49472096200	1182
11	-92.70664299700	48.46036995950	1182
11	-92.49752924480	48.44007277130	1182
11	-92.45634491290	48.40216907870	1182
11	-92.47332227870	48.35749896440	1183
11	-92.37011602280	48.22077904710	1183
11	-92.27691795710	48.24434086910	1183
11	-92.30027228410	48.29831144300	1183
11	-92.27613088100	48.35231968520	1183
11	-92.12596210610	48.36675595400	1183
11	-92.03518366300	48.35550878690	1183
11	-91.97953396290	48.25039814360	1183
11	-91.78881484970	48.20614520450	1183
11	-91.71193784620	48.19677510920	1183
11	-91.70373106500	48.11483490550	1184
11	-91.56877532930	48.10445775170	1184
11	-91.57156188310	48.04357154720	1184
11	-91.23944667470	48.08129813500	1184
11	-91.02714843930	48.19533892600	1184
11	-90.86449478920	48.25419809520	1184
11	-90.74336558710	48.08844371520	1184
11	-90.56745526590	48.12169984400	1184
11	-90.55683516560	48.09275041820	1184
11	-90.14527002080	48.11277085020	1184
11	-90.02670057420	48.08607900150	1185
11	-89.98702073600	48.02355676570	1185
11	-89.90038914190	47.99250512070	1185
11	-89.74930993300	48.02648464120	1185
11	-89.53067313600	48.00165599240	1185
11	-89.62564505560	47.99256180040	1185
11	-89.63637361070	47.95939067010	1185
11	-89.99967777360	47.82456482270	1185
11	-90.50963345450	47.70993799650	1185
11	-91.02147565300	47.46105883910	1185
11	-91.46865718360	47.12493555560	1186
11	-91.80096886250	46.92708662350	1186
11	-92.08849202310	46.79189727850	1186
11	-92.21462426790	46.66820388620	1186
11	-92.30314806630	46.66657577670	1186
11	-92.28727155640	46.65878600390	1186
51	-177.94867687400	51.91772885210	1186
51	-177.83672085900	51.83077577030	1186
51	-177.62198781500	51.85079803240	1186
51	-177.79975816500	51.78744822550	1186
51	-177.91031485300	51.59047529540	1187
51	-178.10336506100	51.66325899770	1187
51	-177.95779102400	51.76327124340	1187
51	-178.21759836200	51.87522030250	1187
51	-177.94867687400	51.91772885210	1187
51	-176.42885320800	51.83500383050	1187
51	-176.43219819400	51.72889165320	1187
51	-176.50913716700	51.75194463370	1187
51	-176.80054534900	51.60276164340	1187
51	-176.82888006200	51.71275711820	1187
51	-176.94108414500	51.58303266920	1188
51	-176.97472322200	51.65635992620	1188
51	-176.81802202800	51.76859150800	1188
51	-176.90775033900	51.80498155580	1188
51	-176.70495085000	51.78194889340	1188
51	-176.78164996700	51.82332842230	1188
51	-176.70303637200	51.85139404930	1188
51	-176.77417729300	51.94388357490	1188
51	-176.55836546700	51.98222177180	1188
51	-176.54858821400	51.90860691840	1188
51	-176.64471464400	51.85583737290	1189
51	-176.42885320800	51.83500383050	1189
51	-174.19653209800	52.22177578890	1189
51	-174.10097136500	52.10261928360	1189
51	-174.43436174900	52.10594119850	1189
51	-174.37707774600	52.09676496200	1189
51	-174.41604535100	52.03621340760	1189
51	-174.52353598400	52.08926643720	1189
51	-174.48764171100	52.03370758910	1189
51	-174.70405361900	52.04953165080	1189
51	-174.72214847000	52.00092135870	1190
51	-175.33826954500	52.01284094300	1190
51	-175.02435068000	52.02063510570	1190
51	-174.90688886600	52.11037331430	1190
51	-174.57963062000	52.09954166590	1190
51	-174.49936831900	52.13927309730	1190
51	-174.55131347700	52.17566515920	1190
51	-174.23461996200	52.24178761380	1190
51	-174.44853294200	52.31177574930	1190
51	-174.16132956400	52.41734654960	1190
51	-173.99182555500	52.32012612450	1191
51	-174.06545658100	52.22233613260	1191
51	-174.19653209800	52.22177578890	1191
51	-167.85084343400	53.37991964170	1191
51	-168.28753152200	53.23518696940	1191
51	-168.47231200400	53.04598134610	1191
51	-169.10957741900	52.81812314450	1191
51	-168.88237923200	52.93732388150	1191
51	-168.77040408200	53.06680184550	1191
51	-168.79595912300	53.14652559820	1191
51	-168.62343228700	53.27129422390	1192
51	-168.36090348200	53.25879999880	1192
51	-168.43064499400	53.33214036050	1192
51	-168.35393927400	53.47464860160	1192
51	-168.00752347700	53.56271200270	1192
51	-167.79725301300	53.49465385680	1192
51	-167.85084343400	53.37991964170	1192
51	-166.09195091400	53.83858209340	1192
51	-166.22135359100	53.70386702680	1192
51	-166.29523706400	53.79220204290	1192
51	-166.09195091400	53.83858209340	1193
51	-166.63940118300	53.91801033070	1193
51	-166.60161683900	53.82747133880	1193
51	-166.45804324300	53.88439956200	1193
51	-166.37551428000	54.00134331440	1193
51	-166.37079012200	53.94411984250	1193
51	-166.26641035200	53.97328686250	1193
51	-166.26640776100	53.90801483490	1193
51	-166.21694516600	53.92746179860	1193
51	-166.53911818600	53.78190621330	1193
51	-166.49020064600	53.77163111020	1194
51	-166.57271432500	53.70942188290	1194
51	-166.48580307300	53.68886280550	1194
51	-166.41717604700	53.75553598370	1194
51	-166.37384118600	53.71442293940	1194
51	-166.33359447400	53.77801949340	1194
51	-166.27911748100	53.67774993370	1194
51	-166.54021365000	53.62691112490	1194
51	-166.59270000000	53.53441651690	1194
51	-166.66582062100	53.59246807070	1194
51	-166.64521934400	53.52274190430	1195
51	-166.71131898900	53.54635450810	1195
51	-166.66770811800	53.48107647240	1195
51	-166.79105953200	53.56274195340	1195
51	-166.75470887100	53.44552084050	1195
51	-166.88745970500	53.47662262970	1195
51	-167.14356568800	53.41578212160	1195
51	-167.50075883500	53.25575249310	1195
51	-167.66694752700	53.23658201330	1195
51	-167.84470522800	53.30325170500	1195
51	-167.69332418100	53.38382974940	1196
51	-167.48522813900	53.37160327520	1196
51	-167.47854690600	53.43466682170	1196
51	-167.32607174500	53.40465833800	1196
51	-167.30495222200	53.46938616670	1196
51	-167.16273220600	53.46523104850	1196
51	-167.18409653000	53.51883861480	1196
51	-166.96412055900	53.52522920240	1196
51	-167.16188319700	53.59245831620	1196
51	-166.99796392100	53.61467889920	1196
51	-167.06553686600	53.66496538540	1197
51	-167.03190613900	53.70107786410	1197
51	-166.90245016700	53.70719218030	1197
51	-166.80326770300	53.62468805390	1197
51	-166.82743855700	53.69968580860	1197
51	-166.70826939500	53.71663122700	1197
51	-167.03190897700	53.75080130860	1197
51	-167.16275140800	53.85275148130	1197
51	-166.75250502600	54.00829952510	1197
51	-166.59298895700	53.96523328460	1197
51	-166.63940118300	53.91801033070	1198
51	-163.53199634200	55.04551454680	1198
51	-163.36197296600	54.77549564290	1198
51	-163.14701853800	54.76521579340	1198
51	-163.05060298500	54.66744250840	1198
51	-163.37085289700	54.75355354360	1198
51	-163.43838539700	54.65743838350	1198
51	-163.60195908800	54.60993523800	1198
51	-164.17809140300	54.60327099760	1198
51	-164.38837804300	54.44186867090	1198
51	-164.64726306700	54.38993054440	1199
51	-164.85530771000	54.42436576910	1199
51	-164.95364210200	54.58630956610	1199
51	-164.70613930100	54.66743155930	1199
51	-164.49001525700	54.91550658710	1199
51	-164.22143686500	54.88662297740	1199
51	-164.13782279100	54.96495331870	1199
51	-163.77061429400	55.05522370120	1199
51	-163.53199634200	55.04551454680	1199
51	-133.10385317700	55.24520299190	1199
51	-132.95749306000	55.06186546530	1200
51	-133.08135821300	55.08547404630	1200
51	-132.75666776800	54.82187414080	1200
51	-132.71666141000	54.76465403730	1200
51	-132.75889715200	54.73937066900	1200
51	-132.67027246200	54.66380990690	1200
51	-132.84193204500	54.68908809670	1200
51	-132.95527667600	54.79187534110	1200
51	-132.90693534600	54.83630882930	1200
51	-133.15027040300	54.94379737400	1200
51	-133.21527080200	55.09463634470	1201
51	-133.11828223200	55.10158544930	1201
51	-133.21582449300	55.16963727110	1201
51	-133.10385317700	55.24520299190	1201
51	-131.37500566900	55.19659533180	1201
51	-131.35665997900	55.03521584280	1201
51	-131.47695676600	55.00049393380	1201
51	-131.53750521800	55.09076104340	1201
51	-131.52169586000	55.03271125990	1201
51	-131.59972753200	54.99493054060	1201
51	-131.59417664800	55.10631596060	1202
51	-131.51864630400	55.12825852080	1202
51	-131.58530070800	55.25159181140	1202
51	-131.46890742900	55.23547965150	1202
51	-131.37500566900	55.19659533180	1202
51	-131.76168896600	55.24742337030	1202
51	-131.72668347200	55.13437434380	1202
51	-131.82446122800	55.21131414610	1202
51	-131.86694574200	55.36796854700	1202
51	-131.82114048500	55.41240999040	1202
51	-131.61832179200	55.28326142840	1203
51	-131.76168896600	55.24742337030	1203
51	-131.23335912900	55.95351544920	1203
51	-130.93697517500	55.64187582670	1203
51	-130.96809603800	55.39104255590	1203
51	-131.02836852300	55.40548407560	1203
51	-131.04975547100	55.26715777960	1203
51	-131.14448008700	55.19660087470	1203
51	-131.30835800400	55.23465101590	1203
51	-131.21751118900	55.30520921680	1203
51	-131.22752453200	55.40575586240	1204
51	-131.29474878400	55.27353779970	1204
51	-131.46085275400	55.28103431090	1204
51	-131.27171384000	55.43714880460	1204
51	-131.35057134500	55.64464241180	1204
51	-131.33445617700	55.41964567320	1204
51	-131.46363160500	55.32770299130	1204
51	-131.44501950300	55.52825048210	1204
51	-131.52170762400	55.47602775400	1204
51	-131.46833228700	55.35548137420	1204
51	-131.52362671600	55.29270652880	1205
51	-131.60639095300	55.31964602870	1205
51	-131.82529035800	55.45491053910	1205
51	-131.64502507500	55.54491478760	1205
51	-131.61639934300	55.59712812810	1205
51	-131.70584584900	55.61935110630	1205
51	-131.69363980800	55.67629611220	1205
51	-131.51475188600	55.72601811840	1205
51	-131.71112767900	55.73184489150	1205
51	-131.48252653400	55.78685372980	1205
51	-131.68558677900	55.83296218870	1206
51	-131.43668996000	55.83990769970	1206
51	-131.57392511800	55.90601339140	1206
51	-131.23335912900	55.95351544920	1206
51	-133.28727310700	56.12851938210	1206
51	-133.31921820100	55.99351600160	1206
51	-133.47893263600	56.02238821230	1206
51	-133.62004351300	55.91906185490	1206
51	-133.79172908400	55.92072614060	1206
51	-133.68144778900	56.06601078300	1206
51	-133.48671406200	56.08573594920	1207
51	-133.61950215500	56.13045258180	1207
51	-133.28727310700	56.12851938210	1207
51	-132.39669892000	56.22157296040	1207
51	-132.48001874200	56.18962827600	1207
51	-132.35110331700	56.21630192570	1207
51	-132.10889273900	56.11547802790	1207
51	-132.20165657900	56.08519900510	1207
51	-132.12946140600	55.92798553870	1207
51	-132.18167415800	55.96575787770	1207
51	-132.34000325300	55.91351910570	1208
51	-132.42725652900	55.95573833760	1208
51	-132.38165961400	56.02602285750	1208
51	-132.63670422400	56.04880181820	1208
51	-132.69752789300	56.10741229650	1208
51	-132.69615422500	56.22185739990	1208
51	-132.60502377700	56.23102049470	1208
51	-132.51752764900	56.33824914080	1208
51	-132.39197187000	56.33575591620	1208
51	-132.39669892000	56.22157296040	1208
51	-133.32561465900	56.32602920560	1209
51	-133.31535755400	56.26880079360	1209
51	-133.19004887400	56.32992354540	1209
51	-133.06226358700	56.24158166190	1209
51	-133.02560945400	56.17630236380	1209
51	-133.13977722800	56.11657985250	1209
51	-133.07977593700	56.05213076650	1209
51	-132.72724963300	55.98962618550	1209
51	-132.49445520200	55.81378883840	1209
51	-132.43750143700	55.62295141200	1209
51	-132.38165884500	55.66907453640	1210
51	-132.29251496300	55.53629721260	1210
51	-132.14584634100	55.48018516650	1210
51	-132.17083861200	55.44629571090	1210
51	-132.54167897600	55.62267443050	1210
51	-132.56416497700	55.56740551660	1210
51	-132.51140766200	55.54434856850	1210
51	-132.67971935100	55.45241862600	1210
51	-132.47362981700	55.49563102640	1210
51	-132.26168974600	55.44212929020	1210
51	-132.47027751900	55.38435982040	1211
51	-132.25476105500	55.40991058640	1211
51	-132.15502672800	55.36296879780	1211
51	-132.08693946600	55.26214147290	1211
51	-132.24111473800	55.25435682680	1211
51	-132.24083395900	55.19269070810	1211
51	-132.08916368500	55.20074779970	1211
51	-132.01223366500	55.27241195990	1211
51	-131.97027225500	55.22602678160	1211
51	-131.99889850200	55.10047603090	1211
51	-132.09666166900	55.10325392000	1212
51	-132.07443953100	55.03881476330	1212
51	-132.22024259500	54.99215033620	1212
51	-131.96471327300	55.02547935990	1212
51	-132.01249494500	54.96770275060	1212
51	-131.97358442800	54.89465084490	1212
51	-132.05359179200	54.88964696900	1212
51	-131.95110730800	54.78798844360	1212
51	-132.00808092900	54.77937406180	1212
51	-132.00558816900	54.69020658310	1212
51	-132.29056706000	54.71437405020	1213
51	-132.21637299300	54.79354374330	1213
51	-132.35499345700	54.79909615930	1213
51	-132.26721500000	54.83909083110	1213
51	-132.38972563000	54.92382054050	1213
51	-132.38053908700	55.01604265350	1213
51	-132.46889016900	54.90214391290	1213
51	-132.45445500600	54.98492070490	1213
51	-132.53224480400	54.93242310530	1213
51	-132.59916740200	54.96824952660	1213
51	-132.53389251100	55.01575577350	1214
51	-132.57444786500	55.03686586040	1214
51	-132.46028462500	55.04325989890	1214
51	-132.55833398500	55.12157984670	1214
51	-132.61637583500	55.06102783420	1214
51	-132.56138579000	55.16518926750	1214
51	-132.64304209900	55.24992346510	1214
51	-132.61081938400	55.16770051950	1214
51	-132.66831448500	55.13769545230	1214
51	-132.78000373500	55.18214560130	1214
51	-132.80581347000	55.26769905840	1215
51	-133.00445540000	55.20270700690	1215
51	-132.90221540900	55.27936613150	1215
51	-133.22416856200	55.28270625700	1215
51	-133.26223718700	55.33854289750	1215
51	-133.19555792600	55.38438468550	1215
51	-132.84914690400	55.35130966660	1215
51	-132.99692502400	55.37548237300	1215
51	-133.06667317300	55.42687676270	1215
51	-132.97886301200	55.44714133530	1215
51	-133.12916241800	55.48909814090	1216
51	-133.07029146300	55.57381871290	1216
51	-132.91001288200	55.62767934200	1216
51	-133.25534382100	55.57326720020	1216
51	-133.35477529400	55.60964228470	1216
51	-133.37615160200	55.72268355460	1216
51	-133.23754189300	55.74658048960	1216
51	-133.13812704400	55.88602454000	1216
51	-133.24307468800	55.90407738450	1216
51	-133.26008156400	56.15213353930	1216
51	-133.61896162100	56.20713078510	1217
51	-133.63450186100	56.27629298030	1217
51	-133.56702452800	56.29658184910	1217
51	-133.61228728000	56.34796552740	1217
51	-133.32561465900	56.32602920560	1217
51	-132.67891114100	56.26519426650	1217
51	-132.84670464000	56.23130251430	1217
51	-133.05811627400	56.34186597010	1217
51	-132.94199544300	56.44742324700	1217
51	-132.70477056800	56.45575587700	1217
51	-132.61586253600	56.39603697090	1218
51	-132.67891114100	56.26519426650	1218
51	-131.92335020700	56.19686136210	1218
51	-132.05781028000	56.11103127660	1218
51	-132.30389178800	56.23185224300	1218
51	-132.35141027200	56.27797330530	1218
51	-132.33780474300	56.47964791680	1218
51	-132.16251072800	56.35271056710	1218
51	-132.00532049500	56.33631507300	1218
51	-131.92335020700	56.19686136210	1218
51	-132.72030766400	56.51104060000	1219
51	-132.77478501200	56.49437018500	1219
51	-132.94172252500	56.50937490510	1219
51	-132.95810753700	56.59380396760	1219
51	-132.88337106600	56.63658603830	1219
51	-132.96562302600	56.79603840890	1219
51	-132.80365327100	56.78604066310	1219
51	-132.53254968400	56.57743348730	1219
51	-132.75171184100	56.55242919580	1219
51	-132.72030766400	56.51104060000	1219
51	-133.99531481000	56.87409755980	1220
51	-133.92756591000	56.80159335280	1220
51	-133.92424912300	56.71465183240	1220
51	-134.02646113100	56.64686902220	1220
51	-133.86394465700	56.72325862120	1220
51	-133.87058870900	56.80798733010	1220
51	-133.71950858500	56.76632429300	1220
51	-133.77759900300	56.68408751820	1220
51	-133.69314366800	56.59936128010	1220
51	-133.74035749400	56.56019021760	1220
51	-133.92231951000	56.61380613150	1221
51	-133.84536471400	56.57158152180	1221
51	-133.91926986700	56.50074614830	1221
51	-133.82733175200	56.43545826480	1221
51	-133.91121785400	56.42490431050	1221
51	-133.85563970900	56.27878900980	1221
51	-133.97508129000	56.35572865660	1221
51	-133.98591393300	56.26850744300	1221
51	-133.88953810700	56.22294612980	1221
51	-133.94953259400	56.19933809510	1221
51	-133.96505350100	56.08128463870	1222
51	-134.03787286600	56.10516974270	1222
51	-134.05423437500	56.31211558890	1222
51	-134.10089660600	56.17432951870	1222
51	-134.18728596200	56.17627389740	1222
51	-134.09839234700	56.13405286880	1222
51	-134.10838665300	55.99877467090	1222
51	-134.22255879900	56.06627793950	1222
51	-134.19396891800	56.15543734130	1222
51	-134.26646974600	56.25572214470	1222
51	-134.16173769600	56.30711640280	1223
51	-134.28285818500	56.29100338060	1223
51	-134.28258345300	56.35572867520	1223
51	-134.18116613700	56.43628486600	1223
51	-134.16200377700	56.36683570280	1223
51	-134.10975600300	56.40489399340	1223
51	-134.05117862100	56.35906087700	1223
51	-134.03035563000	56.47796137070	1223
51	-134.07005757700	56.55491111340	1223
51	-134.13617604800	56.48657489140	1223
51	-134.30812902100	56.55991421690	1224
51	-134.08785356100	56.64158890880	1224
51	-134.25313312900	56.61241667870	1224
51	-134.21922545100	56.68936574640	1224
51	-134.31923765700	56.65714292390	1224
51	-134.39507837900	56.72102740110	1224
51	-134.40148871600	56.85243451070	1224
51	-134.27507300400	56.79520626420	1224
51	-134.32311303100	56.89354402640	1224
51	-134.10865397000	56.84271252680	1224
51	-134.26536954400	56.93659812590	1225
51	-133.99531481000	56.87409755980	1225
51	-133.32701236100	56.99660004630	1225
51	-133.26396720700	56.92159782480	1225
51	-133.29533594300	57.00354316190	1225
51	-133.05339035100	56.97714702520	1225
51	-132.92951431300	56.85993278570	1225
51	-132.99144213800	56.80686564020	1225
51	-132.93311345300	56.62963672020	1225
51	-133.02366019100	56.60158768690	1225
51	-133.35366256600	56.83826162290	1226
51	-133.30730790800	56.73103690950	1226
51	-133.21340218300	56.70854544970	1226
51	-133.24090057800	56.63131906330	1226
51	-133.09922825100	56.61548617120	1226
51	-133.16869155100	56.60187656550	1226
51	-133.08366479700	56.52353476980	1226
51	-133.16563803400	56.45325743590	1226
51	-133.43091637100	56.50158483160	1226
51	-133.42062859400	56.45435732160	1226
51	-133.57731750100	56.43324184460	1227
51	-133.64928438100	56.44324265310	1227
51	-133.64678569700	56.56324914980	1227
51	-133.69177084100	56.56880394950	1227
51	-133.63677489100	56.59352367730	1227
51	-133.70869434900	56.67742533990	1227
51	-133.67452457500	56.85882184660	1227
51	-133.75814205200	56.80326704530	1227
51	-133.89228683700	56.89660507320	1227
51	-133.73784876500	56.89271339730	1227
51	-134.01979473400	57.01438002640	1228
51	-133.87477797300	57.08576848380	1228
51	-133.32701236100	56.99660004630	1228
51	-135.70207169200	57.31658350150	1228
51	-135.55761790000	57.22880212870	1228
51	-135.62646817000	57.23130481510	1228
51	-135.54788600000	57.12907499170	1228
51	-135.63094006700	57.00408233070	1228
51	-135.83956740200	56.98768513710	1228
51	-135.82594129100	57.08296744200	1228
51	-135.71067371000	57.16101811330	1229
51	-135.81983098400	57.17240056160	1229
51	-135.84873778500	57.31629502580	1229
51	-135.70207169200	57.31658350150	1229
51	-135.28236298900	57.50353572130	1229
51	-135.39957733200	57.43853182030	1229
51	-135.16761422800	57.47825461770	1229
51	-135.20206398800	57.42436679780	1229
51	-135.00399322800	57.39937824630	1229
51	-134.90761299100	57.32938103920	1229
51	-135.00090756200	57.34242422060	1230
51	-134.94786612900	57.32049123180	1230
51	-134.98506673400	57.29437398340	1230
51	-134.83619802400	57.24770989840	1230
51	-134.61814445100	56.72075296780	1230
51	-134.65539009900	56.16266193520	1230
51	-135.04843148900	56.52794101410	1230
51	-134.84953624900	56.68515590090	1230
51	-134.96730604800	56.62431340800	1230
51	-134.93898673100	56.70959462500	1230
51	-134.98232518000	56.71653743370	1231
51	-135.11702845400	56.59821129520	1231
51	-135.12425983300	56.66431893650	1231
51	-134.99398570400	56.75599000470	1231
51	-135.19008770400	56.67460655990	1231
51	-135.12175900300	56.82710839880	1231
51	-135.26705259900	56.78295037200	1231
51	-135.37063531300	56.83267999810	1231
51	-135.29009516300	56.89156511450	1231
51	-135.35314670600	56.96573787700	1231
51	-135.16622209400	57.03435932770	1232
51	-135.36675433100	57.07991487220	1232
51	-135.36870527900	57.13768568700	1232
51	-135.26594993000	57.16352120270	1232
51	-135.40789218500	57.14935984980	1232
51	-135.33952817900	57.24797514040	1232
51	-135.53399634800	57.22935902990	1232
51	-135.67430174300	57.34602832490	1232
51	-135.47122778300	57.35048074920	1232
51	-135.60899361400	57.39158692400	1232
51	-135.52676373000	57.43550633460	1233
51	-135.51598015600	57.50686692900	1233
51	-135.31456039400	57.53242064400	1233
51	-135.28236298900	57.50353572130	1233
51	-152.81916240700	57.91620778950	1233
51	-152.91390423700	57.82870006340	1233
51	-152.87859507400	57.72618580900	1233
51	-152.85386988800	57.83480967250	1233
51	-152.62246254300	57.85564485920	1233
51	-152.62133165400	57.92787196300	1233
51	-152.32855476800	57.81340629110	1234
51	-152.55303703000	57.69784114930	1234
51	-152.44829245500	57.72173096290	1234
51	-152.49050571300	57.64784099380	1234
51	-152.40080561800	57.68506087720	1234
51	-152.43746417000	57.60394449280	1234
51	-152.15356181200	57.60366359350	1234
51	-152.34746769000	57.42337250140	1234
51	-152.95889100200	57.52005730930	1234
51	-152.91250264100	57.48310282380	1234
51	-153.04557313600	57.43060417570	1235
51	-152.80666287800	57.46781641600	1235
51	-152.60527106900	57.37919828170	1235
51	-152.63613150300	57.31697797220	1235
51	-152.84056147000	57.26809018870	1235
51	-152.88221144500	57.34642605120	1235
51	-153.16420548800	57.34782150970	1235
51	-153.17531393100	57.29948628020	1235
51	-152.95836281800	57.25309156290	1235
51	-153.39117076800	57.20643145910	1235
51	-153.39281910600	57.15781506260	1236
51	-153.46392617200	57.11059588330	1236
51	-153.54700500300	57.17060204580	1236
51	-153.50225893700	57.06309389280	1236
51	-153.75899631300	57.04532127570	1236
51	-153.60032369000	57.04726453220	1236
51	-153.67339871100	57.00893314350	1236
51	-153.55561217600	56.97753593230	1236
51	-153.61170956200	56.93336978070	1236
51	-153.68313417900	56.96836624630	1236
51	-153.77674000100	56.88948155590	1237
51	-153.69643440000	56.86587038080	1237
51	-153.98200883200	56.73780499640	1237
51	-154.15173860400	56.74530629780	1237
51	-153.77566200200	56.98948070200	1237
51	-153.96566231500	56.98807315270	1237
51	-153.74007352700	57.13004874220	1237
51	-153.80677141100	57.15060984140	1237
51	-154.09869197800	56.96251930090	1237
51	-154.11174949300	57.04335572930	1237
51	-153.96705889400	57.11586840430	1238
51	-154.46870726100	57.12616892720	1238
51	-154.46593114400	57.06449466060	1238
51	-154.38675956000	57.04476898170	1238
51	-154.26895152600	57.11616265940	1238
51	-154.10341743000	57.11559563450	1238
51	-154.16343820300	56.95613855310	1238
51	-154.29702987400	56.90697914910	1238
51	-154.29425144400	56.86198031810	1238
51	-154.23868103600	56.88170133330	1238
51	-154.30008016800	56.84808676440	1239
51	-154.32950219100	56.92642769770	1239
51	-154.53231175800	56.98976883980	1239
51	-154.52953466500	57.14701053430	1239
51	-154.60952856300	57.25981239390	1239
51	-154.80344583800	57.28538008930	1239
51	-154.75597036000	57.30009861060	1239
51	-154.80927271600	57.33899206360	1239
51	-154.70704793400	57.33482407890	1239
51	-154.73011388300	57.42150492040	1239
51	-154.55065859400	57.54372958480	1240
51	-154.51483502300	57.51428434570	1240
51	-154.51928439200	57.57789414290	1240
51	-154.40093315200	57.56372311420	1240
51	-154.44896972000	57.57900656710	1240
51	-154.35063476000	57.64456027860	1240
51	-154.21870824800	57.66761187390	1240
51	-153.99839632900	57.63454717190	1240
51	-153.97868433700	57.56343020230	1240
51	-154.11006910500	57.53787953470	1240
51	-153.95063876900	57.54121252470	1241
51	-153.88845077000	57.40425832460	1241
51	-153.63034120500	57.26868450240	1241
51	-153.81035433300	57.39981159250	1241
51	-153.85368082500	57.56677190480	1241
51	-153.68396975800	57.54398760130	1241
51	-153.88257811400	57.64232807640	1241
51	-153.58341425400	57.61176568960	1241
51	-153.90897276700	57.70705144200	1241
51	-153.93062824100	57.81039103530	1241
51	-153.64395578300	57.88927786260	1242
51	-153.50788421500	57.62536334600	1242
51	-153.52841151800	57.71565702950	1242
51	-153.43700706800	57.69926213580	1242
51	-153.50032674900	57.76704276030	1242
51	-153.31754109400	57.72508551120	1242
51	-153.47418750900	57.84176827500	1242
51	-153.21528625800	57.78759885740	1242
51	-153.17808537700	57.70342007430	1242
51	-153.24195569700	57.89566612400	1242
51	-153.05057207100	57.83065168070	1243
51	-153.27807937300	58.00455962200	1243
51	-152.81916240700	57.91620778950	1243
51	-135.79683055800	58.27714750540	1243
51	-135.48428963900	58.15520809790	1243
51	-135.60569158000	58.04353932260	1243
51	-135.78239341200	58.04575466120	1243
51	-135.62403307300	58.00937358090	1243
51	-135.79432516200	57.98158060070	1243
51	-135.64959713000	57.94464407270	1243
51	-135.40097504900	58.13909549200	1244
51	-134.94316514800	58.03548844970	1244
51	-134.90763635200	57.92882256820	1244
51	-134.97178273700	57.88493076560	1244
51	-134.91901499600	57.83937596350	1244
51	-135.20650003500	57.94187402050	1244
51	-134.93207509000	57.80660000130	1244
51	-135.01233558900	57.77660026740	1244
51	-135.23621285800	57.77964931280	1244
51	-135.88933120700	57.98824309230	1244
51	-135.88779002000	57.98768245390	1245
51	-135.36176505000	57.79687427450	1245
51	-135.31787847500	57.75465392010	1245
51	-135.35871461400	57.72019809460	1245
51	-134.91705777000	57.75298845370	1245
51	-134.81344165300	57.48104008660	1245
51	-134.99008064300	57.45020575410	1245
51	-135.80598046900	57.76297352330	1245
51	-135.70486682700	57.67381154320	1245
51	-135.80542894700	57.63936150540	1245
51	-135.57235134100	57.58824961560	1246
51	-135.65847443700	57.55103174640	1246
51	-135.55763933800	57.53853639190	1246
51	-135.54875410400	57.45908431950	1246
51	-135.68983814500	57.36241620100	1246
51	-135.84178721900	57.38796767010	1246
51	-136.01236335800	57.51157079070	1246
51	-135.78124685000	57.43546427410	1246
51	-136.06764344000	57.59545566780	1246
51	-135.95347581200	57.61602290500	1246
51	-136.12041269700	57.61683928730	1247
51	-136.09041850600	57.68239799210	1247
51	-136.22961299500	57.78378952640	1247
51	-136.41630081700	57.82045380780	1247
51	-136.40957170400	57.83347291090	1247
51	-136.32822083000	57.99072088060	1247
51	-136.03320070000	57.84292722050	1247
51	-136.03310915000	57.84288908430	1247
51	-136.03268191800	57.84267169880	1247
51	-136.03307863300	57.84293104630	1247
51	-136.43406603300	58.10738453880	1248
51	-136.27238945300	58.10433961760	1248
51	-136.35682012800	58.21239903020	1248
51	-136.27740397000	58.21851559320	1248
51	-136.19597232200	58.08045380260	1248
51	-136.10347341900	58.05684255390	1248
51	-136.18211900500	58.17741072260	1248
51	-136.11098429200	58.21880023950	1248
51	-135.96763620100	58.15963785290	1248
51	-135.79683055800	58.27714750540	1248
51	-134.51761539400	58.33771675030	1249
51	-134.26149653300	58.19466248260	1249
51	-134.60981241200	58.23743790460	1249
51	-134.68485971200	58.30271604020	1249
51	-134.51761539400	58.33771675030	1249
51	-134.80568538200	58.32327545260	1249
51	-134.68760391100	58.16243084470	1249
51	-134.17091430900	58.15938399140	1249
51	-134.17954873200	58.08327063240	1249
51	-133.89370299100	57.79688143580	1249
51	-133.87755093900	57.67243018030	1250
51	-133.79228431400	57.59770710560	1250
51	-133.96199738100	57.68409545070	1250
51	-134.23368675400	58.02632246770	1250
51	-134.15787715600	57.99410381580	1250
51	-134.31148237900	58.09160015450	1250
51	-134.26344278500	58.02799297560	1250
51	-134.32176503800	58.02826701800	1250
51	-134.22535338800	57.97465532570	1250
51	-134.32008530000	57.98799082520	1250
51	-134.28757917900	57.82688055990	1251
51	-134.23868766200	57.85855021720	1251
51	-134.04534460000	57.68326380550	1251
51	-134.07616755500	57.64493342000	1251
51	-133.93840277700	57.62076380000	1251
51	-133.84200129900	57.46020926930	1251
51	-134.08144732900	57.50104888110	1251
51	-134.04369599200	57.47492570460	1251
51	-134.10006360000	57.46354241900	1251
51	-133.97283278600	57.44381320600	1251
51	-133.99700357300	57.40770303260	1252
51	-133.88365931000	57.41520370330	1252
51	-133.86504426000	57.35354309000	1252
51	-133.95757520800	57.29993062250	1252
51	-134.17645116700	57.38409752950	1252
51	-134.08394925800	57.25410048990	1252
51	-134.36199858900	57.07993862010	1252
51	-134.61423565300	57.00910027730	1252
51	-134.58063652700	57.14882625540	1252
51	-134.63593765800	57.21549274240	1252
51	-134.51371094800	57.21854433070	1253
51	-134.58341687100	57.27049355690	1253
51	-134.45423266700	57.31215748030	1253
51	-134.55760262100	57.39132909450	1253
51	-134.34283872500	57.32799425880	1253
51	-134.30646160800	57.38854819020	1253
51	-134.47034950400	57.39327425500	1253
51	-134.57426968900	57.48938209110	1253
51	-134.35785975200	57.54605104400	1253
51	-134.57509429300	57.50549535260	1253
51	-134.66259435300	57.60716378490	1254
51	-134.80540544000	58.04382140950	1254
51	-134.73011751500	58.18104638680	1254
51	-134.79069708200	58.10437644130	1254
51	-134.91430108300	58.20493170780	1254
51	-134.88176938100	58.25410422820	1254
51	-134.94708013300	58.28160068390	1254
51	-134.95846512900	58.40743493360	1254
51	-134.80568538200	58.32327545260	1254
51	-152.52856020900	58.41289945160	1254
51	-152.40132675100	58.31511136770	1255
51	-152.34965190800	58.42067094370	1255
51	-152.09321930700	58.35956229240	1255
51	-152.14825235700	58.23177150570	1255
51	-151.99712009200	58.34677679990	1255
51	-151.96461509900	58.28038789240	1255
51	-152.08242440100	58.15565366340	1255
51	-152.19382297100	58.17371684470	1255
51	-152.24936537400	58.26677946280	1255
51	-152.32188304200	58.24011254350	1255
51	-152.30131396600	58.18677251900	1256
51	-152.36964724600	58.19621740110	1256
51	-152.27659553000	58.12704589400	1256
51	-152.54496257300	58.08454184220	1256
51	-152.56162156000	58.20705380880	1256
51	-152.62855868100	58.07788476000	1256
51	-152.77471466600	58.07150240390	1256
51	-152.78915447400	57.99176829480	1256
51	-153.23358813400	58.16845827230	1256
51	-153.18331680800	58.21595943950	1256
51	-152.90691983400	58.16455797440	1257
51	-153.10802453000	58.26374219590	1257
51	-153.01497633100	58.30290338910	1257
51	-152.76219684300	58.25734619530	1257
51	-152.76524688900	58.36096337460	1257
51	-152.88664626800	58.40679710190	1257
51	-152.69413199800	58.42179402600	1257
51	-152.66022288900	58.47651532740	1257
51	-152.49910671800	58.46206747510	1257
51	-152.52856020900	58.41289945160	1257
51	-147.01098950100	60.34193288010	1258
51	-147.10035689800	60.27025971930	1258
51	-146.93983281100	60.28582296750	1258
51	-147.24086273000	60.12854262200	1258
51	-147.36759162600	60.02603433440	1258
51	-147.35401515800	59.97465083080	1258
51	-147.48239103300	59.94576523800	1258
51	-147.47186501000	59.86799435190	1258
51	-147.91232041000	59.79017837140	1258
51	-147.74309966200	59.89324737120	1258
51	-147.80284141300	59.92072864740	1259
51	-147.66951856300	59.96964218390	1259
51	-147.69893246200	59.99823809880	1259
51	-147.19499828500	60.24493630250	1259
51	-147.19554466900	60.35271271330	1259
51	-147.01098950100	60.34193288010	1259
51	-166.11143982900	60.40947019230	1259
51	-166.06648397900	60.32753135800	1259
51	-165.68370375700	60.29392106600	1259
51	-165.73283024300	60.16502969630	1259
51	-165.67505665300	60.09668666620	1260
51	-165.72785040700	60.06558081780	1260
51	-165.54284813800	59.97863150430	1260
51	-165.61446894400	59.90141235880	1260
51	-166.26781516900	59.84307908420	1260
51	-166.11891981700	59.81057165740	1260
51	-166.10475703700	59.75724250200	1260
51	-167.12892929300	59.99639625350	1260
51	-167.31811219900	60.07084877610	1260
51	-167.45313388400	60.20667886720	1260
51	-166.84143544500	60.20390387910	1261
51	-166.81031129000	60.27945769150	1261
51	-166.49812349900	60.37807097760	1261
51	-166.39866590400	60.34002439840	1261
51	-166.11143982900	60.40947019230	1261
51	-146.09897543600	60.39222174640	1261
51	-146.60425505700	60.23749775650	1261
51	-146.67953309900	60.28721620960	1261
51	-146.48814662300	60.36693908840	1261
51	-146.72619700300	60.37415032490	1261
51	-146.58287171200	60.48194370060	1262
51	-146.09897543600	60.39222174640	1262
51	-172.21180822100	60.31620487560	1262
51	-172.28264254600	60.30175965930	1262
51	-172.60178200700	60.32397371430	1262
51	-173.05102955800	60.49339690810	1262
51	-173.04685088000	60.53701519190	1262
51	-172.91934673100	60.60285437190	1262
51	-172.84710199100	60.48396524300	1262
51	-172.39044101700	60.39286791570	1262
51	-172.21180822100	60.31620487560	1263
51	-171.63725944100	63.69350219530	1263
51	-171.40558383500	63.64212423230	1263
51	-171.51169951400	63.64407414420	1263
51	-171.54725213800	63.61379136180	1263
51	-171.49140052100	63.59573391940	1263
51	-171.32809462900	63.63296352230	1263
51	-170.91723822300	63.57047494600	1263
51	-170.65441358700	63.67687707320	1263
51	-170.30273950400	63.69326834620	1263
51	-170.06879957500	63.59466343990	1264
51	-170.03439916000	63.53577204400	1264
51	-170.08600334700	63.48494254540	1264
51	-169.17931409000	63.29802156310	1264
51	-168.69289609200	63.30219154180	1264
51	-168.85259065300	63.15441195150	1264
51	-169.32793382700	63.18217875020	1264
51	-169.65627336800	62.94327429140	1264
51	-169.80794026000	63.12437923310	1264
51	-169.98020940900	63.14198687770	1264
51	-170.23989645000	63.28160321350	1265
51	-170.85942582900	63.46103089120	1265
51	-171.08694573700	63.43185606040	1265
51	-171.45164306000	63.31351042950	1265
51	-171.73392008800	63.36960183290	1265
51	-171.85362668400	63.50767023030	1265
51	-171.74306751800	63.66656666100	1265
51	-171.73923132300	63.78879224700	1265
51	-171.68145873300	63.79212811050	1265
51	-171.63725944100	63.69350219530	1265
51	-156.04651639500	71.20930936860	1266
51	-156.11288767900	71.17151117490	1266
51	-155.94928600000	71.21930586840	1266
51	-155.64791621400	71.18540523840	1266
51	-155.55040307700	71.11735082170	1266
51	-155.73922745900	70.99959112220	1266
51	-156.18590534700	70.91790140000	1266
51	-155.98616321100	70.89818973900	1266
51	-155.97698363300	70.75540864660	1266
51	-155.90477971600	70.76679352800	1266
51	-155.89786244700	70.82735770630	1267
51	-155.58670141700	70.83929608760	1267
51	-155.53868299800	70.93539928100	1267
51	-155.39064982000	71.00319857050	1267
51	-155.19617961800	70.98902796040	1267
51	-155.29065380800	71.08514398780	1267
51	-155.09841654800	71.08403454190	1267
51	-155.10480686700	71.14848968740	1267
51	-155.04315497200	71.13097332920	1267
51	-155.09562617800	71.01626760130	1267
51	-155.02006187100	71.01875579250	1268
51	-155.00341630400	71.11663027550	1268
51	-154.60586154900	71.01432209970	1268
51	-154.65781615800	70.91708917470	1268
51	-154.80893728900	70.87763993210	1268
51	-154.19778559500	70.77599369850	1268
51	-153.91835022400	70.88878057130	1268
51	-153.22583332300	70.92822411540	1268
51	-152.81358148700	70.88629987540	1268
51	-152.70467560000	70.81017262580	1268
51	-152.66525512100	70.85685220250	1269
51	-152.74357074500	70.88157093610	1269
51	-152.43856610100	70.86962916300	1269
51	-152.21882022200	70.81074764020	1269
51	-152.51076822700	70.69350340740	1269
51	-152.49711663800	70.64351415150	1269
51	-152.07573477500	70.58019865130	1269
51	-152.62600778100	70.55239802100	1269
51	-151.74402464300	70.55963798420	1269
51	-151.86901776100	70.51269675960	1269
51	-151.76961615100	70.49879835070	1270
51	-151.96928474000	70.44323353600	1270
51	-151.22343415600	70.37075910300	1270
51	-151.17594959600	70.37520078890	1270
51	-151.20068237300	70.43437559230	1270
51	-150.78317433700	70.50189532600	1270
51	-150.37202662100	70.48579443350	1270
51	-150.40676942600	70.40911511400	1270
51	-149.89121184000	70.51470966920	1270
51	-149.49786063300	70.52248663350	1270
51	-148.61027387100	70.39833953520	1271
51	-148.50805014000	70.31110250830	1271
51	-148.22581939800	70.35888695350	1271
51	-147.86162734700	70.30972962980	1271
51	-147.69271868100	70.20889963630	1271
51	-145.84233417400	70.17032488960	1271
51	-145.61061075700	70.06477802240	1271
51	-144.97058579100	69.96867106450	1271
51	-144.11696088100	70.06424235100	1271
51	-144.07193509200	69.98423817050	1271
51	-144.02668420900	70.04619213090	1272
51	-144.06779726900	70.07898383630	1272
51	-143.77796265100	70.09975761110	1272
51	-143.35137442000	70.10870650800	1272
51	-143.29722661200	70.04176505470	1272
51	-143.28334909500	70.11815290420	1272
51	-142.59550303400	70.00400587950	1272
51	-142.27186910100	69.84843781900	1272
51	-141.73378184700	69.77537651620	1272
51	-141.39099939700	69.64092656770	1272
51	-141.26294048200	69.63425724430	1273
51	-141.22348272600	69.67231295410	1273
51	-141.30850885000	69.69091524210	1273
51	-141.00566005500	69.64219414940	1273
51	-141.00566000100	69.64211784790	1273
51	-141.00472329900	68.42791516820	1273
51	-141.00243469700	65.84008964540	1273
51	-140.99891220100	61.89454136470	1273
51	-140.99738489900	60.30682920960	1273
51	-140.99715600100	60.30679108030	1273
51	-140.52319055800	60.22186514710	1274
51	-140.45263833900	60.30936727180	1274
51	-139.98117530000	60.18744754330	1274
51	-139.67841600900	60.34023426350	1274
51	-139.06978682100	60.35191069880	1274
51	-139.19060298600	60.08857740300	1274
51	-138.69199484800	59.90662596470	1274
51	-138.61753524700	59.77385922480	1274
51	-137.59264851100	59.23825301220	1274
51	-137.46743208700	58.90572210410	1274
51	-136.81078653700	59.16487819360	1275
51	-136.58577484900	59.16294421470	1275
51	-136.48764146400	59.26514141140	1275
51	-136.46464429100	59.28907936940	1275
51	-136.46548735700	59.46937745020	1275
51	-136.23573808400	59.52550802360	1275
51	-136.34572733300	59.60245711160	1275
51	-135.72488741600	59.74453030490	1275
51	-135.47544101400	59.80161310360	1275
51	-135.01629577800	59.56717289880	1275
51	-135.02293990100	59.47077179960	1276
51	-135.09349878200	59.42661231490	1276
51	-134.99098402300	59.38966335450	1276
51	-134.97721932800	59.34899131970	1276
51	-134.95374877500	59.27966346110	1276
51	-134.68985789900	59.24300575590	1276
51	-134.56820463500	59.13023032990	1276
51	-134.46319146100	59.12634237690	1276
51	-134.33459399500	58.96566077470	1276
51	-134.24732230600	58.85662952320	1276
51	-133.82869225800	58.72578943350	1277
51	-133.43172628400	58.45884659090	1277
51	-133.36284284100	58.28022951620	1277
51	-133.17104840300	58.15640247460	1277
51	-133.13868311400	58.13550523560	1277
51	-132.36361652500	57.34275120060	1277
51	-132.22834819000	57.20438540320	1277
51	-132.33864193400	57.08799488920	1277
51	-132.02918964900	57.03606138810	1277
51	-132.10474862700	56.86633128870	1277
51	-131.86307741000	56.79939883580	1278
51	-131.82583885700	56.59660996810	1278
51	-131.55947601400	56.60189773810	1278
51	-131.07461394900	56.40497383340	1278
51	-131.05670022400	56.39770273990	1278
51	-130.77615293600	56.36576610880	1278
51	-130.62890537800	56.25827211350	1278
51	-130.46365199500	56.23494443560	1278
51	-130.41589126200	56.12855400440	1278
51	-130.09029794900	56.11775207630	1278
51	-130.01677886800	55.90888763330	1279
51	-130.17641464300	55.75413653810	1279
51	-130.17641464200	55.75409457660	1279
51	-130.14558853200	55.54108278050	1279
51	-129.99223534700	55.28138228510	1279
51	-130.10307310100	55.22747708600	1279
51	-130.36138687400	54.90771185210	1279
51	-130.58860750000	54.79354482070	1279
51	-130.57750082000	54.85742948150	1279
51	-130.68778368700	54.76160345290	1279
51	-130.74302547000	54.96603621330	1280
51	-130.74109471100	54.81854519830	1280
51	-130.84915326700	54.76715951420	1280
51	-130.92776949500	54.80909952570	1280
51	-130.93806720500	54.96299118410	1280
51	-131.01030964500	55.00383445960	1280
51	-130.84113305200	55.10271947760	1280
51	-130.72028037400	55.07660541540	1280
51	-130.46336281600	55.32744919210	1280
51	-130.75559322800	55.09243220070	1280
51	-130.81809793200	55.14244000070	1281
51	-130.93030010000	55.08716258630	1281
51	-131.05780641800	55.12243213850	1281
51	-131.06751380900	55.19104100810	1281
51	-130.94556992800	55.27965618540	1281
51	-130.61558486800	55.29577338040	1281
51	-130.65586893900	55.34549300040	1281
51	-130.86585972100	55.30826671540	1281
51	-130.88753843800	55.70492390480	1281
51	-130.95864420200	55.77659000840	1281
51	-130.91781301800	55.81131086950	1282
51	-131.00057503800	55.79852982120	1282
51	-131.20281266200	55.97351135330	1282
51	-131.01199243400	56.10602387990	1282
51	-131.32420704400	55.96463043440	1282
51	-131.41142442400	56.00518718280	1282
51	-131.91724614400	55.85796724430	1282
51	-131.75419004700	55.80740381240	1282
51	-131.86472243600	55.72490166730	1282
51	-131.81696127000	55.66907850020	1282
51	-131.88110742700	55.59824022100	1283
51	-132.00559059500	55.66184618140	1283
51	-131.92947794100	55.59157185960	1283
51	-131.96417522800	55.49824228100	1283
51	-132.17752519600	55.58990852580	1283
51	-132.26779880500	55.75573975350	1283
51	-132.22565376900	55.73895221020	1283
51	-132.17502461600	55.71879285720	1283
51	-132.17584874000	55.79963825190	1283
51	-132.04947777800	55.80546822200	1283
51	-132.06281616000	55.93686525380	1284
51	-131.94584709600	55.96824732790	1284
51	-131.96195659500	56.16519190050	1284
51	-131.49196109600	56.22046781070	1284
51	-131.90863948400	56.22852362130	1284
51	-131.97196385800	56.35687737100	1284
51	-132.15918463600	56.37687548710	1284
51	-132.19086065000	56.46048625980	1284
51	-132.34778594500	56.52714939110	1284
51	-132.31251149900	56.63743445640	1284
51	-132.54948828200	56.62742994130	1285
51	-132.45668200800	56.67159813090	1285
51	-132.52614345900	56.71437599210	1285
51	-132.36390972400	56.81993946890	1285
51	-132.50450665800	56.75021206180	1285
51	-132.77060165700	56.84354041680	1285
51	-132.92506007400	56.97659750220	1285
51	-132.76978120700	56.96215618280	1285
51	-132.79309702600	57.08770592070	1285
51	-132.88617975700	57.01687344730	1285
51	-133.16008164300	57.07965461920	1286
51	-133.11616396200	57.14410042840	1286
51	-133.15895002200	57.16409641560	1286
51	-133.24476847900	57.17270872710	1286
51	-133.29811429600	57.09631587660	1286
51	-133.52813774700	57.17025102880	1286
51	-133.55479611200	57.17881921330	1286
51	-133.47365002300	57.27908967300	1286
51	-133.24421306300	57.27492623540	1286
51	-133.04531285500	57.36687193250	1286
51	-133.22586828000	57.31298165760	1287
51	-133.43394523000	57.34659129960	1287
51	-133.33670485000	57.43491848800	1287
51	-133.47086658900	57.43714233530	1287
51	-133.49698377300	57.53769954990	1287
51	-133.31283329400	57.58937384940	1287
51	-133.58533906700	57.56798695560	1287
51	-133.66395574200	57.63270981760	1287
51	-133.64341868500	57.70465696640	1287
51	-133.00477435300	57.50938403520	1287
51	-133.54701134500	57.76549624510	1288
51	-133.54701524200	57.91048793800	1288
51	-133.12308011300	57.85716864230	1288
51	-133.52594230400	57.91613784130	1288
51	-133.56895835300	57.92243561170	1288
51	-133.69310501200	57.78716267010	1288
51	-133.85757517400	57.95354398210	1288
51	-133.77453418500	57.99132643630	1288
51	-133.68285419100	57.93770837500	1288
51	-133.67089234700	58.01355398100	1288
51	-133.76815545300	58.05576798230	1289
51	-133.67257119000	58.14716591710	1289
51	-133.90008836400	57.97604302840	1289
51	-134.06620111700	58.08549251470	1289
51	-134.06815803200	58.27661532970	1289
51	-133.97785371600	58.31773216910	1289
51	-134.01176580000	58.39717028710	1289
51	-133.92259071100	58.49745604920	1289
51	-133.77091007800	58.51801175490	1289
51	-133.98091325200	58.49383875050	1289
51	-134.17646981100	58.19632680600	1290
51	-134.51178633800	58.35355620070	1290
51	-134.76320348300	58.38187939380	1290
51	-134.77764184900	58.49077553400	1290
51	-134.99069109200	58.66966927760	1290
51	-134.91262105800	58.65605788270	1290
51	-134.94903681200	58.81438871590	1290
51	-135.03125463100	58.73661405190	1290
51	-135.14907142000	58.84077094730	1290
51	-135.16177786800	58.97451217020	1290
51	-135.16350043000	58.99272022550	1291
51	-135.36822290200	59.27327850650	1291
51	-135.36041100700	59.34369747930	1291
51	-135.34655700900	59.46855326420	1291
51	-135.38316184300	59.35852893850	1291
51	-135.40099897200	59.30494020030	1291
51	-135.55462499100	59.31800105870	1291
51	-135.35708206700	59.20494291060	1291
51	-135.30654639700	59.08327666970	1291
51	-135.41405896500	59.19688673460	1291
51	-135.55239981000	59.22854616980	1292
51	-135.37847572600	59.09078115320	1292
51	-135.39103492600	58.95883832740	1292
51	-135.16458925900	58.63632787600	1292
51	-135.22318256700	58.59216050630	1292
51	-135.09347947100	58.43631997850	1292
51	-135.08734456100	58.23271006230	1292
51	-135.34595452300	58.26466178940	1292
51	-135.48226610500	58.47529863500	1292
51	-135.48292226800	58.47632099900	1292
51	-135.47403990500	58.37187931960	1293
51	-135.63600615200	58.42188100520	1293
51	-135.91738371700	58.38270460590	1293
51	-135.87461026900	58.46020081340	1293
51	-135.94821773300	58.45742196420	1293
51	-135.84571027300	58.46880725740	1293
51	-135.89077263500	58.57658635170	1293
51	-135.82213881900	58.59936151550	1293
51	-136.07019830100	58.81738934040	1293
51	-135.77134029100	58.89989844680	1293
51	-135.96550290000	58.91599551480	1294
51	-136.04410991900	58.85405366330	1294
51	-136.03605898100	58.91599171080	1294
51	-136.16411834600	59.03320719860	1294
51	-136.13716428500	58.95014777840	1294
51	-136.22657655100	58.92431744250	1294
51	-136.11186334200	58.92904052510	1294
51	-136.09742155000	58.85599726650	1294
51	-136.22377435200	58.74905514800	1294
51	-136.38518000400	58.80405003260	1294
51	-136.26714738800	58.82210807330	1295
51	-136.48461228300	58.83904235980	1295
51	-136.49076309400	58.96515754560	1295
51	-136.58270642900	58.91543394120	1295
51	-136.70854399600	59.01848935010	1295
51	-136.61020206000	58.90737638810	1295
51	-136.66131838900	58.89098638570	1295
51	-137.05601181700	59.06394199340	1295
51	-136.90577840700	58.92681235500	1295
51	-137.03187932600	58.91263977250	1295
51	-137.12743032100	58.82153237610	1296
51	-136.99018999100	58.89458978620	1296
51	-136.57546436300	58.83820882680	1296
51	-136.48295819200	58.79238071320	1296
51	-136.63741457700	58.82182744830	1296
51	-136.52435719000	58.69932924470	1296
51	-136.43822991200	58.66488947480	1296
51	-136.49711318700	58.74988380380	1296
51	-136.33932900300	58.68349932330	1296
51	-136.52571869700	58.61100558000	1296
51	-136.33349399500	58.59434200730	1297
51	-136.29407268800	58.66211697420	1297
51	-136.12043181600	58.55380061970	1297
51	-136.21072556100	58.51296878260	1297
51	-136.08268006500	58.51130931380	1297
51	-136.03100448900	58.38298374090	1297
51	-136.08514300000	58.33797636710	1297
51	-136.27823399300	58.30907379280	1297
51	-136.31824297000	58.39907769900	1297
51	-136.50711884600	58.44129144690	1297
51	-136.49488877000	58.38435455110	1298
51	-136.55797597500	58.37351290110	1298
51	-136.48323609500	58.33351057660	1298
51	-136.41074637200	58.37434783260	1298
51	-136.36378031000	58.29824401020	1298
51	-136.60323889900	58.35684945820	1298
51	-136.65549149600	58.33879001960	1298
51	-136.56158796500	58.25573203080	1298
51	-136.65604345500	58.21489693170	1298
51	-136.71604647900	58.25184874890	1298
51	-136.67936028900	58.29823795110	1299
51	-136.84493796700	58.31713153060	1299
51	-136.86688613500	58.38129844460	1299
51	-136.89468891600	58.34046468110	1299
51	-136.95188390900	58.39574065550	1299
51	-137.09441641200	58.38184837050	1299
51	-137.62832729000	58.59852263320	1299
51	-137.44248548600	58.65934860260	1299
51	-137.66945254200	58.62214035380	1299
51	-137.92851386700	58.79662767460	1299
51	-137.96681754400	58.90439721400	1300
51	-138.29814747500	59.07636416550	1300
51	-138.60507014600	59.11692169850	1300
51	-138.50006135900	59.11941992800	1300
51	-138.44533873600	59.19136556450	1300
51	-138.62755942200	59.13914760180	1300
51	-139.19808751800	59.31443162000	1300
51	-139.11502371600	59.30693260900	1300
51	-139.22698472900	59.37748662990	1300
51	-139.30031473600	59.34359718060	1300
51	-139.83748298000	59.53303460610	1301
51	-139.57251058300	59.60997589490	1301
51	-139.47141816700	59.70746696020	1301
51	-139.61946702000	59.88496533870	1301
51	-139.48781571300	59.98469135920	1301
51	-139.29447450300	59.85468855670	1301
51	-139.34113494100	59.72384997640	1301
51	-139.26392733100	59.62246012030	1301
51	-139.34223047500	59.60469485400	1301
51	-139.28724409000	59.57108164960	1301
51	-139.22612025200	59.61579969270	1302
51	-139.28031345600	59.82996679450	1302
51	-138.89449619100	59.80634030690	1302
51	-139.23307173500	59.86912864690	1302
51	-139.51534889800	60.05052514140	1302
51	-139.58947163300	59.94857243760	1302
51	-139.83613273500	59.82301987150	1302
51	-140.40505599400	59.69771114040	1302
51	-141.00170925700	59.80231635290	1302
51	-141.45032912200	59.88096984300	1302
51	-141.26095098600	59.97654229880	1303
51	-141.28151886900	60.07126817330	1303
51	-141.39265682300	60.13820036430	1303
51	-141.47901787300	60.11625204880	1303
51	-141.38679290000	60.02375903110	1303
51	-141.71758760000	59.95206164010	1303
51	-142.71905085300	60.10949100400	1303
51	-143.88893095400	59.99001214990	1303
51	-144.14860229100	60.03165373150	1303
51	-144.00309561900	60.04251793270	1303
51	-144.25255427200	60.14501075320	1304
51	-144.18975159400	60.20251350360	1304
51	-144.57612709100	60.18526840810	1304
51	-144.70084622000	60.27692113220	1304
51	-144.93837831200	60.30111934750	1304
51	-144.79643764800	60.45166993010	1304
51	-144.78838298500	60.49306245880	1304
51	-144.88418100600	60.47806304940	1304
51	-144.76367884000	60.66279829730	1304
51	-144.61338584400	60.71502752090	1304
51	-144.76030836900	60.67908150800	1305
51	-144.82603616000	60.59291117030	1305
51	-145.22531466900	60.36834494300	1305
51	-145.35139983900	60.35165827660	1305
51	-145.65561811300	60.46694401950	1305
51	-145.94228131400	60.46749846620	1305
51	-145.62777136600	60.67138695050	1305
51	-145.87419721900	60.62054556920	1305
51	-145.80640341800	60.65721714480	1305
51	-145.87334304800	60.64971474450	1305
51	-145.84920062300	60.69610561880	1306
51	-145.99087332300	60.62860832620	1306
51	-145.92504969500	60.70584005080	1306
51	-146.25562426100	60.63777557400	1306
51	-146.01866289700	60.74280021030	1306
51	-146.04283298500	60.79808589120	1306
51	-146.26841316000	60.72194984230	1306
51	-146.30447222200	60.77333831910	1306
51	-146.48780936600	60.67805301920	1306
51	-146.65537540600	60.69917054960	1306
51	-146.68863515900	60.74458530870	1307
51	-146.09185744500	60.83369304540	1307
51	-146.23308403700	60.89223480190	1307
51	-146.36527851400	60.81999810430	1307
51	-146.62588869500	60.81917420230	1307
51	-146.61839906700	60.87583490030	1307
51	-146.75621689400	60.94918434170	1307
51	-146.58532299800	60.93695257790	1307
51	-146.70423818000	60.97473265760	1307
51	-146.66258226100	61.03557839660	1307
51	-146.56370043200	61.03335326550	1308
51	-146.64509682500	61.06807406820	1308
51	-146.24560769700	61.08502662070	1308
51	-146.30287065300	61.13030061030	1308
51	-146.58702546900	61.13085454060	1308
51	-146.96480793800	60.93972661250	1308
51	-147.03289621300	60.95277672390	1308
51	-146.98730349900	61.00278092420	1308
51	-147.09983221000	61.01083242650	1308
51	-147.15927920400	60.94527959450	1308
51	-147.20289987900	61.01360785040	1309
51	-147.27459072600	61.00138892300	1309
51	-147.25373944700	60.93084106610	1309
51	-147.36482583400	60.88391033300	1309
51	-147.45235445300	60.90196242720	1309
51	-147.38067490700	60.98363190740	1309
51	-147.45650913700	60.95502689020	1309
51	-147.43374626200	61.01141449110	1309
51	-147.54623233100	60.91029739060	1309
51	-147.48122799400	61.07363997420	1309
51	-147.54872155700	61.15390437910	1310
51	-147.59707137500	61.02308485540	1310
51	-147.66957545800	61.01835829840	1310
51	-147.61095953300	61.00503540800	1310
51	-147.60040462000	60.86447415910	1310
51	-147.73123509300	60.88698082130	1310
51	-147.71679175900	60.94891017390	1310
51	-147.81097321900	60.87335388120	1310
51	-147.75149909100	60.83698023640	1310
51	-147.86733694700	60.83196670580	1310
51	-148.05427032000	60.94913536100	1311
51	-147.70146445500	61.20362336130	1311
51	-147.76203389100	61.21195022600	1311
51	-147.72758937000	61.27695017190	1311
51	-148.05872807400	61.01802882820	1311
51	-148.15207388200	61.11749251000	1311
51	-148.40629240900	61.05387277430	1311
51	-148.35876601600	61.04526550730	1311
51	-148.41989116000	60.98247509650	1311
51	-148.15069457500	61.06581894810	1311
51	-148.24621788900	60.95052463190	1312
51	-148.33320625400	60.96386366880	1312
51	-148.27625031300	60.91801911040	1312
51	-148.31430693000	60.84078402300	1312
51	-148.39515893600	60.85412255710	1312
51	-148.34235482600	60.81328428580	1312
51	-148.70186875900	60.78914725370	1312
51	-148.44960635700	60.80356435030	1312
51	-148.63322244900	60.74967814460	1312
51	-148.64379545000	60.72638165010	1312
51	-148.67017315500	60.66828501340	1313
51	-148.65639379900	60.67320301380	1313
51	-148.37372943400	60.77411005580	1313
51	-148.42318990900	60.62464590670	1313
51	-148.23235132800	60.76689064540	1313
51	-148.19956232600	60.62548161070	1313
51	-148.33426974500	60.53380724530	1313
51	-148.48983916700	60.57575947880	1313
51	-148.65587034900	60.46750311620	1313
51	-148.68625263600	60.44770064100	1313
51	-148.66237073700	60.45722308310	1314
51	-148.45372846300	60.54047726190	1314
51	-148.24840735700	60.44406643700	1314
51	-148.23648137200	60.51464411650	1314
51	-148.18262505400	60.55688218060	1314
51	-148.16901726600	60.49827278080	1314
51	-148.09620280300	60.60079170730	1314
51	-147.93903843500	60.46168000920	1314
51	-148.08652205700	60.38942578040	1314
51	-148.18204839400	60.41382466440	1314
51	-148.13848080600	60.35329041050	1315
51	-148.25203396900	60.37711465870	1315
51	-148.21535838800	60.33796056400	1315
51	-148.31565811200	60.25126512850	1315
51	-148.39123302400	60.28349721690	1315
51	-148.36064991300	60.23126306970	1315
51	-148.43787568800	60.17656459840	1315
51	-148.21314952700	60.25489978800	1315
51	-148.26175688800	60.22403719560	1315
51	-148.18175367400	60.19629180120	1315
51	-148.20787314300	60.14961256230	1316
51	-148.11231118900	60.22742631640	1316
51	-148.20473061600	60.12859355630	1316
51	-148.32787282700	60.17377363670	1316
51	-148.44375182800	60.02659343510	1316
51	-148.43206976000	59.95216549830	1316
51	-148.54377543200	60.02856277450	1316
51	-148.54543197800	59.95969331410	1316
51	-148.58483878000	59.94431836350	1316
51	-148.64573273500	59.92055534560	1316
51	-149.07268635700	59.96111075590	1317
51	-149.11852553100	59.98443886650	1317
51	-149.03990903500	60.04805014450	1317
51	-149.10988956800	60.05054458410	1317
51	-149.27742488300	59.86693539620	1317
51	-149.29742585000	60.01498722360	1317
51	-149.41910633900	60.11776256830	1317
51	-149.39242719200	59.99692500620	1317
51	-149.63018493700	59.82415585190	1317
51	-149.52797901500	59.71610618940	1317
51	-149.63241376900	59.74305213170	1318
51	-149.64965470100	59.89970489510	1318
51	-149.72573385300	59.96247994700	1318
51	-149.76104403800	59.83525896850	1318
51	-149.86574909900	59.84553115730	1318
51	-149.76687375500	59.77943015350	1318
51	-149.74572565400	59.65804456150	1318
51	-150.03631205700	59.79581519100	1318
51	-149.91796470100	59.71414952030	1318
51	-149.95879564500	59.66637366690	1318
51	-150.02657280500	59.62830857120	1319
51	-150.13127915900	59.69442035120	1319
51	-150.08906834400	59.58747375310	1319
51	-150.18656817900	59.59136206000	1319
51	-150.17795716800	59.52997605460	1319
51	-150.37596788600	59.46496858220	1319
51	-150.23461043500	59.71747439220	1319
51	-150.48375194600	59.46108167280	1319
51	-150.55489220400	59.52079516420	1319
51	-150.49237246400	59.59663428540	1319
51	-150.65682052800	59.54551814630	1320
51	-150.57319869700	59.48801818870	1320
51	-150.63737284600	59.45913028770	1320
51	-150.60181875000	59.43329049010	1320
51	-150.92345880700	59.31689765130	1320
51	-150.88290042200	59.25661783520	1320
51	-150.95946840900	59.20177988940	1320
51	-151.04653594500	59.29688821920	1320
51	-151.25794251800	59.31354129710	1320
51	-151.11346388600	59.21327029490	1320
51	-151.41682751100	59.25797263480	1321
51	-151.72544240100	59.16014497140	1321
51	-151.76075037900	59.22098702360	1321
51	-151.97403580200	59.27043598100	1321
51	-151.93932863800	59.34352080880	1321
51	-151.81459487400	59.35269704310	1321
51	-151.90126788800	59.40742752350	1321
51	-151.68518619400	59.47632258890	1321
51	-151.37319100500	59.44048855120	1321
51	-151.44043300000	59.53327032680	1321
51	-151.17237375600	59.59716401670	1322
51	-151.19432583000	59.64466526210	1322
51	-150.99489114900	59.77661607960	1322
51	-151.42961543300	59.65937981250	1322
51	-151.47322253900	59.63355280290	1322
51	-151.41102061200	59.60244070950	1322
51	-151.87130095700	59.74326971830	1322
51	-151.72107301000	60.02133213170	1322
51	-151.43416839600	60.20607425810	1322
51	-151.39390635400	60.35968671160	1322
51	-151.30610807200	60.38496819960	1323
51	-151.27752795500	60.53858942540	1323
51	-151.41114557700	60.72692534350	1323
51	-151.05417438100	60.78721026850	1323
51	-150.44112505700	61.02971642290	1323
51	-150.05580298400	60.90498209720	1323
51	-149.81746065600	60.97387534040	1323
51	-149.03125639100	60.84735815800	1323
51	-149.03023399300	60.84719412510	1323
51	-149.16413193000	60.94414391280	1323
51	-149.35355602300	60.92749615560	1324
51	-150.06639216300	61.15388212360	1324
51	-149.68889934800	61.39389505060	1324
51	-149.24469058300	61.49217222340	1324
51	-149.24443117400	61.49222943760	1324
51	-149.69833315000	61.47167111280	1324
51	-149.88219241800	61.38194178180	1324
51	-149.99804470600	61.23972433980	1324
51	-150.50109816500	61.25222628420	1324
51	-150.57278559000	61.36444989970	1324
51	-150.58999657300	61.28388980320	1325
51	-150.95278995600	61.20832902920	1325
51	-150.97180302300	61.19443514680	1325
51	-151.17029944700	61.04943626190	1325
51	-151.74528367900	60.91582631430	1325
51	-151.80696726300	60.83331677970	1325
51	-151.71224121800	60.72275336790	1325
51	-151.86975227700	60.75276003180	1325
51	-152.06087905900	60.67025682190	1325
51	-152.32418765000	60.49829631340	1325
51	-152.33336982300	60.42996491110	1326
51	-152.24474143800	60.39329892080	1326
51	-152.42448568900	60.29134824760	1326
51	-152.62356640500	60.21938531790	1326
51	-152.88867274300	60.24994871220	1326
51	-152.91449842000	60.30744268030	1326
51	-153.10531862800	60.28882097440	1326
51	-152.94003873100	60.28383557180	1326
51	-152.92390161200	60.23334805460	1326
51	-152.58212727900	60.08105659390	1326
51	-152.70938393600	59.92160722630	1327
51	-153.22025458500	59.86741971610	1327
51	-153.27412515600	59.83324141050	1327
51	-153.01027369200	59.82938093760	1327
51	-153.04667839800	59.70632770320	1327
51	-153.22826115600	59.64324974740	1327
51	-153.42746895800	59.65074685010	1327
51	-153.32547402300	59.72018336100	1327
51	-153.45103401100	59.78851486920	1327
51	-153.49053787500	59.64298171460	1327
51	-153.55809938900	59.62797824110	1328
51	-153.59359056200	59.69324428550	1328
51	-153.70776773900	59.63212213910	1328
51	-153.56529052400	59.60742170560	1328
51	-153.59109433700	59.55546104360	1328
51	-153.87683525700	59.54460710610	1328
51	-153.76715342500	59.51988534810	1328
51	-153.74935060900	59.43515850430	1328
51	-154.14465104300	59.37681038020	1328
51	-153.94963755500	59.35821574970	1328
51	-154.11406615900	59.30320009890	1329
51	-154.12849270900	59.20180927270	1329
51	-154.26294880900	59.14153301590	1329
51	-154.17349851400	59.12180451370	1329
51	-154.15737096600	59.02319412210	1329
51	-154.04266138100	59.07875549700	1329
51	-153.70488394000	59.06848980990	1329
51	-153.42902208800	58.98182670010	1329
51	-153.29263136100	58.87821358190	1329
51	-153.36205611200	58.86766136600	1329
51	-153.26153424300	58.85711048010	1330
51	-153.27355774600	58.85546240670	1330
51	-153.36483253900	58.84294171080	1330
51	-153.44985398400	58.71377277950	1330
51	-153.61068326700	58.63404925440	1330
51	-153.89818531000	58.61348358670	1330
51	-153.97289050400	58.52848317860	1330
51	-153.93206185800	58.50459598920	1330
51	-154.10538702700	58.48125560260	1330
51	-154.00264672600	58.37736587230	1330
51	-154.35652144600	58.28708751160	1331
51	-154.11429338200	58.28069804250	1331
51	-154.24542081500	58.25514398940	1331
51	-154.15573368800	58.22263520180	1331
51	-154.20880650100	58.18958159910	1331
51	-154.30382276600	58.18846581870	1331
51	-154.22633246800	58.13902587490	1331
51	-154.33885821000	58.15513030920	1331
51	-154.33554446700	58.07652107480	1331
51	-154.49346797000	58.19540879230	1331
51	-154.46468757700	58.09123942650	1332
51	-154.60268319700	58.12374280430	1332
51	-154.54273618200	58.06318608430	1332
51	-154.57747529800	58.02152097440	1332
51	-154.66937450400	58.06874860390	1332
51	-154.78491546300	58.00152427070	1332
51	-155.03626361500	58.01901651890	1332
51	-155.12207648000	57.94984661490	1332
51	-155.08239262600	57.88179198030	1332
51	-155.32986401000	57.83511968660	1332
51	-155.31320988900	57.73373003010	1333
51	-155.60542477300	57.79012695380	1333
51	-155.63765461900	57.71900364640	1333
51	-155.58986330700	57.66844950630	1333
51	-155.77211690500	57.64289644250	1333
51	-155.73876120800	57.54844914300	1333
51	-156.03626482300	57.57289458500	1333
51	-156.01709622500	57.52788899540	1333
51	-156.10513965700	57.52566760830	1333
51	-156.03125208300	57.43871542010	1333
51	-156.20401380600	57.47676890550	1334
51	-156.54790838300	57.31510124450	1334
51	-156.56011229000	57.27065175650	1334
51	-156.33705832400	57.28371786200	1334
51	-156.44844433900	57.22426674890	1334
51	-156.38215769400	57.19522642690	1334
51	-156.34510864900	57.17899543640	1334
51	-156.37037466400	57.14121374440	1334
51	-156.47538384000	57.12065042570	1334
51	-156.50928340900	57.04815480310	1334
51	-156.64789595100	57.05231763980	1335
51	-156.55066239800	56.97675749360	1335
51	-156.78177858000	57.04426578880	1335
51	-156.81567611200	56.89703856230	1335
51	-156.95731699600	56.97813759780	1335
51	-156.94620423100	56.90730550250	1335
51	-157.08954435700	56.82286635510	1335
51	-157.19010265000	56.84730040740	1335
51	-157.14902398300	56.81814181990	1335
51	-157.21869313400	56.77062974620	1335
51	-157.45234430800	56.84868167270	1336
51	-157.39844431500	56.76452066640	1336
51	-157.60233290500	56.71812159820	1336
51	-157.48175353900	56.66868554550	1336
51	-157.48315481200	56.61507341100	1336
51	-157.68704922800	56.60839902660	1336
51	-157.78929161100	56.67756411850	1336
51	-158.11231003700	56.56728172310	1336
51	-158.12536894500	56.52505247970	1336
51	-157.85093057100	56.55644516370	1336
51	-157.87896977300	56.46672303950	1337
51	-158.13733110900	56.51199829490	1337
51	-158.14288255300	56.45866130570	1337
51	-158.42510964800	56.44309990180	1337
51	-158.65202580800	56.26365871640	1337
51	-158.53981506000	56.24643375240	1337
51	-158.56230826900	56.29365948130	1337
51	-158.45980290600	56.34032327760	1337
51	-158.20924811000	56.28255893060	1337
51	-158.40178177700	56.23338306760	1337
51	-158.33952017800	56.17227311350	1338
51	-158.12257544200	56.23283281910	1338
51	-158.35950600100	56.12421518070	1338
51	-158.41258215900	56.17198902400	1338
51	-158.41813364400	56.06198819300	1338
51	-158.50344081400	56.09392968220	1338
51	-158.44203315500	55.99282669330	1338
51	-158.56843527600	56.02309699950	1338
51	-158.51094959000	56.05671310580	1338
51	-158.59729925700	56.03532656230	1338
51	-158.60450140800	56.09337098780	1339
51	-158.47591064300	56.18393493260	1339
51	-158.63062848200	56.19921337360	1339
51	-158.56593351900	56.16031986050	1339
51	-158.65787310700	56.10893405660	1339
51	-158.69840140900	56.14448642880	1339
51	-158.66229565700	56.05976249750	1339
51	-158.73812745900	56.03615579890	1339
51	-158.64981253400	56.01781627670	1339
51	-158.67202641600	55.95420914560	1339
51	-158.85670789900	56.01003955210	1340
51	-158.92948937500	55.91364928610	1340
51	-159.36171853700	55.87446822120	1340
51	-159.42652339400	55.78558519460	1340
51	-159.46840231600	55.89614245010	1340
51	-159.54562919600	55.88030247190	1340
51	-159.50574309300	55.75863584970	1340
51	-159.56444723000	55.66756961190	1340
51	-159.62570275400	55.57251341180	1340
51	-159.75795832300	55.60167860180	1340
51	-159.61709986300	55.63418267580	1341
51	-159.70959520700	55.66084662670	1341
51	-159.63376352200	55.69418181050	1341
51	-159.68182740600	55.73723549440	1341
51	-159.62399757100	55.81307543920	1341
51	-159.84316018400	55.85029878290	1341
51	-159.86565554700	55.78280030520	1341
51	-160.04148005900	55.78723691350	1341
51	-160.06702358000	55.69584118130	1341
51	-160.15619663900	55.73028669280	1341
51	-160.15010046300	55.65806440820	1342
51	-160.43592156700	55.64528263560	1342
51	-160.36728982200	55.60167301440	1342
51	-160.50979924000	55.47722062140	1342
51	-160.59424437800	55.60750703920	1342
51	-160.76202668200	55.54361493760	1342
51	-160.65869461000	55.50250237680	1342
51	-160.67367864600	55.46111281750	1342
51	-160.81228293100	55.45083447590	1342
51	-160.90145020300	55.51805712970	1342
51	-161.24560614300	55.34803673370	1343
51	-161.50509366700	55.35859055450	1343
51	-161.48755034400	55.48025893630	1343
51	-161.37588976000	55.57193080990	1343
51	-161.14061978800	55.53221944730	1343
51	-161.56452452800	55.62192242790	1343
51	-161.71341747400	55.51331250570	1343
51	-161.70117494200	55.40469908470	1343
51	-161.90813632700	55.20969012390	1343
51	-162.04425843500	55.23189996940	1343
51	-161.96977836300	55.10107359830	1344
51	-162.08979440500	55.07800700690	1344
51	-162.14096098100	55.11244733130	1344
51	-162.10201533300	55.16522436660	1344
51	-162.22508606400	55.11022986290	1344
51	-162.22616010600	55.02384156120	1344
51	-162.43792192500	55.03365276960	1344
51	-162.52672390800	55.10690295450	1344
51	-162.36339759700	55.10190641440	1344
51	-162.60034273200	55.26884540800	1344
51	-162.56424172300	55.29245926730	1345
51	-162.64813559200	55.29440311750	1345
51	-162.72366274400	55.21856448080	1345
51	-162.60698925700	55.16162031370	1345
51	-162.65035130100	55.06634162350	1345
51	-162.56449747000	54.95439441060	1345
51	-162.65450125500	55.04967093060	1345
51	-162.73753717600	54.94716529970	1345
51	-162.87977773600	54.93105442480	1345
51	-162.97670554700	54.99411148860	1345
51	-162.91951622900	55.01855780020	1346
51	-163.18646149700	55.13883467680	1346
51	-163.24117859200	55.09688686220	1346
51	-163.21090106400	55.01466386830	1346
51	-163.04646805400	54.93660943960	1346
51	-163.36224845300	54.81104837870	1346
51	-163.38782329200	54.85577077090	1346
51	-163.27671338100	54.91188445030	1346
51	-163.35419871000	54.91827245660	1346
51	-163.33781575800	54.95799950770	1346
51	-163.24031259600	54.95661419060	1347
51	-163.32506779200	55.12078167670	1347
51	-163.01898565300	55.24327798590	1347
51	-163.07507276700	55.17272663220	1347
51	-162.88061412100	55.18550208880	1347
51	-162.83477874500	55.22633639070	1347
51	-162.89230726700	55.26523037970	1347
51	-162.49005852400	55.37356947760	1347
51	-162.50370405200	55.44384484320	1347
51	-162.61201132900	55.42662272760	1347
51	-161.78399907500	55.89109273370	1348
51	-161.19870352200	56.00582894450	1348
51	-161.37008813400	55.95055024900	1348
51	-161.24618491600	55.94165681300	1348
51	-160.87646436300	55.98972181650	1348
51	-160.86315538900	55.93194412820	1348
51	-161.02788812100	55.89583122920	1348
51	-160.93038283000	55.87527146210	1348
51	-160.94813992300	55.82305548610	1348
51	-160.79813688400	55.70999713680	1348
51	-160.66148043400	55.73083535800	1349
51	-160.76066577400	55.77583190210	1349
51	-160.78954312900	55.87916474940	1349
51	-160.50316272000	55.86639045880	1349
51	-160.46620113400	55.79278988690	1349
51	-160.25174707400	55.76972980430	1349
51	-160.31675486500	55.82140290390	1349
51	-160.24061217500	55.84528472060	1349
51	-160.57149557400	55.92889738000	1349
51	-160.36954556300	56.26917536160	1349
51	-159.83928001000	56.54002916800	1350
51	-159.21123205900	56.69336204660	1350
51	-159.26625593800	56.69697739960	1350
51	-159.23760119600	56.72725165160	1350
51	-158.86401231200	56.89254324630	1350
51	-159.02764230900	56.79421181020	1350
51	-158.94817685600	56.84004339570	1350
51	-158.79840792900	56.80097196100	1350
51	-158.64262651800	56.76032909770	1350
51	-158.70205868400	56.97643281670	1350
51	-158.65097658300	57.05254568090	1351
51	-158.28737234900	57.32340014440	1351
51	-158.05708465900	57.36284935810	1351
51	-157.94014633900	57.49118087420	1351
51	-157.68071207200	57.56674949710	1351
51	-157.65931379100	57.47395827890	1351
51	-157.39432466200	57.49425111070	1351
51	-157.39905783500	57.55924757830	1351
51	-157.45124283100	57.54452868010	1351
51	-157.42237056900	57.49257944140	1351
51	-157.59458455900	57.48840985450	1352
51	-157.60237211200	57.62118856020	1352
51	-157.70876282600	57.64257981410	1352
51	-157.61209515800	58.08897246880	1352
51	-157.39572945900	58.20591943490	1352
51	-157.14072349900	58.16175635080	1352
51	-157.33710716300	58.23842143990	1352
51	-157.46738340500	58.21147284620	1352
51	-157.56712269700	58.30286312690	1352
51	-157.55129378300	58.39230935570	1352
51	-157.26552143900	58.61099989520	1353
51	-157.22714600400	58.64037036630	1353
51	-156.94046536600	58.73509549840	1353
51	-157.07379936200	58.76342949500	1353
51	-156.94827111500	58.89896547350	1353
51	-156.85742450500	58.99707028110	1353
51	-156.78133707700	59.15065988290	1353
51	-156.86715047000	59.10288305830	1353
51	-156.88548638600	59.00871248120	1353
51	-157.11408879400	58.87370579150	1353
51	-157.15562321700	58.86348167630	1354
51	-158.20104172800	58.60619016040	1354
51	-158.33578257000	58.65867989730	1354
51	-158.36825911200	58.74729746110	1354
51	-158.56690358500	58.81174047290	1354
51	-158.49690313600	58.94840996170	1354
51	-158.42219616700	58.97118547510	1354
51	-158.49467830100	58.99868878720	1354
51	-158.18189863000	59.00869579800	1354
51	-158.02578974800	58.87008434450	1354
51	-157.99493781200	58.90424989980	1355
51	-158.13160609800	59.02758713890	1355
51	-158.42552817800	59.07619842180	1355
51	-158.53915174500	59.17452613590	1355
51	-158.44801886700	59.05396560310	1355
51	-158.72911244500	58.87285089190	1355
51	-158.79079483900	58.96091082890	1355
51	-158.74663663900	58.99229946960	1355
51	-158.82552512200	58.97034822810	1355
51	-158.76469934200	58.91730040510	1355
51	-158.78162670600	58.77034657890	1356
51	-158.88663789700	58.73284573120	1356
51	-158.80412027500	58.79007643940	1356
51	-158.84773287400	58.81478817820	1356
51	-158.91441227500	58.76812470670	1356
51	-158.70632555400	58.49145730320	1356
51	-158.84048203500	58.40172569770	1356
51	-159.05883979000	58.42423034630	1356
51	-159.43190739700	58.78200378730	1356
51	-159.65276738400	58.83561444310	1356
51	-159.62938945200	58.95172881710	1357
51	-159.77081401800	58.93366788000	1357
51	-159.76498326600	58.85339732880	1357
51	-159.92135325000	58.77033354110	1357
51	-160.01803877100	58.88478260220	1357
51	-160.25192893300	58.89477507330	1357
51	-160.32221436800	58.94977595670	1357
51	-160.25528942200	58.98143917890	1357
51	-160.32887128100	59.05894724270	1357
51	-160.83570633800	58.83605663480	1357
51	-160.89888007800	58.88477438850	1358
51	-161.29973001200	58.80920789920	1358
51	-161.26568602600	58.77463495090	1358
51	-161.33378515300	58.73324809320	1358
51	-161.38249067900	58.70365278800	1358
51	-161.34946899400	58.66503236430	1358
51	-161.76527217600	58.55169951630	1358
51	-161.71275330300	58.61253833330	1358
51	-161.75108494500	58.64309430440	1358
51	-161.76658661700	58.59827433600	1358
51	-162.17360984400	58.64892445770	1359
51	-161.89360943000	58.65198113490	1359
51	-161.65779566400	58.79975921390	1359
51	-161.77279193300	58.78226412510	1359
51	-161.79057322400	58.96837209270	1359
51	-161.85724577300	59.02809736070	1359
51	-161.56805538500	59.10282725570	1359
51	-161.85502176700	59.11337629290	1359
51	-161.86752269900	59.06032315690	1359
51	-161.99446259900	59.14337462080	1359
51	-162.05183472400	59.27154969090	1360
51	-162.00138850000	59.30643221240	1360
51	-161.98804976900	59.24309920030	1360
51	-161.96058895500	59.37921114630	1360
51	-161.70750670400	59.49588535790	1360
51	-162.23838896500	60.05977986720	1360
51	-162.19978644600	60.14367446190	1360
51	-162.25368289700	60.19700440990	1360
51	-162.15367699000	60.24478134250	1360
51	-162.28728448700	60.23811961310	1360
51	-162.27144330400	60.16617338460	1361
51	-162.35255913500	60.14006459010	1361
51	-162.33504405600	60.20866929290	1361
51	-162.47451357000	60.29701025700	1361
51	-162.22671498200	60.50562609850	1361
51	-162.22421565200	60.58090649200	1361
51	-161.88171831900	60.70146270090	1361
51	-162.08591205600	60.65784334230	1361
51	-162.16202730100	60.73479411940	1361
51	-162.12671403200	60.64923695030	1361
51	-162.27035999200	60.61201169870	1362
51	-162.44229087600	60.42562125410	1362
51	-162.42312389100	60.37617448130	1362
51	-162.60754168600	60.32756567720	1362
51	-162.55868032000	60.25645126880	1362
51	-162.70226689000	60.26034166190	1362
51	-162.45171330600	60.18672597820	1362
51	-162.51146155100	59.99950507140	1362
51	-162.75395728100	60.00200647940	1362
51	-162.81673097900	59.93477490530	1362
51	-163.36644584900	59.81894192800	1363
51	-164.11031870800	59.83477148770	1363
51	-164.22088721200	59.94504786070	1363
51	-164.11395478500	60.00172118910	1363
51	-164.42700852400	60.09059993580	1363
51	-164.66397779400	60.25921093930	1363
51	-164.65065027800	60.32699099060	1363
51	-164.77731726900	60.29059906970	1363
51	-165.07840507800	60.39087270490	1363
51	-165.14645781200	60.44475161850	1363
51	-165.02787116900	60.46531341540	1364
51	-164.98591294700	60.54336967510	1364
51	-165.25088722800	60.49642462090	1364
51	-165.42758352500	60.55447451000	1364
51	-165.00676323300	60.70031096000	1364
51	-165.03371445200	60.78475965590	1364
51	-164.87231350300	60.84253102370	1364
51	-164.93927256200	60.92669770610	1364
51	-164.84149257400	60.86614416680	1364
51	-164.64539108500	60.90975539020	1364
51	-164.69983094800	60.84669828860	1365
51	-164.65817365400	60.81920258990	1365
51	-164.27179900300	60.78309928470	1365
51	-164.22064790500	60.68810222540	1365
51	-164.43148647800	60.55254295870	1365
51	-163.94733198900	60.78004948370	1365
51	-163.80676404900	60.74394330730	1365
51	-163.80175205300	60.58061423870	1365
51	-163.45369703000	60.67783940320	1365
51	-163.47146173400	60.75062461100	1365
51	-163.41094445000	60.74978582900	1366
51	-163.93122089800	60.85144490190	1366
51	-163.56009182700	60.88783897490	1366
51	-163.75818626100	60.93310656510	1366
51	-163.67954344200	60.99116808930	1366
51	-163.96009111600	60.85477806610	1366
51	-164.55981880900	60.85004112680	1366
51	-164.63928841700	60.92808884670	1366
51	-164.87097658000	60.94695444390	1366
51	-164.93834320000	60.95243932750	1366
51	-164.99002276800	60.93483395880	1367
51	-165.07424859700	60.90614271280	1367
51	-165.11056506000	60.92255694960	1367
51	-165.19287188600	60.95975317300	1367
51	-164.76789696900	61.11031551250	1367
51	-164.99564760000	61.11197602680	1367
51	-165.04843943700	61.05689162080	1367
51	-165.18732693700	61.12280717850	1367
51	-165.06483272700	61.21058332190	1367
51	-165.14094408100	61.25586180100	1367
51	-165.08509633600	61.21308540880	1368
51	-165.15345377800	61.15530055650	1368
51	-165.37232516300	61.20002865860	1368
51	-165.21009715400	61.26281146320	1368
51	-165.20289431200	61.32308224740	1368
51	-165.25929172700	61.32752977560	1368
51	-165.15705546600	61.35835986640	1368
51	-165.15290599400	61.41613685730	1368
51	-164.84761565600	61.49364331900	1368
51	-164.71844365700	61.62475737190	1368
51	-165.16290114500	61.43109803000	1369
51	-165.28984037100	61.33307599160	1369
51	-165.22425731500	61.27391186010	1369
51	-165.40983068500	61.20752779110	1369
51	-165.34369793100	61.15641242260	1369
51	-165.37536966600	61.06947633030	1369
51	-165.60174518200	61.11225119320	1369
51	-165.64984598000	61.23696549770	1369
51	-165.61121425800	61.28001818520	1369
51	-165.87092014700	61.32640127430	1369
51	-165.92399453000	61.41278720610	1370
51	-165.77983361200	61.45668282740	1370
51	-165.79540201100	61.51889936670	1370
51	-165.89318080800	61.55389426690	1370
51	-166.13011038000	61.49667332530	1370
51	-166.20012683100	61.58806491410	1370
51	-166.16485899900	61.71306605020	1370
51	-166.13958355800	61.63390258330	1370
51	-165.76486368200	61.68778735000	1370
51	-166.00207820600	61.72639750240	1370
51	-166.10096295000	61.81528706800	1371
51	-165.59180782400	61.85029919850	1371
51	-165.75877837400	61.99196051520	1371
51	-165.70571646300	62.11280414930	1371
51	-165.08324973400	62.52892096990	1371
51	-164.86990438900	62.53447824740	1371
51	-164.85351192300	62.47058236420	1371
51	-164.61074432200	62.43087532940	1371
51	-164.75435420600	62.37114250180	1371
51	-164.57601515400	62.42448239870	1371
51	-164.68020412900	62.46420696640	1372
51	-164.63604915900	62.51059436680	1372
51	-164.83572114500	62.48086704350	1372
51	-164.79352028800	62.54031589560	1372
51	-164.85739458400	62.56447720980	1372
51	-164.48158838500	62.74504087580	1372
51	-164.79492937600	62.61087251350	1372
51	-164.88994338100	62.78058754520	1372
51	-164.76662412000	62.78864613030	1372
51	-164.88021328000	62.83475688610	1372
51	-164.71107205400	63.01421315990	1373
51	-164.31663099300	63.01060294830	1373
51	-164.59023210500	63.13282483820	1373
51	-164.38302281100	63.21976712950	1373
51	-164.14721335400	63.25950483540	1373
51	-163.72773618600	63.21394598130	1373
51	-163.63410309400	63.14255805500	1373
51	-163.66440542500	63.11116966150	1373
51	-163.54273216300	63.12199830030	1373
51	-163.80551615600	62.98283178380	1373
51	-163.54135815900	63.10533542530	1374
51	-163.34411813000	63.02116891040	1374
51	-163.06384434900	63.05922675910	1374
51	-162.68275015900	63.22978735770	1374
51	-162.61858962700	63.27058294320	1374
51	-162.27553647300	63.48868433160	1374
51	-162.31440429100	63.54036377070	1374
51	-162.01692652900	63.48091814060	1374
51	-162.15718346300	63.42508049900	1374
51	-161.15412481000	63.51176404250	1374
51	-160.78887009200	63.74011060210	1375
51	-160.77499601300	63.85428137240	1375
51	-160.94332260600	64.06705330430	1375
51	-160.96390833500	64.23705723650	1375
51	-161.25312238800	64.39206144930	1375
51	-161.19614625600	64.41484510640	1375
51	-161.54088466000	64.38567554550	1375
51	-161.40286361500	64.53401847450	1375
51	-161.00477352300	64.52152672840	1375
51	-161.08504187000	64.54957365400	1375
51	-160.82005359400	64.61485314140	1376
51	-160.78423717600	64.71570255870	1376
51	-161.15816719400	64.92262779750	1376
51	-160.99285154500	64.93790487450	1376
51	-161.19732231900	64.93430012460	1376
51	-161.37758876400	64.78735203040	1376
51	-161.55037862500	64.74483562150	1376
51	-161.80370873200	64.82123157650	1376
51	-161.71786108500	64.78761768810	1376
51	-161.89036766500	64.71067656850	1376
51	-162.11674519300	64.71511293120	1377
51	-162.57895792800	64.52010491150	1377
51	-162.63421911400	64.38676632560	1377
51	-162.78064747200	64.33619385040	1377
51	-162.87230308900	64.45730445540	1377
51	-162.82979255700	64.49508717370	1377
51	-163.05314811200	64.55119385660	1377
51	-163.15702777600	64.65591449700	1377
51	-163.39064204100	64.59231370890	1377
51	-163.03981377700	64.51536625520	1377
51	-163.17840937400	64.40675324940	1378
51	-163.56620569700	64.56563904120	1378
51	-164.36008815000	64.57896661830	1378
51	-164.72621893400	64.48423363990	1378
51	-164.66790241000	64.52229052270	1378
51	-164.89262785800	64.48505397770	1378
51	-164.93095693000	64.53311916010	1378
51	-164.92289830800	64.45673254180	1378
51	-164.76985730100	64.47451278170	1378
51	-165.03123083400	64.44310399570	1378
51	-166.23955591200	64.59532018130	1379
51	-166.49262670800	64.73420457750	1379
51	-166.38987919800	64.89059613240	1379
51	-166.70044202000	64.99225847420	1379
51	-166.92183170900	65.13084459950	1379
51	-166.96129980400	65.20975687420	1379
51	-166.85852567900	65.28309560030	1379
51	-166.92628887500	65.14504322980	1379
51	-166.68711830300	65.11587233750	1379
51	-166.54572757100	65.13115063140	1379
51	-166.46766655300	65.18532305260	1380
51	-166.48711161800	65.23393831200	1380
51	-166.37654838900	65.26838113630	1380
51	-166.05406472600	65.25117483750	1380
51	-166.62961728000	65.36338038410	1380
51	-167.45991980500	65.41807845550	1380
51	-168.06750453000	65.57949304440	1380
51	-168.12443194000	65.67364330770	1380
51	-167.84915959300	65.76061336680	1380
51	-168.03473788500	65.68837062480	1380
51	-168.04446839700	65.63393934430	1381
51	-167.82000959900	65.71727669200	1381
51	-167.52055832500	65.72950391190	1381
51	-167.57443286800	65.79588269710	1381
51	-167.35638581200	65.88674160850	1381
51	-167.04888008700	65.87533306390	1381
51	-166.87553964800	65.93367223970	1381
51	-166.96777018400	65.97256700790	1381
51	-166.79637873100	65.98035190350	1381
51	-166.71749666600	66.06145621650	1381
51	-166.26974490500	66.17842533470	1382
51	-165.80943069300	66.10231965430	1382
51	-165.50361303400	66.14427269390	1382
51	-165.87914674400	66.22176825120	1382
51	-165.76919990700	66.31704885990	1382
51	-165.16391483100	66.44261280430	1382
51	-165.03609958100	66.39344970680	1382
51	-164.72028012100	66.54873239920	1382
51	-164.39950762500	66.58865475710	1382
51	-164.35638562900	66.59402656020	1382
51	-163.93662124100	66.60772658670	1383
51	-163.62776020800	66.56653629350	1383
51	-163.94081545500	66.58014554040	1383
51	-163.75748704700	66.51737134510	1383
51	-163.89691664800	66.39180026440	1383
51	-163.85717391600	66.27624054590	1383
51	-164.19024619600	66.19038718520	1383
51	-163.92467582700	66.20734351040	1383
51	-163.83357140800	66.11150008640	1383
51	-163.65912551000	66.06984424860	1383
51	-162.76022488800	66.10652660010	1384
51	-162.66716718500	65.99679808210	1384
51	-162.15465485500	66.07681030480	1384
51	-161.81910695900	65.97432021450	1384
51	-161.84102237000	66.01237625840	1384
51	-161.72576314000	66.07988473560	1384
51	-161.78466217500	66.07793027450	1384
51	-161.53330677100	66.26710179110	1384
51	-161.08995145600	66.24099946750	1384
51	-161.11047274700	66.13406322100	1384
51	-161.17855477200	66.11681955930	1385
51	-161.06716954900	66.13209539290	1385
51	-161.00497239800	66.25101078070	1385
51	-161.12938575500	66.33905389840	1385
51	-161.72411911500	66.40377371030	1385
51	-161.91246964200	66.36571466790	1385
51	-161.85911527500	66.28127055440	1385
51	-161.91273319800	66.27376226010	1385
51	-161.96468077100	66.33209767330	1385
51	-161.87524640700	66.43682356720	1385
51	-161.90888925000	66.53460415960	1386
51	-162.22666079300	66.70987778790	1386
51	-162.50391768700	66.73737042140	1386
51	-162.63417550300	66.86209569080	1386
51	-162.48336824300	66.95543859570	1386
51	-162.32696782300	66.95655497080	1386
51	-162.01753298400	66.77627520970	1386
51	-162.07806489200	66.65737401400	1386
51	-161.57524855100	66.44654976980	1386
51	-161.18888250500	66.53794068690	1386
51	-160.82524384800	66.37766366620	1387
51	-160.23329204200	66.39908373180	1387
51	-160.21246052900	66.52379781470	1387
51	-160.32413382700	66.60241075000	1387
51	-160.24302152800	66.64352107140	1387
51	-160.54499051200	66.58629215020	1387
51	-160.84136001500	66.66212477610	1387
51	-161.14305854800	66.64684561770	1387
51	-161.25217579400	66.54822440190	1387
51	-161.50942331700	66.53322396370	1387
51	-161.90058791600	66.72766585090	1388
51	-161.80310144300	66.89907014720	1388
51	-161.51977927300	66.98655259820	1388
51	-161.87059056400	67.05127663690	1388
51	-162.23725242300	67.00656059690	1388
51	-162.30033835900	67.06822146910	1388
51	-162.29920190500	67.00266850700	1388
51	-162.45502084900	66.98821564810	1388
51	-162.33171921000	67.14906328160	1388
51	-162.37920571600	67.16294803850	1388
51	-162.57086642300	67.00821797410	1389
51	-163.72474408700	67.11012643460	1389
51	-163.82536480500	67.35402296140	1389
51	-164.02290369800	67.54625143790	1389
51	-164.70986542300	67.82763064010	1389
51	-165.28745312700	68.01367943930	1389
51	-165.36434533000	68.03845025010	1389
51	-165.92212593900	68.13009959490	1389
51	-166.29077409000	68.29148771280	1389
51	-166.83079543000	68.35008876390	1389
51	-166.31495887500	68.39871306390	1390
51	-166.36965205500	68.43843153720	1390
51	-166.22886270600	68.57178433220	1390
51	-166.20138438000	68.69593347310	1390
51	-166.23501018800	68.87428108190	1390
51	-164.32779117000	68.92987632870	1390
51	-163.56393976300	69.14434525030	1390
51	-163.18733333100	69.41823992220	1390
51	-163.27371138300	69.29323468780	1390
51	-163.12342174300	69.38409029470	1390
51	-163.06846327400	69.56743620180	1391
51	-163.14848731500	69.60186060980	1391
51	-162.94431159900	69.69214220550	1391
51	-163.02934043300	69.72798404000	1391
51	-162.96599622100	69.77771713090	1391
51	-161.95581912300	70.30302226490	1391
51	-161.71305307500	70.27026545090	1391
51	-161.89889800100	70.25581190500	1391
51	-161.78601134200	70.22148127200	1391
51	-162.00867210400	70.19243265570	1391
51	-162.12412573400	70.15497812130	1392
51	-161.70361119900	70.19247557270	1392
51	-161.61664773300	70.25499334630	1392
51	-160.95250930500	70.28942902000	1392
51	-160.97918766500	70.32388374300	1392
51	-160.15371524600	70.60418121810	1392
51	-159.94090095300	70.59280878990	1392
51	-159.92312467000	70.53807409890	1392
51	-160.20201790300	70.47110955600	1392
51	-159.92365972200	70.48307943150	1392
51	-160.13221616900	70.31780053240	1393
51	-159.94472078100	70.36362867410	1393
51	-159.77306710000	70.19167406780	1393
51	-159.89003801600	70.39114250610	1393
51	-159.81755216400	70.49501504960	1393
51	-159.67747448600	70.46633856540	1393
51	-159.28894871300	70.53004830500	1393
51	-159.73335494800	70.49280464450	1393
51	-159.94173526400	70.63223879880	1393
51	-160.12117635000	70.60445983600	1393
51	-159.67151202900	70.79753425130	1394
51	-159.16542242200	70.88032933010	1394
51	-159.37260194800	70.84338126420	1394
51	-159.15125030200	70.81950622600	1394
51	-159.44845625300	70.77921380800	1394
51	-159.22065154000	70.68726714030	1394
51	-159.28124324700	70.75616137590	1394
51	-159.00286305800	70.77173338610	1394
51	-159.08093575600	70.81311446280	1394
51	-158.68455800400	70.78506063630	1394
51	-158.34233003100	70.81702070700	1395
51	-158.51180454800	70.84840552260	1395
51	-157.88388656300	70.85589649110	1395
51	-157.27874154200	71.04843747810	1395
51	-156.81988450700	71.29984394930	1395
51	-156.48569440000	71.40623535330	1395
51	-156.37958135000	71.37234597000	1395
51	-156.60485951600	71.34957672260	1395
51	-156.45042942000	71.26319772010	1395
51	-156.10484204900	71.24124590270	1395
51	-156.04651639500	71.20930936860	1396
